run_name,condition,base,seed,encoder_credit,retirement,project,training_steps,preflight_steps,family,policy_id,target_env_steps,actual_env_steps,window_limit,scalar_window_limit,environment,frameskip,snapshot_path,valid_sample_count,in_bounds_fraction,visited_cell_fraction,active_unit_fraction,silent_unit_fraction,active_unit_mean_spatial_information,active_only_map_cosine,unique_active_peak_bins,mean_physical_step_distance,stationary_step_fraction,path_efficiency,mean_absolute_circular_yaw_change,mono_field_unit_fraction,mean_primary_secondary_peak_distance,median_dominant_peak_nearest_neighbor_distance,graph_available,graph_reliable_edge_count,graph_reliable_edge_density,graph_largest_weak_component_size,graph_largest_strong_component_size,graph_reachable_pair_fraction,graph_mean_reachable_shortest_path_hops,graph_median_reachable_shortest_path_hops,graph_reliable_global_efficiency,graph_undirected_clustering,graph_directed_reciprocity,graph_small_world_propensity,graph_max_total_degree_fraction,graph_degree_herfindahl,graph_spatial_endpoint_valid_fraction,graph_reliable_edge_peak_distance_mean,graph_tctrl_peak_distance_correlation,graph_tctrl_peak_distance_pair_count,graph_prospective_attempt_count,graph_prospective_success_count,graph_prospective_success_fraction,graph_grounded_controllability
SCR_C15_ARR_DIRO_S123,SCR_C15_ARR_DIRO,C15,123,arrival,dir_open,SF_IntrMotiv_SourceCreditRetirement,75000000,5000000,c15_ucb_direct_immediate_film,0,75000000,75005952,100000,10000,openfield_map2_fixed_loc3_fixedlength_noreward,8,/work/classic/fr_xl1014-train/IntrMotiv/SF_hipposlam/train_dir/analysis/online_spatial/intrmotiv_source_credit_retirement_20260904/SCR_C15_ARR_DIRO_S123/policy_00/snapshot_target_000075000000_actual_000075005952.npz,100000.0,1.0,0.8781163434903048,1.0,0.0,0.1344110369682312,0.1448195460137298,15.0,34.4220085144043,0.0140464009276117,0.0896587306400117,15.62308406829834,0.0625,1228.870849609375,120.71067810058594,1,59.0,0.2458333373069763,16.0,13.0,0.8208333253860474,2.1928935050964355,2.0,0.4788888990879059,0.5369009375572205,0.2711864411830902,0.7008286714553833,0.1525423675775528,0.0761275514960289,0.0,0.0,0.0,0.0,28483.0,13113.0,0.4603798687458038,0.0
SCR_C15_ARR_DIRO_S8,SCR_C15_ARR_DIRO,C15,8,arrival,dir_open,SF_IntrMotiv_SourceCreditRetirement,75000000,5000000,c15_ucb_direct_immediate_film,0,75000000,75005952,100000,10000,openfield_map2_fixed_loc3_fixedlength_noreward,8,/work/classic/fr_xl1014-train/IntrMotiv/SF_hipposlam/train_dir/analysis/online_spatial/intrmotiv_source_credit_retirement_20260904/SCR_C15_ARR_DIRO_S8/policy_00/snapshot_target_000075000000_actual_000075005952.npz,100000.0,1.0,0.8808864265927978,1.0,0.0,0.1470853388309478,0.152085137579262,14.0,34.006500244140625,0.017617739802665,0.1097040683841683,16.650741577148438,0.0625,1376.9049072265625,50.0,1,75.0,0.3125,16.0,12.0,0.7749999761581421,1.827957034111023,2.0,0.5168055295944214,0.5971680879592896,0.3466666638851166,0.7110602855682373,0.1000000014901161,0.0703111141920089,0.0,0.0,0.0,0.0,20721.0,9125.0,0.440374493598938,0.0
SCR_C15_ARR_DIRO_S99,SCR_C15_ARR_DIRO,C15,99,arrival,dir_open,SF_IntrMotiv_SourceCreditRetirement,75000000,5000000,c15_ucb_direct_immediate_film,0,75000000,75005952,100000,10000,openfield_map2_fixed_loc3_fixedlength_noreward,8,/work/classic/fr_xl1014-train/IntrMotiv/SF_hipposlam/train_dir/analysis/online_spatial/intrmotiv_source_credit_retirement_20260904/SCR_C15_ARR_DIRO_S99/policy_00/snapshot_target_000075000000_actual_000075005952.npz,100000.0,1.0,0.8808864265927978,1.0,0.0,0.1338976770639419,0.1719649142279197,16.0,34.32742691040039,0.015228426395939,0.1089951827083813,16.558603286743164,0.125,1224.622802734375,223.60679626464844,1,49.0,0.2041666656732559,16.0,12.0,0.7708333134651184,2.394594669342041,2.0,0.4197222292423248,0.4340773820877075,0.2040816396474838,0.5073979496955872,0.1020408198237419,0.0697626024484634,0.0204081628471612,100.0,0.0,1.0,27429.0,11882.0,0.4331911504268646,0.0088406354188919
SCR_C15_ARR_DIRS_S123,SCR_C15_ARR_DIRS,C15,123,arrival,dir_silent,SF_IntrMotiv_SourceCreditRetirement,75000000,5000000,c15_ucb_direct_immediate_film,0,75000000,75005952,100000,10000,openfield_map2_fixed_loc3_fixedlength_noreward,8,/work/classic/fr_xl1014-train/IntrMotiv/SF_hipposlam/train_dir/analysis/online_spatial/intrmotiv_source_credit_retirement_20260904/SCR_C15_ARR_DIRS_S123/policy_00/snapshot_target_000075000000_actual_000075005952.npz,100000.0,1.0,0.8808864265927978,1.0,0.0,0.2418007552623748,0.0604656049974433,13.0,38.00962829589844,0.0068351726593093,0.0941577274551228,15.579581260681152,0.6875,1263.3126220703125,100.0,1,66.0,0.2750000059604645,16.0,14.0,0.8833333253860474,2.264150857925415,2.0,0.5161111354827881,0.6145653128623962,0.4242424368858337,0.2909697890281677,0.1060606092214584,0.0720844790339469,0.7878788113594055,256.8138122558594,-0.0499340184032917,52.0,27550.0,13711.0,0.4976769387722015,0.3921091258525848
SCR_C15_ARR_DIRS_S8,SCR_C15_ARR_DIRS,C15,8,arrival,dir_silent,SF_IntrMotiv_SourceCreditRetirement,75000000,5000000,c15_ucb_direct_immediate_film,0,75000000,75005952,100000,10000,openfield_map2_fixed_loc3_fixedlength_noreward,8,/work/classic/fr_xl1014-train/IntrMotiv/SF_hipposlam/train_dir/analysis/online_spatial/intrmotiv_source_credit_retirement_20260904/SCR_C15_ARR_DIRS_S8/policy_00/snapshot_target_000075000000_actual_000075005952.npz,100000.0,1.0,0.8781163434903048,1.0,0.0,0.1459800601005554,0.147073281389198,13.0,33.129207611083984,0.0138953878705267,0.0794007400549471,16.778608322143555,0.0,1178.7607421875,50.0,1,60.0,0.25,16.0,13.0,0.8208333253860474,1.923857927322388,2.0,0.5062500238418579,0.5097222328186035,0.1666666716337204,0.5094075202941895,0.1000000014901161,0.0704166665673255,0.0,0.0,0.0,0.0,28712.0,13037.0,0.4540610313415527,0.0
SCR_C15_ARR_DIRS_S99,SCR_C15_ARR_DIRS,C15,99,arrival,dir_silent,SF_IntrMotiv_SourceCreditRetirement,75000000,5000000,c15_ucb_direct_immediate_film,0,75000000,75005952,100000,10000,openfield_map2_fixed_loc3_fixedlength_noreward,8,/work/classic/fr_xl1014-train/IntrMotiv/SF_hipposlam/train_dir/analysis/online_spatial/intrmotiv_source_credit_retirement_20260904/SCR_C15_ARR_DIRS_S99/policy_00/snapshot_target_000075000000_actual_000075005952.npz,100000.0,1.0,0.8808864265927978,1.0,0.0,0.1366349756717682,0.2107915241786706,16.0,32.3043327331543,0.0783230584549024,0.2751091367976647,16.83308982849121,0.0625,1476.0968017578125,120.71067810058594,1,87.0,0.3625000119209289,16.0,16.0,1.0,1.7166666984558103,2.0,0.668055534362793,0.6221590638160706,0.4367816150188446,0.2430116385221481,0.0919540226459503,0.0670498088002204,0.0,0.0,0.0,0.0,32105.0,13684.0,0.4262264370918274,0.0
SCR_C15_ARR_MON_S123,SCR_C15_ARR_MON,C15,123,arrival,monitor,SF_IntrMotiv_SourceCreditRetirement,75000000,5000000,c15_ucb_direct_immediate_film,0,75000000,75005952,100000,10000,openfield_map2_fixed_loc3_fixedlength_noreward,8,/work/classic/fr_xl1014-train/IntrMotiv/SF_hipposlam/train_dir/analysis/online_spatial/intrmotiv_source_credit_retirement_20260904/SCR_C15_ARR_MON_S123/policy_00/snapshot_target_000075000000_actual_000075005952.npz,100000.0,1.0,0.8781163434903048,1.0,0.0,0.1343422681093216,0.172940590550079,16.0,34.29371643066406,0.0183512369791666,0.0967718392953312,16.656572341918945,0.0,944.0687866210938,100.0,1,65.0,0.2708333432674408,16.0,12.0,0.7749999761581421,1.8709677457809448,2.0,0.4958333373069763,0.5505005121231079,0.3076923191547394,0.6683078408241272,0.0923076942563057,0.0689940825104713,0.0,0.0,0.0,0.0,27972.0,12227.0,0.4371156990528106,0.0
SCR_C15_ARR_MON_S8,SCR_C15_ARR_MON,C15,8,arrival,monitor,SF_IntrMotiv_SourceCreditRetirement,75000000,5000000,c15_ucb_direct_immediate_film,0,75000000,75005952,100000,10000,openfield_map2_fixed_loc3_fixedlength_noreward,8,/work/classic/fr_xl1014-train/IntrMotiv/SF_hipposlam/train_dir/analysis/online_spatial/intrmotiv_source_credit_retirement_20260904/SCR_C15_ARR_MON_S8/policy_00/snapshot_target_000075000000_actual_000075005952.npz,100000.0,1.0,0.8808864265927978,1.0,0.0,0.2241869121789932,0.0608370107820961,15.0,35.16691970825195,0.0243093697872167,0.1615486384069633,16.83172607421875,0.3333333333333333,1611.5399169921875,100.0,1,84.0,0.3499999940395355,16.0,15.0,0.9375,1.808888912200928,2.0,0.6166666746139526,0.7029609084129333,0.3333333432674408,1.0,0.1071428582072258,0.0710742622613906,0.1071428582072258,636.0655517578125,0.0402665771543979,9.0,42341.0,21149.0,0.4994922280311584,0.0535170249640941
SCR_C15_ARR_MON_S99,SCR_C15_ARR_MON,C15,99,arrival,monitor,SF_IntrMotiv_SourceCreditRetirement,75000000,5000000,c15_ucb_direct_immediate_film,0,75000000,75005952,100000,10000,openfield_map2_fixed_loc3_fixedlength_noreward,8,/work/classic/fr_xl1014-train/IntrMotiv/SF_hipposlam/train_dir/analysis/online_spatial/intrmotiv_source_credit_retirement_20260904/SCR_C15_ARR_MON_S99/policy_00/snapshot_target_000075000000_actual_000075005952.npz,100000.0,1.0,0.8808864265927978,1.0,0.0,0.1079485043883323,0.2505013018505394,13.0,32.613521575927734,0.0326423078488017,0.2476892568585246,16.662260055541992,0.0,999.3993530273438,100.0,1,70.0,0.2916666567325592,16.0,16.0,1.0,2.075000047683716,2.0,0.5905555486679077,0.5577831864356995,0.342857152223587,0.1967690736055374,0.0928571447730064,0.0687755122780799,0.0,0.0,0.0,0.0,31771.0,14345.0,0.4515123963356018,0.0
SCR_C15_ARR_PREDO_S123,SCR_C15_ARR_PREDO,C15,123,arrival,pred_open,SF_IntrMotiv_SourceCreditRetirement,75000000,5000000,c15_ucb_direct_immediate_film,0,75000000,75005952,100000,10000,openfield_map2_fixed_loc3_fixedlength_noreward,8,/work/classic/fr_xl1014-train/IntrMotiv/SF_hipposlam/train_dir/analysis/online_spatial/intrmotiv_source_credit_retirement_20260904/SCR_C15_ARR_PREDO_S123/policy_00/snapshot_target_000075000000_actual_000075005952.npz,100000.0,1.0,0.8808864265927978,1.0,0.0,0.1577991098165512,0.1386621721310702,15.0,37.69344329833984,0.0094802156443901,0.1313175635009866,16.78600311279297,0.0,950.9740600585938,170.71067810058594,1,94.0,0.3916666805744171,16.0,16.0,1.0,1.7999999523162842,2.0,0.6649305820465088,0.6667041182518005,0.3829787373542785,0.974839985370636,0.1010638326406478,0.0668288841843605,0.0,0.0,0.0,0.0,34183.0,15294.0,0.4474153816699981,0.0
SCR_C15_ARR_PREDO_S8,SCR_C15_ARR_PREDO,C15,8,arrival,pred_open,SF_IntrMotiv_SourceCreditRetirement,75000000,5000000,c15_ucb_direct_immediate_film,0,75000000,75005952,100000,10000,openfield_map2_fixed_loc3_fixedlength_noreward,8,/work/classic/fr_xl1014-train/IntrMotiv/SF_hipposlam/train_dir/analysis/online_spatial/intrmotiv_source_credit_retirement_20260904/SCR_C15_ARR_PREDO_S8/policy_00/snapshot_target_000075000000_actual_000075005952.npz,100000.0,1.0,0.8808864265927978,1.0,0.0,0.1508094221353531,0.1418459446170937,15.0,34.34572982788086,0.0149426807311639,0.0850710026710057,16.787723541259766,0.0,1051.9608154296875,308.1138916015625,1,70.0,0.2916666567325592,16.0,16.0,1.0,1.987499952316284,2.0,0.6010416746139526,0.546279788017273,0.3714285790920257,0.5547081232070923,0.0857142880558967,0.0658163279294967,0.0,0.0,0.0,0.0,31637.0,14322.0,0.4526977837085724,0.0
SCR_C15_ARR_PREDO_S99,SCR_C15_ARR_PREDO,C15,99,arrival,pred_open,SF_IntrMotiv_SourceCreditRetirement,75000000,5000000,c15_ucb_direct_immediate_film,0,75000000,75005952,100000,10000,openfield_map2_fixed_loc3_fixedlength_noreward,8,/work/classic/fr_xl1014-train/IntrMotiv/SF_hipposlam/train_dir/analysis/online_spatial/intrmotiv_source_credit_retirement_20260904/SCR_C15_ARR_PREDO_S99/policy_00/snapshot_target_000075000000_actual_000075005952.npz,100000.0,1.0,0.8808864265927978,1.0,0.0,0.1409110128879547,0.1542855648973021,15.0,34.98883056640625,0.0154126312362659,0.1112680964162913,16.75900650024414,0.0,1275.681640625,100.0,1,61.0,0.2541666626930237,16.0,15.0,0.9375,2.1422221660614014,2.0,0.5408333539962769,0.4295634925365448,0.2622950673103332,0.2573854625225067,0.0983606576919555,0.0721580237150192,0.0,0.0,0.0,0.0,25156.0,10778.0,0.428446501493454,0.0
SCR_C15_ARR_PREDS_S123,SCR_C15_ARR_PREDS,C15,123,arrival,pred_silent,SF_IntrMotiv_SourceCreditRetirement,75000000,5000000,c15_ucb_direct_immediate_film,0,75000000,75005952,100000,10000,openfield_map2_fixed_loc3_fixedlength_noreward,8,/work/classic/fr_xl1014-train/IntrMotiv/SF_hipposlam/train_dir/analysis/online_spatial/intrmotiv_source_credit_retirement_20260904/SCR_C15_ARR_PREDS_S123/policy_00/snapshot_target_000075000000_actual_000075005952.npz,100000.0,1.0,0.8781163434903048,1.0,0.0,0.1594596207141876,0.1269814035508621,14.0,39.10671615600586,0.0069880277893623,0.080045331167898,16.79666519165039,0.0625,1000.8892822265624,211.80340576171875,1,52.0,0.2166666686534881,16.0,14.0,0.875,2.452380895614624,2.0,0.4702083468437195,0.4049107134342193,0.3076923191547394,0.4488926529884338,0.1057692319154739,0.0723002925515174,0.0,0.0,0.0,0.0,26381.0,11515.0,0.436488389968872,0.0
SCR_C15_ARR_PREDS_S8,SCR_C15_ARR_PREDS,C15,8,arrival,pred_silent,SF_IntrMotiv_SourceCreditRetirement,75000000,5000000,c15_ucb_direct_immediate_film,0,75000000,75005952,100000,10000,openfield_map2_fixed_loc3_fixedlength_noreward,8,/work/classic/fr_xl1014-train/IntrMotiv/SF_hipposlam/train_dir/analysis/online_spatial/intrmotiv_source_credit_retirement_20260904/SCR_C15_ARR_PREDS_S8/policy_00/snapshot_target_000075000000_actual_000075005952.npz,100000.0,1.0,0.8808864265927978,1.0,0.0,0.1292263865470886,0.2175641737936794,14.0,33.332313537597656,0.0192180521502039,0.110938543245367,16.772920608520508,0.0,1113.6014404296875,200.0,1,61.0,0.2541666626930237,16.0,12.0,0.762499988079071,2.1366119384765625,2.0,0.4622222185134887,0.5022727251052856,0.1639344245195388,0.447803646326065,0.1229508221149444,0.0718892738223075,0.0,0.0,0.0,0.0,34512.0,15339.0,0.4444541037082672,0.0
SCR_C15_ARR_PREDS_S99,SCR_C15_ARR_PREDS,C15,99,arrival,pred_silent,SF_IntrMotiv_SourceCreditRetirement,75000000,5000000,c15_ucb_direct_immediate_film,0,75000000,75005952,100000,10000,openfield_map2_fixed_loc3_fixedlength_noreward,8,/work/classic/fr_xl1014-train/IntrMotiv/SF_hipposlam/train_dir/analysis/online_spatial/intrmotiv_source_credit_retirement_20260904/SCR_C15_ARR_PREDS_S99/policy_00/snapshot_target_000075000000_actual_000075005952.npz,100000.0,1.0,0.8670360110803325,1.0,0.0,0.1544603705406189,0.1431524581971033,16.0,36.71215057373047,0.0089096826688364,0.0767364767877125,16.84787940979004,0.0,1095.366455078125,211.80340576171875,1,60.0,0.25,16.0,16.0,1.0,2.1083333492279053,2.0,0.5699305534362793,0.5548611283302307,0.4000000059604645,0.8141528367996216,0.1000000014901161,0.0704166665673255,0.0,0.0,0.0,0.0,26609.0,11476.0,0.431282639503479,0.0
SCR_C15_SRC_DIRO_S123,SCR_C15_SRC_DIRO,C15,123,source,dir_open,SF_IntrMotiv_SourceCreditRetirement,75000000,5000000,c15_ucb_direct_immediate_film,0,75000000,75005952,100000,10000,openfield_map2_fixed_loc3_fixedlength_noreward,8,/work/classic/fr_xl1014-train/IntrMotiv/SF_hipposlam/train_dir/analysis/online_spatial/intrmotiv_source_credit_retirement_20260904/SCR_C15_SRC_DIRO_S123/policy_00/snapshot_target_000075000000_actual_000075005952.npz,100000.0,1.0,0.8808864265927978,1.0,0.0,0.0887622982263565,0.3434498962544394,15.0,32.431758880615234,0.0291403396314723,0.1792979976240228,16.515216827392578,0.0,917.9639892578124,282.8427124023437,1,76.0,0.3166666626930237,16.0,16.0,1.0,1.9375,2.0,0.6190972328186035,0.6558881998062134,0.2368421107530594,0.2928724586963653,0.1118421033024787,0.0702908560633659,0.0,0.0,0.0,0.0,41833.0,18309.0,0.4376688301563263,0.0
SCR_C15_SRC_DIRO_S8,SCR_C15_SRC_DIRO,C15,8,source,dir_open,SF_IntrMotiv_SourceCreditRetirement,75000000,5000000,c15_ucb_direct_immediate_film,0,75000000,75005952,100000,10000,openfield_map2_fixed_loc3_fixedlength_noreward,8,/work/classic/fr_xl1014-train/IntrMotiv/SF_hipposlam/train_dir/analysis/online_spatial/intrmotiv_source_credit_retirement_20260904/SCR_C15_SRC_DIRO_S8/policy_00/snapshot_target_000075000000_actual_000075005952.npz,100000.0,1.0,0.8808864265927978,1.0,0.0,0.1474515497684478,0.1884317550263725,14.0,30.05162811279297,0.0803861137387731,0.2450444443282216,16.7148494720459,0.3125,848.6896362304688,100.0,1,97.0,0.4041666686534881,16.0,16.0,1.0,1.649999976158142,2.0,0.6930555701255798,0.6656544804573059,0.3711340129375458,0.8017501831054688,0.0824742242693901,0.065044105052948,0.0824742242693901,212.5,0.5802991390228271,8.0,41701.0,19368.0,0.4644492864608764,0.0383050963282585
SCR_C15_SRC_DIRO_S99,SCR_C15_SRC_DIRO,C15,99,source,dir_open,SF_IntrMotiv_SourceCreditRetirement,75000000,5000000,c15_ucb_direct_immediate_film,0,75000000,75005952,100000,10000,openfield_map2_fixed_loc3_fixedlength_noreward,8,/work/classic/fr_xl1014-train/IntrMotiv/SF_hipposlam/train_dir/analysis/online_spatial/intrmotiv_source_credit_retirement_20260904/SCR_C15_SRC_DIRO_S99/policy_00/snapshot_target_000075000000_actual_000075005952.npz,100000.0,1.0,0.8808864265927978,1.0,0.0,0.1234526559710502,0.1948976837447411,14.0,35.41984176635742,0.0131022135416666,0.1072126694442264,16.55156135559082,0.0,1322.1805419921875,200.0,1,73.0,0.3041666746139526,16.0,16.0,1.0,1.9458333253860476,2.0,0.6128472089767456,0.6040674448013306,0.3013698756694793,0.2506721615791321,0.1301369816064834,0.0691499337553978,0.0,0.0,0.0,0.0,43999.0,19231.0,0.4370781183242798,0.0
SCR_C15_SRC_DIRS_S123,SCR_C15_SRC_DIRS,C15,123,source,dir_silent,SF_IntrMotiv_SourceCreditRetirement,75000000,5000000,c15_ucb_direct_immediate_film,0,75000000,75005952,100000,10000,openfield_map2_fixed_loc3_fixedlength_noreward,8,/work/classic/fr_xl1014-train/IntrMotiv/SF_hipposlam/train_dir/analysis/online_spatial/intrmotiv_source_credit_retirement_20260904/SCR_C15_SRC_DIRS_S123/policy_00/snapshot_target_000075000000_actual_000075005952.npz,100000.0,1.0,0.8808864265927978,1.0,0.0,0.0869534909725189,0.3018218141502044,13.0,33.13076400756836,0.0250602850950825,0.1882382585748736,16.461740493774414,0.0,1169.8289794921875,100.0,1,85.0,0.3541666567325592,16.0,16.0,1.0,1.7666666507720947,2.0,0.6569444537162781,0.5594908595085144,0.3529411852359772,0.0,0.105882354080677,0.0667128041386604,0.0,0.0,0.0,0.0,41059.0,18323.0,0.4462602734565735,0.0
SCR_C15_SRC_DIRS_S8,SCR_C15_SRC_DIRS,C15,8,source,dir_silent,SF_IntrMotiv_SourceCreditRetirement,75000000,5000000,c15_ucb_direct_immediate_film,0,75000000,75005952,100000,10000,openfield_map2_fixed_loc3_fixedlength_noreward,8,/work/classic/fr_xl1014-train/IntrMotiv/SF_hipposlam/train_dir/analysis/online_spatial/intrmotiv_source_credit_retirement_20260904/SCR_C15_SRC_DIRS_S8/policy_00/snapshot_target_000075000000_actual_000075005952.npz,100000.0,1.0,0.8808864265927978,1.0,0.0,0.1567008793354034,0.1710111728244111,15.0,35.02058029174805,0.0218492523649679,0.1318877821244617,15.408685684204102,0.125,1215.3985595703125,316.2277526855469,1,87.0,0.3625000119209289,16.0,16.0,1.0,1.8041666746139529,2.0,0.6538194417953491,0.6855519413948059,0.2988505661487579,0.2928932309150696,0.1034482792019844,0.0664552748203277,0.0114942528307437,300.0,0.0,1.0,29849.0,13451.0,0.4506348669528961,0.0051797111518681
SCR_C15_SRC_DIRS_S99,SCR_C15_SRC_DIRS,C15,99,source,dir_silent,SF_IntrMotiv_SourceCreditRetirement,75000000,5000000,c15_ucb_direct_immediate_film,0,75000000,75005952,100000,10000,openfield_map2_fixed_loc3_fixedlength_noreward,8,/work/classic/fr_xl1014-train/IntrMotiv/SF_hipposlam/train_dir/analysis/online_spatial/intrmotiv_source_credit_retirement_20260904/SCR_C15_SRC_DIRS_S99/policy_00/snapshot_target_000075000000_actual_000075005952.npz,100000.0,1.0,0.8808864265927978,1.0,0.0,0.1383864432573318,0.2203377848153396,13.0,29.349592208862305,0.0410046182328647,0.3133413070192723,14.66974925994873,0.0,1235.802978515625,161.80340576171875,1,63.0,0.262499988079071,16.0,14.0,0.8791666626930237,1.9763033390045168,2.0,0.5315971970558167,0.5332792401313782,0.3492063581943512,0.6308618187904358,0.1111111119389534,0.0743260234594345,0.0,0.0,0.0,0.0,23514.0,10225.0,0.4348473250865936,0.0
SCR_C15_SRC_MON_S123,SCR_C15_SRC_MON,C15,123,source,monitor,SF_IntrMotiv_SourceCreditRetirement,75000000,5000000,c15_ucb_direct_immediate_film,0,75000000,75005952,100000,10000,openfield_map2_fixed_loc3_fixedlength_noreward,8,/work/classic/fr_xl1014-train/IntrMotiv/SF_hipposlam/train_dir/analysis/online_spatial/intrmotiv_source_credit_retirement_20260904/SCR_C15_SRC_MON_S123/policy_00/snapshot_target_000075000000_actual_000075005952.npz,100000.0,1.0,0.8781163434903048,1.0,0.0,0.1181245297193527,0.1831062887109157,16.0,34.74111557006836,0.0135076031124446,0.1049489192973391,16.503299713134766,0.0,1189.6064453125,253.22476196289065,1,76.0,0.3166666626930237,16.0,15.0,0.9375,1.7688888311386108,2.0,0.6104166507720947,0.6286165118217468,0.3684210479259491,0.8977787494659424,0.0921052619814872,0.0688192546367645,0.0,0.0,0.0,0.0,39911.0,17768.0,0.4451905488967895,0.0
SCR_C15_SRC_MON_S8,SCR_C15_SRC_MON,C15,8,source,monitor,SF_IntrMotiv_SourceCreditRetirement,75000000,5000000,c15_ucb_direct_immediate_film,0,75000000,75005952,100000,10000,openfield_map2_fixed_loc3_fixedlength_noreward,8,/work/classic/fr_xl1014-train/IntrMotiv/SF_hipposlam/train_dir/analysis/online_spatial/intrmotiv_source_credit_retirement_20260904/SCR_C15_SRC_MON_S8/policy_00/snapshot_target_000075000000_actual_000075005952.npz,100000.0,1.0,0.8808864265927978,1.0,0.0,0.1393308341503143,0.2519646675255256,14.0,31.857711791992188,0.039943446508127,0.2308839177666515,16.739961624145508,0.125,940.41455078125,150.0,1,101.0,0.4208333194255829,16.0,16.0,1.0,1.6375000476837158,2.0,0.7006944417953491,0.7028148770332336,0.4158415794372558,1.0,0.094059407711029,0.0667091459035873,0.0099009899422526,300.0,0.0,1.0,37995.0,17596.0,0.4631135761737823,0.0045852828770875
SCR_C15_SRC_MON_S99,SCR_C15_SRC_MON,C15,99,source,monitor,SF_IntrMotiv_SourceCreditRetirement,75000000,5000000,c15_ucb_direct_immediate_film,0,75000000,75005952,100000,10000,openfield_map2_fixed_loc3_fixedlength_noreward,8,/work/classic/fr_xl1014-train/IntrMotiv/SF_hipposlam/train_dir/analysis/online_spatial/intrmotiv_source_credit_retirement_20260904/SCR_C15_SRC_MON_S99/policy_00/snapshot_target_000075000000_actual_000075005952.npz,100000.0,1.0,0.8808864265927978,1.0,0.0,0.1093730702996254,0.2525296075065931,16.0,34.01930618286133,0.0167358482887722,0.1185858912109091,16.09067153930664,0.0,1084.9000244140625,291.4213562011719,1,78.0,0.324999988079071,16.0,15.0,0.9375,1.893333315849304,2.0,0.598194420337677,0.5532394647598267,0.2820512950420379,0.0,0.0897435918450355,0.0667324140667915,0.0,0.0,0.0,0.0,38651.0,17112.0,0.442731112241745,0.0
SCR_C15_SRC_PREDO_S123,SCR_C15_SRC_PREDO,C15,123,source,pred_open,SF_IntrMotiv_SourceCreditRetirement,75000000,5000000,c15_ucb_direct_immediate_film,0,75000000,75005952,100000,10000,openfield_map2_fixed_loc3_fixedlength_noreward,8,/work/classic/fr_xl1014-train/IntrMotiv/SF_hipposlam/train_dir/analysis/online_spatial/intrmotiv_source_credit_retirement_20260904/SCR_C15_SRC_PREDO_S123/policy_00/snapshot_target_000075000000_actual_000075005952.npz,100000.0,1.0,0.8808864265927978,1.0,0.0,0.0968236625194549,0.3073901320756403,16.0,32.50593566894531,0.0288423387219842,0.1699567387112454,16.76827621459961,0.0,876.84619140625,150.0,1,70.0,0.2916666567325592,16.0,14.0,0.875,1.8809523582458496,2.0,0.5534722208976746,0.5945616960525513,0.4000000059604645,0.7830737829208374,0.1000000014901161,0.0705102011561393,0.0,0.0,0.0,0.0,34830.0,15379.0,0.4415446519851684,0.0
SCR_C15_SRC_PREDO_S8,SCR_C15_SRC_PREDO,C15,8,source,pred_open,SF_IntrMotiv_SourceCreditRetirement,75000000,5000000,c15_ucb_direct_immediate_film,0,75000000,75005952,100000,10000,openfield_map2_fixed_loc3_fixedlength_noreward,8,/work/classic/fr_xl1014-train/IntrMotiv/SF_hipposlam/train_dir/analysis/online_spatial/intrmotiv_source_credit_retirement_20260904/SCR_C15_SRC_PREDO_S8/policy_00/snapshot_target_000075000000_actual_000075005952.npz,100000.0,1.0,0.8808864265927978,1.0,0.0,0.114987775683403,0.2422896277266776,16.0,34.038604736328125,0.0178825731374862,0.1194185590974652,16.794769287109375,0.0,1163.26513671875,200.0,1,70.0,0.2916666567325592,16.0,15.0,0.9375,1.90666663646698,2.0,0.581944465637207,0.4307043552398681,0.3142857253551483,0.2923974394798279,0.0928571447730064,0.0684693902730941,0.0,0.0,0.0,0.0,33088.0,14717.0,0.4447835981845855,0.0
SCR_C15_SRC_PREDO_S99,SCR_C15_SRC_PREDO,C15,99,source,pred_open,SF_IntrMotiv_SourceCreditRetirement,75000000,5000000,c15_ucb_direct_immediate_film,0,75000000,75005952,100000,10000,openfield_map2_fixed_loc3_fixedlength_noreward,8,/work/classic/fr_xl1014-train/IntrMotiv/SF_hipposlam/train_dir/analysis/online_spatial/intrmotiv_source_credit_retirement_20260904/SCR_C15_SRC_PREDO_S99/policy_00/snapshot_target_000075000000_actual_000075005952.npz,100000.0,1.0,0.8808864265927978,1.0,0.0,0.1082999631762504,0.2705936019047042,16.0,34.636680603027344,0.0133677870920485,0.1175406420249045,15.668880462646484,0.0,1259.1524658203125,150.0,1,79.0,0.3291666805744171,16.0,16.0,1.0,1.8416666984558103,2.0,0.637499988079071,0.5300279855728149,0.3797468245029449,0.0,0.0949367061257362,0.0665758699178695,0.0,0.0,0.0,0.0,39025.0,16967.0,0.4347725808620453,0.0
SCR_C15_SRC_PREDS_S123,SCR_C15_SRC_PREDS,C15,123,source,pred_silent,SF_IntrMotiv_SourceCreditRetirement,75000000,5000000,c15_ucb_direct_immediate_film,0,75000000,75005952,100000,10000,openfield_map2_fixed_loc3_fixedlength_noreward,8,/work/classic/fr_xl1014-train/IntrMotiv/SF_hipposlam/train_dir/analysis/online_spatial/intrmotiv_source_credit_retirement_20260904/SCR_C15_SRC_PREDS_S123/policy_00/snapshot_target_000075000000_actual_000075005952.npz,100000.0,1.0,0.8808864265927978,1.0,0.0,0.1026290282607078,0.2735362712778743,15.0,34.594017028808594,0.0163092137392153,0.1437159221923703,16.393693923950195,0.0,1167.08837890625,150.0,1,90.0,0.375,16.0,15.0,0.9375,1.7066667079925537,2.0,0.6395833492279053,0.6671977043151855,0.4000000059604645,0.2928932309150696,0.1000000014901161,0.0696296319365501,0.0,0.0,0.0,0.0,29268.0,12594.0,0.430299311876297,0.0
SCR_C15_SRC_PREDS_S8,SCR_C15_SRC_PREDS,C15,8,source,pred_silent,SF_IntrMotiv_SourceCreditRetirement,75000000,5000000,c15_ucb_direct_immediate_film,0,75000000,75005952,100000,10000,openfield_map2_fixed_loc3_fixedlength_noreward,8,/work/classic/fr_xl1014-train/IntrMotiv/SF_hipposlam/train_dir/analysis/online_spatial/intrmotiv_source_credit_retirement_20260904/SCR_C15_SRC_PREDS_S8/policy_00/snapshot_target_000075000000_actual_000075005952.npz,100000.0,1.0,0.8808864265927978,1.0,0.0,0.1277023553848266,0.1796741869900253,15.0,34.021663665771484,0.0127854345725474,0.0772181131943817,16.81797218322754,0.125,1088.3341064453125,269.9172668457031,1,71.0,0.2958333194255829,16.0,16.0,1.0,2.0916666984558105,2.0,0.5900694727897644,0.5935335755348206,0.3098591566085815,0.2525117397308349,0.0915492922067642,0.069331482052803,0.0140845067799091,223.60679626464844,0.0,1.0,25247.0,10800.0,0.4277735948562622,0.0060249804519116
SCR_C15_SRC_PREDS_S99,SCR_C15_SRC_PREDS,C15,99,source,pred_silent,SF_IntrMotiv_SourceCreditRetirement,75000000,5000000,c15_ucb_direct_immediate_film,0,75000000,75005952,100000,10000,openfield_map2_fixed_loc3_fixedlength_noreward,8,/work/classic/fr_xl1014-train/IntrMotiv/SF_hipposlam/train_dir/analysis/online_spatial/intrmotiv_source_credit_retirement_20260904/SCR_C15_SRC_PREDS_S99/policy_00/snapshot_target_000075000000_actual_000075005952.npz,100000.0,1.0,0.8808864265927978,1.0,0.0,0.0972130447626113,0.3860896644997691,15.0,34.47721862792969,0.0259955639663838,0.2288915199148327,16.453157424926758,0.0,1069.7960205078125,211.80340576171875,1,82.0,0.3416666686534881,16.0,16.0,1.0,1.7958333492279053,2.0,0.6486111283302307,0.5677312016487122,0.3658536672592163,0.0496776513755321,0.1158536598086357,0.0677424147725105,0.0,0.0,0.0,0.0,44318.0,19674.0,0.4439279735088348,0.0
