run_name,base,recruitment,goal_conditioning,seed,wandb_name,wandb_id,state,max_env_steps,window_rows,coverage_auc,dg_density,dg_silent_fraction,dg_usage_entropy,unit_duty_cycle_max,option_success,action_sensitivity,target_hit_rate,target_hit_lift,largest_scc,reachable_pair_fraction,outgoing_node_fraction,top3_incoming_share,attempt_coverage,fully_tested_count,zero_outdegree_count,predictive_eligible_count,behavior_replay_mismatch,recruitment_total,repeat_total
DPR_C05_DIR_FILM_S8,C05,DIR,FILM,8,00_DPR_C05_DIR_FILM_S8_20260904_060814_065945,00_DPR_C05_DIR_FILM_S8_20260904_060814_065945,finished,74973180.0,152,31.585409835526313,0.02561468825657895,0.0,0.9695379941447368,0.03996839019736842,0.29875498006578943,0.05078106759868421,0.04708380443421053,1.0273101418421051,1.0,0.02478070216447369,0.30304276315789475,0.9907733609210527,0.18470395039473683,0.0,11.177631578947368,0.0,0.0,0,0
DPR_C05_DIR_FILM_S99,C05,DIR,FILM,99,00_DPR_C05_DIR_FILM_S99_20260904_060812_567536,00_DPR_C05_DIR_FILM_S99_20260904_060812_567536,finished,74973180.0,152,31.52307363157895,0.026060807046052632,0.0,0.9731402863157894,0.03839432568421053,0.24909912769736842,0.04183328992105264,0.026196931601973682,0.8298338887499999,1.0,0.030153509223684212,0.31537828947368424,1.0000000032894736,0.18717105315789473,0.0,10.973684210526315,0.0,0.0,0,0
DPR_C05_DIR_FILM_S123,C05,DIR,FILM,123,00_DPR_C05_DIR_FILM_S123_20260904_060812_566448,00_DPR_C05_DIR_FILM_S123_20260904_060812_566448,finished,74973180.0,152,49.90355430263158,0.028960177763157898,0.0,0.9744359689473683,0.04389070219736842,0.13421702879605263,0.006526665928947369,0.008895070926973683,0.9857470849342105,2.0,0.02519188667763158,0.25164473684210525,1.0,0.19210525789473687,0.0,11.980263157894736,0.0,0.0,0,0
DPR_C05_DIR_LEG_S8,C05,DIR,LEG,8,00_DPR_C05_DIR_LEG_S8_20260904_060813_885571,00_DPR_C05_DIR_LEG_S8_20260904_060813_885571,finished,74973180.0,152,33.76989055921052,0.02720240542763158,0.0,0.9687336525,0.041841205815789484,0.13067376835526315,0.019961791460526318,0.01256039267105263,0.9867867776315791,1.0,0.0007127193355263158,0.01069078947368421,0.09868421052631579,0.17735745664473684,0.0,15.828947368421053,0.0,0.0,0,0
DPR_C05_DIR_LEG_S99,C05,DIR,LEG,99,00_DPR_C05_DIR_LEG_S99_20260904_060813_577917,00_DPR_C05_DIR_LEG_S99_20260904_060813_577917,finished,74973180.0,152,38.255398809210526,0.023936823822368423,0.0,0.9637417588815789,0.04129510184210526,0.1580430642763158,0.010356881955263157,0.020016318890789475,1.0826331404605263,1.4342105263157894,0.013569079592105264,0.19490131578947367,0.999765875,0.2375822374342105,0.0,12.868421052631579,0.0,0.0,1,0
DPR_C05_DIR_LEG_S123,C05,DIR,LEG,123,00_DPR_C05_DIR_LEG_S123_20260904_060813_590513,00_DPR_C05_DIR_LEG_S123_20260904_060813_590513,finished,74973180.0,152,45.61156238815789,0.023189143164473684,0.0,0.9648851642105263,0.03911389799342105,0.39262998717105263,0.019532371825657896,0.04714805209868421,1.0420281180263158,1.9605263157894737,0.05131579017105263,0.4761513157894737,0.9999999989473686,0.1868695185526316,0.0,8.388157894736842,0.0,0.0,0,0
DPR_C05_MON_FILM_S8,C05,MON,FILM,8,00_DPR_C05_MON_FILM_S8_20260904_060812_552774,00_DPR_C05_MON_FILM_S8_20260904_060812_552774,finished,74973180.0,152,34.03094642105263,0.019685444052631576,0.0,0.9457753767763157,0.04438862051973684,0.22114463592105263,0.06810301253289473,0.038281892453947364,1.6651019735526313,1.2171052631578947,0.014830044532894736,0.20847039473684212,0.9999740814473685,0.1490405697368421,0.0,12.664473684210526,4.782894736842105,0.0,0,0
DPR_C05_MON_FILM_S99,C05,MON,FILM,99,00_DPR_C05_MON_FILM_S99_20260904_060813_647473,00_DPR_C05_MON_FILM_S99_20260904_060813_647473,finished,74973180.0,152,29.701414671052632,0.0227765535,0.0,0.9739230167105263,0.03535541735526316,0.38007423736842105,0.07629856333552631,0.04089997942763158,1.0035944326315789,2.0,0.05213815809868421,0.5287828947368421,0.9193732165131578,0.1807017557894737,0.0,7.546052631578948,2.513157894736842,0.0,0,0
DPR_C05_MON_FILM_S123,C05,MON,FILM,123,00_DPR_C05_MON_FILM_S123_20260904_060813_704182,00_DPR_C05_MON_FILM_S123_20260904_060813_704182,finished,74973180.0,152,41.238916756578945,0.027661976059210527,0.0,0.9755341463157895,0.040122584236842104,0.10652385634210526,0.01869012768618421,0.010392038421710525,0.7893060957236843,1.0,0.010581140914473684,0.15666118421052633,1.000000004736842,0.20049342111842106,0.0,13.513157894736842,2.75,0.0,0,0
DPR_C05_MON_LEG_S8,C05,MON,LEG,8,00_DPR_C05_MON_LEG_S8_20260904_060758_323335,00_DPR_C05_MON_LEG_S8_20260904_060758_323335,finished,74973180.0,151,50.89676054966887,0.02844864794701987,0.0,0.9733697056953644,0.043457031291390724,0.1632990951192053,0.011241836941059603,0.022971854301324507,0.9739588125827815,1.0,0.004415011390728477,0.06622516556291391,1.0,0.18416114860927155,0.0,14.940397350993377,7.854304635761589,0.0,0,0
DPR_C05_MON_LEG_S99,C05,MON,LEG,99,00_DPR_C05_MON_LEG_S99_20260904_060812_501712,00_DPR_C05_MON_LEG_S99_20260904_060812_501712,finished,74973180.0,152,38.33464073026316,0.0267749585,0.0,0.9670416314473683,0.04284667963157895,0.2853233300657895,0.028358625506578947,0.042653937032894745,1.0839790459210525,1.0,0.0075383776249999986,0.11060855263157894,1.0,0.25016447328947367,0.0,14.230263157894736,10.848684210526315,0.0,0,0
DPR_C05_MON_LEG_S123,C05,MON,LEG,123,00_DPR_C05_MON_LEG_S123_20260904_060812_476785,00_DPR_C05_MON_LEG_S123_20260904_060812_476785,finished,74973180.0,152,39.65776632236842,0.02170321814473684,0.0,0.9532106757236842,0.04138183603947368,0.33236297986842106,0.014873150167763156,0.043550190157894735,0.9782394401973683,1.0,0.028563597039473688,0.3248355263157895,0.9802693909210526,0.13218201736842106,0.0,10.828947368421053,4.296052631578948,0.0,0,0
DPR_C05_PRED_FILM_S8,C05,PRED,FILM,8,00_DPR_C05_PRED_FILM_S8_20260904_060832_707721,00_DPR_C05_PRED_FILM_S8_20260904_060832_707721,finished,74973180.0,152,36.709652059210526,0.02344111392105263,0.0,0.9567098894736842,0.04015792046710526,0.2813929238881579,0.08015029767105263,0.037411338406578946,1.006652326513158,1.0,0.024232456427631582,0.3404605263157895,0.9999999967105263,0.18843202072368423,0.0,10.539473684210526,3.263157894736842,0.0,1,0
DPR_C05_PRED_FILM_S99,C05,PRED,FILM,99,00_DPR_C05_PRED_FILM_S99_20260904_060832_708723,00_DPR_C05_PRED_FILM_S99_20260904_060832_708723,finished,74973180.0,152,24.541460381578947,0.025731739256578946,0.0,0.9766971365131579,0.03506951583552632,0.40693273809210523,0.02718060490131579,0.04377184427631579,1.047858748355263,2.0,0.08141447449999999,0.7997532894736842,1.000000002368421,0.17930372539473682,0.0,3.1973684210526314,1.3026315789473684,0.0,0,0
DPR_C05_PRED_FILM_S123,C05,PRED,FILM,123,00_DPR_C05_PRED_FILM_S123_20260904_060832_496851,00_DPR_C05_PRED_FILM_S123_20260904_060832_496851,finished,74973180.0,144,26.10460784027778,0.022791332659722222,0.0,0.9643610961805555,0.037831624305555554,0.21517375638888886,0.03923541986805555,0.030090332041666668,0.9975032626388887,1.0763888888888888,0.017071759881944443,0.2152777777777778,1.0000000026388889,0.18637152958333333,0.0,12.61111111111111,8.979166666666666,0.0,0,0
DPR_C05_PRED_LEG_S8,C05,PRED,LEG,8,00_DPR_C05_PRED_LEG_S8_20260904_060812_620139,00_DPR_C05_PRED_LEG_S8_20260904_060812_620139,finished,74940420.0,147,39.539376680272106,0.025340592795918368,0.0,0.9687752020408165,0.04100233848979592,0.30376467802721085,0.01672391951020408,0.04254025840136054,1.0102442363265307,1.251700680272109,0.021230159489795918,0.22321428571428573,0.9999999980952381,0.18596939020408162,0.0,12.421768707482993,7.959183673469388,0.0,0,0
DPR_C05_PRED_LEG_S99,C05,PRED,LEG,99,00_DPR_C05_PRED_LEG_S99_20260904_060812_478886,00_DPR_C05_PRED_LEG_S99_20260904_060812_478886,finished,74973180.0,152,95.99145161184211,0.02737707842763158,0.0,0.9796093839473684,0.03634482928947368,0.120685106875,0.010849992692105263,0.012534693688815789,0.932076718881579,1.0,0.0006030702236842105,0.009046052631578948,0.13815789473684212,0.20416667,0.0,15.868421052631579,7.052631578947368,0.0,1,0
DPR_C05_PRED_LEG_S123,C05,PRED,LEG,123,00_DPR_C05_PRED_LEG_S123_20260904_060812_480051,00_DPR_C05_PRED_LEG_S123_20260904_060812_480051,finished,74973180.0,152,42.05187539473685,0.026532424105263155,0.0,0.9776490878289474,0.03710937505263159,0.42052814875000005,0.007643614881578948,0.04209498354605263,0.9869763538815789,2.0460526315789473,0.05274122840789473,0.3458059210526316,1.000000002631579,0.18725328986842105,0.0,10.467105263157896,6.184210526315789,0.0,0,0
DPR_C13_DIR_FILM_S8,C13,DIR,FILM,8,00_DPR_C13_DIR_FILM_S8_20260904_060836_438740,00_DPR_C13_DIR_FILM_S8_20260904_060836_438740,finished,74973180.0,152,55.31235805921053,0.014112572934210527,0.38363486842105265,0.6791004578289473,0.04425048836184211,0.009432836473684212,0.01839717768421053,0.0001317074427631579,0.2258485372368421,1.0,0.0,0.0,0.0,0.14292763197368422,0.0,16.0,0.0,0.0,0,0
DPR_C13_DIR_FILM_S99,C13,DIR,FILM,99,00_DPR_C13_DIR_FILM_S99_20260904_060836_435931,00_DPR_C13_DIR_FILM_S99_20260904_060836_435931,finished,74973180.0,152,50.750960118421055,0.013659226284868422,0.3536184210526316,0.6436093517105262,0.04691997321052631,0.02406664217105263,0.017588715075657894,0.00030517578125,0.36403386993421055,1.0,2.741228289473684e-05,0.00041118421052631577,0.006578947368421052,0.13399122875,0.0,15.993421052631579,0.0,0.0,0,0
DPR_C13_DIR_FILM_S123,C13,DIR,FILM,123,00_DPR_C13_DIR_FILM_S123_20260904_060837_090532,00_DPR_C13_DIR_FILM_S123_20260904_060837_090532,finished,74973180.0,152,31.688742644736845,0.015636444105263155,0.26069078947368424,0.7502836965789473,0.04481586652631579,0.044749996598684214,0.02110915514473684,0.0005942896832236842,95.84173407302633,1.0,0.002302631736842105,0.03289473684210526,0.4605263157894737,0.09270833406578947,0.0,15.486842105263158,0.0,0.0,0,0
DPR_C13_DIR_LEG_S8,C13,DIR,LEG,8,00_DPR_C13_DIR_LEG_S8_20260904_060835_702372,00_DPR_C13_DIR_LEG_S8_20260904_060835_702372,finished,74973180.0,150,54.26060583333333,0.013773600276666666,0.25166666666666665,0.7327598416666667,0.043079427186666665,0.016206959726666664,0.02009708758666667,0.0002083333353333333,48.566115842533335,1.0,0.0,0.0,0.0,0.12436111065333331,0.0,16.0,0.0,0.0,0,0
DPR_C13_DIR_LEG_S99,C13,DIR,LEG,99,00_DPR_C13_DIR_LEG_S99_20260904_060834_934719,00_DPR_C13_DIR_LEG_S99_20260904_060834_934719,finished,74973180.0,152,40.171439585526315,0.019080914980263156,0.2080592105263158,0.7716689151973684,0.05087762135526316,0.04309117913157895,0.011867561938157894,0.0006007144335526315,0.5538345554605264,1.0,2.741228289473684e-05,0.00041118421052631577,0.006578947368421052,0.16979166592105263,0.0,15.986842105263158,0.0,0.0,0,0
DPR_C13_DIR_LEG_S123,C13,DIR,LEG,123,00_DPR_C13_DIR_LEG_S123_20260904_060834_934803,00_DPR_C13_DIR_LEG_S123_20260904_060834_934803,finished,74973180.0,152,29.060732513157895,0.01694468448881579,0.2865953947368421,0.7346973275657894,0.04875745276973684,0.025828970717105264,0.011122855790789473,0.00036621093914473686,55.29119550723684,1.0,5.482456578947368e-05,0.0008223684210526315,0.013157894736842105,0.15575657815789476,0.0,15.993421052631579,0.0,0.0,0,0
DPR_C13_MON_FILM_S8,C13,MON,FILM,8,00_DPR_C13_MON_FILM_S8_20260904_060835_632327,00_DPR_C13_MON_FILM_S8_20260904_060835_632327,finished,74973180.0,152,23.879019559210526,0.01693484660855263,0.3301809210526316,0.7112902418421053,0.045676783427631575,0.01645836807236842,0.022145938789473685,0.00022486636513157894,24.604425645328952,1.0,0.0,0.0,0.0,0.16641995644736846,0.0,16.0,0.0,0.0,0,0
DPR_C13_MON_FILM_S99,C13,MON,FILM,99,00_DPR_C13_MON_FILM_S99_20260904_060835_702373,00_DPR_C13_MON_FILM_S99_20260904_060835_702373,finished,74973180.0,152,38.4734707368421,0.01592214485986842,0.32894736842105265,0.6914119814473684,0.04545191719736842,0.03324269151973684,0.008989353930263157,0.0003822728213815789,22.400259253552633,1.0,0.002192982585526316,0.026726973684210526,0.3092105263157895,0.13396381769736843,0.0,15.585526315789474,0.0,0.0,0,0
DPR_C13_MON_FILM_S123,C13,MON,FILM,123,00_DPR_C13_MON_FILM_S123_20260904_060835_705520,00_DPR_C13_MON_FILM_S123_20260904_060835_705520,finished,74973180.0,152,42.97135146052632,0.016841888444078947,0.2890625,0.7478542834868421,0.045779579506578946,0.10963859336184212,0.01764200878289474,0.0015001798990131581,41.79385332532894,1.0,0.00104166675,0.015625,0.25,0.14810855032894737,0.0,15.75,0.019736842105263157,0.0,0,0
DPR_C13_MON_LEG_S8,C13,MON,LEG,8,00_DPR_C13_MON_LEG_S8_20260904_060835_333620,00_DPR_C13_MON_LEG_S8_20260904_060835_333620,finished,74973180.0,105,33.647805133333335,0.016789027684761905,0.30178571428571427,0.6924181285714287,0.0472237724952381,0.018103933704761904,0.01003910296952381,0.00023251488095238094,35.86697389857143,1.0,3.9682542857142855e-05,0.0005952380952380953,0.009523809523809525,0.11257936500952383,0.0,16.0,0.0,0.0,0,0
DPR_C13_MON_LEG_S99,C13,MON,LEG,99,00_DPR_C13_MON_LEG_S99_20260904_060835_632568,00_DPR_C13_MON_LEG_S99_20260904_060835_632568,finished,74973180.0,152,29.576626289473683,0.01377386797368421,0.15953947368421054,0.7700936549342106,0.04194400175,0.023813477967105267,0.03176872915131579,0.0003340871726973684,102.90183205697366,1.0,0.0,0.0,0.0,0.1254111844736842,0.0,16.0,0.013157894736842105,0.0,0,0
DPR_C13_MON_LEG_S123,C13,MON,LEG,123,00_DPR_C13_MON_LEG_S123_20260904_060835_632300,00_DPR_C13_MON_LEG_S123_20260904_060835_632300,finished,74973180.0,152,37.837545335526315,0.01313962432631579,0.2824835526315789,0.6923987576973684,0.04229093861842106,0.01693761747368421,0.017161482680921054,0.00024735300197368425,27.074685147039478,1.0,0.00046600878289473685,0.005345394736842105,0.05921052631578947,0.11022478155263157,0.0,15.914473684210526,0.0,0.0,0,0
DPR_C13_PRED_FILM_S8,C13,PRED,FILM,8,00_DPR_C13_PRED_FILM_S8_20260904_060835_316002,00_DPR_C13_PRED_FILM_S8_20260904_060835_316002,finished,74973180.0,152,59.861094388157895,0.015091745459210527,0.265625,0.741155214013158,0.03959575444078947,0.007582615815789474,0.028112217390789472,9.315892269736843e-05,68.50500406690789,1.0,0.0003289473947368421,0.004934210526315789,0.07236842105263158,0.09791666473684212,0.0,15.921052631578947,0.0,0.0,2,0
DPR_C13_PRED_FILM_S99,C13,PRED,FILM,99,00_DPR_C13_PRED_FILM_S99_20260904_060853_664672,00_DPR_C13_PRED_FILM_S99_20260904_060853_664672,finished,74973180.0,152,56.914065967105266,0.01320447419407895,0.34662828947368424,0.6631220093421052,0.04522705081578947,0.008918166815789474,0.03225368154605263,0.00011243318256578947,22.53326815769737,1.0,0.0,0.0,0.0,0.06666667,0.0,16.0,0.0,0.0,1,0
DPR_C13_PRED_FILM_S123,C13,PRED,FILM,123,00_DPR_C13_PRED_FILM_S123_20260904_060856_250291,00_DPR_C13_PRED_FILM_S123_20260904_060856_250291,finished,74973180.0,152,35.78177081578948,0.01623796161381579,0.20189144736842105,0.7274911994078948,0.04869963,0.013116730447368422,0.024793760111842107,0.0001541940789473684,76.26188616750001,1.0,0.0,0.0,0.0,0.06666667,0.0,16.0,0.0,0.0,2,0
DPR_C13_PRED_LEG_S8,C13,PRED,LEG,8,00_DPR_C13_PRED_LEG_S8_20260904_060837_087596,00_DPR_C13_PRED_LEG_S8_20260904_060837_087596,finished,74973180.0,152,34.73782526973684,0.010823500792763159,0.44037828947368424,0.6200992127631579,0.04001978827631579,0.005639197532894737,0.02167386604605263,6.424753289473684e-05,15.008271252236844,1.0,0.0,0.0,0.0,0.07083333000000003,0.0,16.0,0.0,0.0,5,2
DPR_C13_PRED_LEG_S99,C13,PRED,LEG,99,00_DPR_C13_PRED_LEG_S99_20260904_060837_087878,00_DPR_C13_PRED_LEG_S99_20260904_060837_087878,finished,74973180.0,152,64.89743375657896,0.011397311549342105,0.29851973684210525,0.6948471960526316,0.03922954363815789,0.018387444684210524,0.005201349863815789,0.00023450349638157896,18.138678845526318,1.0,0.0,0.0,0.0,0.11806469243421053,0.0,16.0,0.0,0.0,1,0
DPR_C13_PRED_LEG_S123,C13,PRED,LEG,123,00_DPR_C13_PRED_LEG_S123_20260904_060835_315838,00_DPR_C13_PRED_LEG_S123_20260904_060835_315838,finished,74973180.0,152,32.62896759868421,0.013021368761842107,0.19161184210526316,0.7778735510526316,0.03984631990789474,0.005600225184210526,0.03272103148026315,6.745990953947369e-05,17.279812192697367,1.0,0.0,0.0,0.0,0.06666667,0.0,16.0,0.0,0.0,4,0
DPR_C15_DIR_FILM_S8,C15,DIR,FILM,8,00_DPR_C15_DIR_FILM_S8_20260904_060857_681044,00_DPR_C15_DIR_FILM_S8_20260904_060857_681044,finished,74973180.0,152,62.84907169078948,0.02761921126973684,0.0,0.9788084813157893,0.037456311624999995,0.19639405751973682,0.015234291819078948,0.0028975637375000004,0.8831469078947369,14.677631578947368,0.9173519736842105,1.0,0.48408951243421044,0.9956140448684211,15.05921052631579,0.0,0.0,0.0,0,0
DPR_C15_DIR_FILM_S99,C15,DIR,FILM,99,00_DPR_C15_DIR_FILM_S99_20260904_060857_679377,00_DPR_C15_DIR_FILM_S99_20260904_060857_679377,finished,74973180.0,152,58.55668984868421,0.029617711092105262,0.0,0.9785786290789473,0.040527343769736844,0.14431916104605264,0.012827104797368422,0.0023386101967105264,0.8624154543421053,14.05921052631579,0.8729440782894737,0.9938322368421053,0.5072870917105262,0.9759320213157894,10.493421052631579,0.09868421052631579,0.0,0.0,0,0
DPR_C15_DIR_FILM_S123,C15,DIR,FILM,123,00_DPR_C15_DIR_FILM_S123_20260904_060856_446136,00_DPR_C15_DIR_FILM_S123_20260904_060856_446136,finished,74973180.0,152,59.76595538157895,0.028390181690789475,0.0,0.9745912089473684,0.043135793546052625,0.1614944939407895,0.012355507036842106,0.0027530067888157897,5.804158083092106,15.0,0.9375,1.0,0.4402184505263158,0.9746436469078948,10.947368421052632,0.0,0.0,0.0,0,0
DPR_C15_DIR_LEG_S8,C15,DIR,LEG,8,00_DPR_C15_DIR_LEG_S8_20260904_060856_680666,00_DPR_C15_DIR_LEG_S8_20260904_060856_680666,finished,74973180.0,152,32.97117784868421,0.027861745730263156,0.0,0.9803570967105264,0.03723144540131579,0.13662006610526314,0.006453228070460526,0.0022101151319078947,5.388930027894737,13.480263157894736,0.8472587665789473,0.985608552631579,0.4862437668421052,0.9435855247368421,6.032894736842105,0.23026315789473684,0.0,0.0,0,0
DPR_C15_DIR_LEG_S99,C15,DIR,LEG,99,00_DPR_C15_DIR_LEG_S99_20260904_060856_680877,00_DPR_C15_DIR_LEG_S99_20260904_060856_680877,finished,74973180.0,152,49.460832664473685,0.029235438302631575,0.0,0.9777835774342105,0.040087248098684206,0.1498131862763158,0.0055599081974999996,0.0022936369273026313,6.335393754868422,14.611842105263158,0.9132401315789473,1.0,0.4751915863157895,0.9666392500657895,9.401315789473685,0.0,0.0,0.0,0,0
DPR_C15_DIR_LEG_S123,C15,DIR,LEG,123,00_DPR_C15_DIR_LEG_S123_20260904_060857_678791,00_DPR_C15_DIR_LEG_S123_20260904_060857_678791,finished,74973180.0,152,30.518484250000004,0.0266701547631579,0.0,0.9761232471710526,0.03772615134210527,0.13211721788157896,0.007494737956315789,0.0018663908302631578,0.7597176326315789,9.078947368421053,0.6129934173026317,0.9716282894736842,0.5376120368421052,0.9456414433552632,6.381578947368421,0.4605263157894737,0.0,0.0,0,0
DPR_C15_MON_FILM_S8,C15,MON,FILM,8,00_DPR_C15_MON_FILM_S8_20260904_060856_842363,00_DPR_C15_MON_FILM_S8_20260904_060856_842363,finished,74973180.0,152,55.51286617763157,0.027885436999999996,0.0,0.9786738653947369,0.038252981032894734,0.1658605342631579,0.01179300774118421,0.002460680518092105,8.160638511907894,14.796052631578947,0.9247532894736842,1.0,0.4196499783552632,0.9725054877631578,10.177631578947368,0.0,0.17763157894736842,0.0,0,0
DPR_C15_MON_FILM_S99,C15,MON,FILM,99,00_DPR_C15_MON_FILM_S99_20260904_060856_842381,00_DPR_C15_MON_FILM_S99_20260904_060856_842381,finished,74973180.0,152,62.359550019736844,0.03007386857236842,0.0,0.9783300513157895,0.04291735198684211,0.17739046596052632,0.014510788321710526,0.002884714216118421,0.8185752197368421,14.598684210526315,0.9126096484210526,0.998766447368421,0.4972414738815789,0.9781250075000001,11.526315789473685,0.019736842105263157,0.21052631578947367,0.0,0,0
DPR_C15_MON_FILM_S123,C15,MON,FILM,123,00_DPR_C15_MON_FILM_S123_20260904_060856_680760,00_DPR_C15_MON_FILM_S123_20260904_060856_680760,finished,74973180.0,152,58.516901013157884,0.02835042853947368,0.0,0.9758452153289473,0.0402061061381579,0.1796916039473684,0.01517145310131579,0.0029457493845394737,0.7494504513157895,13.789473684210526,0.8648300390789473,1.0,0.49001314348684205,0.9635690769736842,8.43421052631579,0.0,0.18421052631578946,0.0,0,0
DPR_C15_MON_LEG_S8,C15,MON,LEG,8,00_DPR_C15_MON_LEG_S8_20260904_060856_255011,00_DPR_C15_MON_LEG_S8_20260904_060856_255011,finished,74973180.0,152,59.53097972368421,0.02813339235526316,0.0,0.9806130089473685,0.03662751849342105,0.15304573844078947,0.007861624277368421,0.002476742395065789,0.7292532474342106,14.802631578947368,0.9263157892105264,0.9942434210526315,0.5122678763815789,0.968804834144737,9.31578947368421,0.09210526315789473,0.13157894736842105,0.0,0,0
DPR_C15_MON_LEG_S99,C15,MON,LEG,99,00_DPR_C15_MON_LEG_S99_20260904_060856_255960,00_DPR_C15_MON_LEG_S99_20260904_060856_255960,finished,74973180.0,152,37.185283368421054,0.026982959914473678,0.0,0.9797772898026316,0.037032277967105266,0.17545493680263158,0.0072831067763157896,0.0025442023105263158,4.826121765986843,12.94078947368421,0.8161458223026317,0.9942434210526315,0.5781591639473685,0.9668311519078947,9.480263157894736,0.09210526315789473,0.125,0.0,0,0
DPR_C15_MON_LEG_S123,C15,MON,LEG,123,00_DPR_C15_MON_LEG_S123_20260904_060856_844924,00_DPR_C15_MON_LEG_S123_20260904_060856_844924,finished,74973180.0,152,26.96496403947368,0.02827815009868421,0.0,0.9774700394078947,0.03931949019736842,0.13778153663157894,0.012706924876578946,0.00199809827631579,0.7898073893421053,8.414473684210526,0.5666392492105263,0.9827302631578947,0.5388041761842105,0.9497532942763157,7.131578947368421,0.26973684210526316,0.13157894736842105,0.0,0,0
DPR_C15_PRED_FILM_S8,C15,PRED,FILM,8,00_DPR_C15_PRED_FILM_S8_20260904_060855_700470,00_DPR_C15_PRED_FILM_S8_20260904_060855_700470,finished,74973180.0,123,65.28524995121951,0.029505287739837394,0.0,0.9776237864227644,0.04179369925203252,0.18719131830081304,0.012828869964634145,0.0029574758650406504,0.8191771008130081,14.235772357723578,0.8903794027642277,1.0,0.3999120843089431,0.9720528446341464,10.032520325203253,0.0,0.15447154471544716,0.0,0,0
DPR_C15_PRED_FILM_S99,C15,PRED,FILM,99,00_DPR_C15_PRED_FILM_S99_20260904_060856_781147,00_DPR_C15_PRED_FILM_S99_20260904_060856_781147,finished,74973180.0,152,72.97220504605264,0.02925832647368421,0.0,0.9782209284868421,0.04152960525,0.1858714468355263,0.013173244299342102,0.002698396391776316,0.8921924848026315,15.0,0.9375,1.0,0.4631050128947369,0.9587719178947369,6.677631578947368,0.0,0.13157894736842105,0.0,0,0
DPR_C15_PRED_FILM_S123,C15,PRED,FILM,123,00_DPR_C15_PRED_FILM_S123_20260904_060856_781567,00_DPR_C15_PRED_FILM_S123_20260904_060856_781567,finished,74973180.0,152,40.414818907894734,0.026914094684210525,0.0,0.9800093661184208,0.035647743526315785,0.13155691857894738,0.00682668874763158,0.002181203747368421,0.6497917368421052,14.0,0.8765899097368421,1.0,0.49244292907894743,0.9768366239473685,11.256578947368421,0.0,0.15789473684210525,0.0,0,0
DPR_C15_PRED_LEG_S8,C15,PRED,LEG,8,00_DPR_C15_PRED_LEG_S8_20260904_060856_683212,00_DPR_C15_PRED_LEG_S8_20260904_060856_683212,finished,74973180.0,152,32.33090360526316,0.02649287170394737,0.0,0.9783321398026317,0.03573126544736842,0.13145499057894738,0.006948471566118421,0.0020077354046052634,0.7479190694736841,11.93421052631579,0.7785910051973685,0.9893092105263158,0.49824955901315787,0.9740131673026317,10.388157894736842,0.16447368421052633,0.11842105263157894,0.0,0,0
DPR_C15_PRED_LEG_S99,C15,PRED,LEG,99,00_DPR_C15_PRED_LEG_S99_20260904_060856_764772,00_DPR_C15_PRED_LEG_S99_20260904_060856_764772,finished,74973180.0,152,28.939320039473685,0.02929727658552632,0.0,0.9767212852631579,0.0399683902631579,0.15560934325657894,0.008863859552960526,0.002229389392763158,0.7872334798026316,9.644736842105264,0.6398300388815791,0.9757401315789473,0.4890005829605264,0.9809758857236842,11.960526315789474,0.3881578947368421,0.05263157894736842,0.0,0,0
DPR_C15_PRED_LEG_S123,C15,PRED,LEG,123,00_DPR_C15_PRED_LEG_S123_20260904_060855_697335,00_DPR_C15_PRED_LEG_S123_20260904_060855_697335,finished,74973180.0,152,67.78927232236842,0.028400421111842104,0.0,0.9785619867105264,0.03934518921710526,0.1702408203355263,0.00795208764875,0.002515290908881579,4.874950197302631,15.0,0.9375,1.0,0.4925910394078947,0.9293585621052631,3.1710526315789473,0.0,0.13815789473684212,0.0,0,0
