run_name,representation,exploration_head,manager_objective,geometry,seed,wandb_name,state,observed_max_steps,aligned_start,aligned_end,window_rows,coverage_auc,dg_density,dg_silent_fraction,dg_usage_entropy,option_success,action_sensitivity,free_mode_fraction,goal_mode_fraction,probe_mode_fraction,probe_success_rate,probe_timeout_rate,promotion_rate,edge_reliability,largest_scc,reachable_pair_fraction,outgoing_node_fraction,top3_incoming_share,goal_loop_fraction,goal_straightness,probe_loop_fraction,probe_straightness,behavior_replay_mismatch,recruitment_total,repeat_total
CEE_X0_SEP_EDGE_G0_S8,X0,SEP,EDGE,G0,8,00_CEE_X0_SEP_EDGE_G0_S8_20260903_204510_534949,crashed,43352064.0,26621120.0,31621120.0,153,40.0593527124183,0.027492149137254906,0.0,0.9789173467973855,0.16925131234640525,0.032469695692810455,0.00022658803137254904,0.03536688124803922,0.9640299462091502,0.16227932045751636,0.8377206781699348,0.00042019230784313727,0.18900847712418303,1.0,0.0069989110457516325,0.09436274509803921,0.8559947272549019,0.6797385620915033,0.0,1.0,0.0,0.0,0.0,0.0
CEE_X0_SEP_EDGE_G0_S99,X0,SEP,EDGE,G0,99,00_CEE_X0_SEP_EDGE_G0_S99_20260903_204512_642692,crashed,42532864.0,26621120.0,31621120.0,153,52.57523479738562,0.029125537738562093,0.0,0.978247262745098,0.1538102255359477,0.030330107346405226,0.0,0.0189919067124183,0.9807495924183006,0.14472335748366014,0.8552766464705881,0.00016723305379084968,0.17963220803921567,1.0,0.004357298764705882,0.060866013071895424,0.7777777777777778,0.5751633986928104,0.0,1.0,0.0,0.0,0.0,0.0
CEE_X0_SEP_EDGE_G0_S123,X0,SEP,EDGE,G0,123,00_CEE_X0_SEP_EDGE_G0_S123_20260903_204512_649337,crashed,42532864.0,26621120.0,31621120.0,152,18.489900677631578,0.02616420542105263,0.0,0.9621844471710527,0.30269594460526317,0.10688564504605262,0.0,0.33781995313486846,0.6617849263815789,0.1844324902960526,0.8155675105263157,0.0009355920561184211,0.2590451857236842,2.6052631578947367,0.08237390362500001,0.484375,0.7406032164473684,1.0,0.0,1.0,0.0,0.0,0.0,0.0
CEE_X0_SEP_EDGE_G1_S8,X0,SEP,EDGE,G1,8,00_CEE_X0_SEP_EDGE_G1_S8_20260903_204519_241560,crashed,32178176.0,26621120.0,31621120.0,152,42.727529605263165,0.028311076973684207,0.0,0.9763672180263159,0.16487541440789474,0.04981027871710526,0.0007002980957236842,0.040758634679605256,0.9582519539473683,0.14893821778947366,0.8510617839473685,0.00019048330361842104,0.19551679519736842,1.0,0.00907346522368421,0.09703947368421052,0.8683963557894736,0.5164740159868421,0.23073910499999997,0.6352735089473684,0.2817347532894737,0.0,0.0,0.0
CEE_X0_SEP_EDGE_G1_S99,X0,SEP,EDGE,G1,99,00_CEE_X0_SEP_EDGE_G1_S99_20260903_204522_531580,crashed,31621120.0,26621120.0,31621120.0,153,50.335398352941176,0.027462030581699343,0.0,0.9773051948366014,0.14819957413725493,0.03224738164052287,2.553104607843137e-05,0.02000676576993464,0.9797953677777779,0.14339641095424838,0.8566035908496733,0.00018486831176470588,0.1794997835294118,1.0065359477124183,0.0027505448431372546,0.03880718954248366,0.46405228758169936,0.3143122119607843,0.13633141614379085,0.6222322416339868,0.29043746052287583,0.0,1.0,0.0
CEE_X0_SEP_EDGE_G1_S123,X0,SEP,EDGE,G1,123,00_CEE_X0_SEP_EDGE_G1_S123_20260903_204522_665799,crashed,32014336.0,26621120.0,31621120.0,153,48.531362111111115,0.028227563045751625,0.0,0.9774279463398692,0.13564291016993463,0.03391821703267974,0.0,0.0035105187960784317,0.9960841758823531,0.1368412851633987,0.863158718627451,4.271071307189542e-05,0.17536473450980394,1.0,0.00040849676470588233,0.006127450980392157,0.09803921568627451,0.07625757248366014,0.02758668405228758,0.6819009990196079,0.2581423968627451,0.0,0.0,0.0
CEE_X0_SEP_NODE_G0_S8,X0,SEP,NODE,G0,8,00_CEE_X0_SEP_NODE_G0_S8_20260903_204512_132291,crashed,38862850.0,26621120.0,31621120.0,153,33.30585305228758,0.027977637973856204,0.0,0.9780584063398692,0.0,0.0,0.9997351144444445,0.0,0.0,0.0,0.0,0.0,0.0,1.0,0.0,0.0,0.0,0.0,0.0,0.0,0.0,0.0,0.0,0.0
CEE_X0_SEP_NODE_G0_S99,X0,SEP,NODE,G0,99,00_CEE_X0_SEP_NODE_G0_S99_20260903_204511_368890,crashed,38797310.0,26621120.0,31621120.0,153,41.97706823529412,0.02778635463398693,0.0,0.9783979590196079,0.0,0.0,0.99967447875817,0.0,0.0,0.0,0.0,0.0,0.0,1.0,0.0,0.0,0.0,0.0,0.0,0.0,0.0,0.0,0.0,0.0
CEE_X0_SEP_NODE_G0_S123,X0,SEP,NODE,G0,123,00_CEE_X0_SEP_NODE_G0_S123_20260903_204511_421487,crashed,39157760.0,26621120.0,31621120.0,153,44.66201113071895,0.02637157562745098,0.0,0.9746456081699347,0.0,0.0,0.9997287325490196,0.0,0.0,0.0,0.0,0.0,0.0,1.0,0.0,0.0,0.0,0.0,0.0,0.0,0.0,0.0,0.0,0.0
CEE_X0_SEP_NODE_G1_S8,X0,SEP,NODE,G1,8,00_CEE_X0_SEP_NODE_G1_S8_20260903_204511_573789,crashed,39190530.0,26621120.0,31621120.0,153,41.46136070588235,0.026629678562091502,0.0,0.9770686650980391,0.0,0.0,0.9998595785620915,0.0,0.0,0.0,0.0,0.0,0.0,1.0,0.0,0.0,0.0,0.0,0.0,0.0,0.0,0.0,0.0,0.0
CEE_X0_SEP_NODE_G1_S99,X0,SEP,NODE,G1,99,00_CEE_X0_SEP_NODE_G1_S99_20260903_204510_976121,crashed,48168960.0,26621120.0,31621120.0,153,41.793195202614385,0.02846432354901961,0.0,0.9801648423529412,0.0,0.0,0.999693626862745,0.0,0.0,0.0,0.0,0.0,0.0,1.0,0.0,0.0,0.0,0.0,0.0,0.0,0.0,0.0,0.0,0.0
CEE_X0_SEP_NODE_G1_S123,X0,SEP,NODE,G1,123,00_CEE_X0_SEP_NODE_G1_S123_20260903_204511_024579,crashed,41680896.0,26621120.0,31621120.0,125,31.189917328000003,0.027415527359999997,0.0,0.9774090271999999,0.0,0.0,0.9996835944,0.0,0.0,0.0,0.0,0.0,0.0,1.0,0.0,0.0,0.0,0.0,0.0,0.0,0.0,0.0,0.0,0.0
CEE_X0_SH_EDGE_G0_S8,X0,SH,EDGE,G0,8,00_CEE_X0_SH_EDGE_G0_S8_20260903_204511_307013,crashed,33980416.0,26621120.0,31621120.0,153,24.16986569281046,0.026464325150326796,0.0,0.9776544783006536,0.20524524618300652,0.08146387804575163,0.0012829350411764707,0.13070618871895426,0.8677268437908497,0.16686060418300652,0.8331393971241831,0.000763648260130719,0.2199083575816993,1.2745098039215685,0.02519063247712418,0.24183006535947713,0.923661892614379,0.9934640522875817,0.0,1.0,0.0,0.0,0.0,0.0
CEE_X0_SH_EDGE_G0_S99,X0,SH,EDGE,G0,99,00_CEE_X0_SH_EDGE_G0_S99_20260903_204511_435349,crashed,33554432.0,26621120.0,31621120.0,153,16.59175161764706,0.028013142091503268,0.0,0.9778611533333332,0.474327157124183,0.05178120167973856,0.00032232945098039213,0.6234840958169934,0.3758265674509804,0.14413043421568628,0.8558695681045752,0.0008752829560784313,0.36882115718954245,6.398692810457517,0.28671023967320264,0.8129084967320261,0.4209831050326797,1.0,0.0,1.0,0.0,0.0,0.0,0.0
CEE_X0_SH_EDGE_G0_S123,X0,SH,EDGE,G0,123,00_CEE_X0_SH_EDGE_G0_S123_20260903_204511_520746,crashed,32571392.0,26621120.0,31621120.0,153,19.01622306862745,0.026899948568627454,0.0,0.9731776944444445,0.32015992189542486,0.07574701583006536,0.0,0.4469209561372549,0.5526705479084968,0.1434711352875817,0.8565288673856211,0.0008985905781699347,0.2670694752941176,3.4705882352941178,0.12222222236601306,0.5575980392156863,0.54168341,1.0,0.0,1.0,0.0,0.0,0.0,0.0
CEE_X0_SH_EDGE_G1_S8,X0,SH,EDGE,G1,8,00_CEE_X0_SH_EDGE_G1_S8_20260903_204511_535076,crashed,31850496.0,26621120.0,31621120.0,153,53.54778769281046,0.029242222640522873,0.0,0.97614957124183,0.16137142326797385,0.04173630190849673,0.0005042381594771242,0.035303053459477124,0.9639852681699346,0.15037802970588238,0.8496219709150327,0.00022488840980392153,0.1903417234640523,1.0,0.008523965679738562,0.09272875816993464,0.87507644627451,0.5150734666666668,0.19166020529411767,0.6727034674509803,0.2597188254901961,0.0,0.0,0.0
CEE_X0_SH_EDGE_G1_S99,X0,SH,EDGE,G1,99,00_CEE_X0_SH_EDGE_G1_S99_20260903_204511_547295,crashed,31653888.0,26621120.0,31621120.0,153,29.06604492156863,0.025983822901960787,0.0,0.9704218935947713,0.32217813620915037,0.05106160121568627,3.1913807189542485e-05,0.4025416154509804,0.5970498879084968,0.1467651859281046,0.8532348152941176,0.0006973695277777777,0.2724037773856209,3.915032679738562,0.10084422681699347,0.48161764705882354,0.6076211726143791,0.7351164720915032,0.24458824764705886,0.7218751422222222,0.2437859603921568,0.0,0.0,0.0
CEE_X0_SH_EDGE_G1_S123,X0,SH,EDGE,G1,123,00_CEE_X0_SH_EDGE_G1_S123_20260903_204511_378732,crashed,32276480.0,26621120.0,31621120.0,152,23.832141559210527,0.026173039506578944,0.0,0.974704956118421,0.24165078052631578,0.07427130219078948,2.2486636184210527e-05,0.2518856656973685,0.7475264704605263,0.1547095604276316,0.8452904400657894,0.0010476101010526316,0.24540498598684207,1.8421052631578947,0.05112390383552632,0.39350328947368424,0.7843818045394738,0.7557738293421052,0.22904719243421054,0.7369814440789474,0.23269205177631574,0.0,0.0,0.0
CEE_X0_SH_NODE_G0_S8,X0,SH,NODE,G0,8,00_CEE_X0_SH_NODE_G0_S8_20260903_204451_675904,crashed,47579136.0,26621120.0,31621120.0,153,16.986585630718956,0.02836698648366013,0.0,0.9777025395424834,0.0,0.0,0.9995436320261438,0.0,0.0,0.0,0.0,0.0,0.0,1.0,0.0,0.0,0.0,0.0,0.0,0.0,0.0,0.0,0.0,0.0
CEE_X0_SH_NODE_G0_S99,X0,SH,NODE,G0,99,00_CEE_X0_SH_NODE_G0_S99_20260903_204510_484925,crashed,50495490.0,26621120.0,31621120.0,140,49.649067192857146,0.02703181672857143,0.0,0.9789887999285717,0.0,0.0,0.9995361344285714,0.0,0.0,0.0,0.0,0.0,0.0,1.0,0.0,0.0,0.0,0.0,0.0,0.0,0.0,0.0,0.0,0.0
CEE_X0_SH_NODE_G0_S123,X0,SH,NODE,G0,123,00_CEE_X0_SH_NODE_G0_S123_20260903_204510_955171,crashed,49512450.0,26621120.0,31621120.0,153,40.03876685620915,0.02674217471895425,0.0,0.9772549524836603,0.0,0.0,0.9997032014379085,0.0,0.0,0.0,0.0,0.0,0.0,1.0,0.0,0.0,0.0,0.0,0.0,0.0,0.0,0.0,0.0,0.0
CEE_X0_SH_NODE_G1_S8,X0,SH,NODE,G1,8,00_CEE_X0_SH_NODE_G1_S8_20260903_204510_954461,crashed,48300030.0,26621120.0,31621120.0,153,36.51292533986928,0.02776840308496732,0.0,0.9792582898039216,0.0,0.0,0.9997670292156862,0.0,0.0,0.0,0.0,0.0,0.0,1.0,0.0,0.0,0.0,0.0,0.0,0.0,0.0,0.0,0.0,0.0
CEE_X0_SH_NODE_G1_S99,X0,SH,NODE,G1,99,00_CEE_X0_SH_NODE_G1_S99_20260903_204510_952576,crashed,47841280.0,26621120.0,31621120.0,153,36.68996597385621,0.028725019464052287,0.0,0.9764777189542484,0.0,0.0,0.999754262614379,0.0,0.0,0.0,0.0,0.0,0.0,1.0,0.0,0.0,0.0,0.0,0.0,0.0,0.0,0.0,0.0,0.0
CEE_X0_SH_NODE_G1_S123,X0,SH,NODE,G1,123,00_CEE_X0_SH_NODE_G1_S123_20260903_204510_953910,crashed,49676290.0,26621120.0,31621120.0,153,69.5485505751634,0.025042963941176468,0.0,0.9690139075163401,0.0,0.0,0.999741498104575,0.0,0.0,0.0,0.0,0.0,0.0,1.0,0.0,0.0,0.0,0.0,0.0,0.0,0.0,0.0,0.0,0.0
CEE_X1_SEP_EDGE_G0_S8,X1,SEP,EDGE,G0,8,00_CEE_X1_SEP_EDGE_G0_S8_20260903_204557_720834,crashed,34865150.0,26621120.0,31621120.0,153,63.873448960784316,0.013134127330065361,0.13766339869281047,0.7651471175816993,0.12242485191503268,0.022336142421568627,0.0009191176509803921,0.01748876635163399,0.973521113529412,0.1232192625882353,0.8767807393464052,0.0006139292777777777,0.1706324548366013,1.0196078431372548,0.00915032722875817,0.1156045751633987,0.9013873150980393,0.24183006535947713,0.0,1.0,0.0,0.0,53.0,38.0
CEE_X1_SEP_EDGE_G0_S99,X1,SEP,EDGE,G0,99,00_CEE_X1_SEP_EDGE_G0_S99_20260903_204557_420340,crashed,36700160.0,26621120.0,31621120.0,153,69.24948005882354,0.01317202500980392,0.15441176470588236,0.773707064379085,0.11694430689542484,0.017105035663398695,0.0026935253356209156,0.011255999774183007,0.9762593188888888,0.11843603135294117,0.8815639695424838,0.000976700391503268,0.16740446705882353,1.0,0.009477124640522874,0.12091503267973856,0.8928654873202615,0.32679738562091504,0.0,1.0,0.0,0.0,59.0,44.0
CEE_X1_SEP_EDGE_G0_S123,X1,SEP,EDGE,G0,123,00_CEE_X1_SEP_EDGE_G0_S123_20260903_204558_341109,crashed,35979264.0,26621120.0,31621120.0,153,57.67780658823529,0.013734306415032678,0.1621732026143791,0.7478792336601308,0.15632486277124183,0.028738687875816987,0.00041807087124183,0.04865579036633987,0.9377010568627451,0.1450014229607843,0.8549985755555556,0.00236335624248366,0.1778425625490196,1.0784313725490196,0.015767974444444444,0.1895424836601307,0.9069177079738562,0.5686274509803921,0.0,1.0,0.0,0.0,64.0,49.0
CEE_X1_SEP_EDGE_G1_S8,X1,SEP,EDGE,G1,8,00_CEE_X1_SEP_EDGE_G1_S8_20260903_204557_128082,crashed,35553280.0,26621120.0,31621120.0,153,58.470106248366015,0.014705882333333331,0.1323529411764706,0.7993013162091503,0.07835701297712418,0.024901365898039218,0.00015956903790849674,0.028176700579084966,0.9556781038562091,0.0760199259738562,0.9239800743137254,0.006781913989542483,0.15146100999999998,1.065359477124183,0.008605664901960783,0.10416666666666667,0.7649834603267973,0.22975791006535948,0.07489556882352941,0.7001730462745098,0.23997009509803924,0.0,94.0,78.0
CEE_X1_SEP_EDGE_G1_S99,X1,SEP,EDGE,G1,99,00_CEE_X1_SEP_EDGE_G1_S99_20260903_204557_876805,crashed,35651584.0,26621120.0,31621120.0,153,53.821934862745096,0.013235254222222222,0.136437908496732,0.8027547562091503,0.06110470245098038,0.02358143991503268,0.00019786560620915032,0.02627463749215686,0.9522729016993464,0.05997389405228759,0.9400261079738561,0.002170794723529412,0.1444352914117647,1.0196078431372548,0.015876906784313728,0.19117647058823528,0.9519946593464051,0.3632557423529412,0.12477426562091502,0.717619395620915,0.2301567,0.0,132.0,116.0
CEE_X1_SEP_EDGE_G1_S123,X1,SEP,EDGE,G1,123,00_CEE_X1_SEP_EDGE_G1_S123_20260903_204557_418663,crashed,35323904.0,26621120.0,31621120.0,153,78.76996209150329,0.013656915411764704,0.07924836601307189,0.8320617783006536,0.06643906047058823,0.019124643591503267,0.0,0.0021446078287581704,0.9943735958169934,0.06570169392156862,0.9342983079084968,0.0002532816862745098,0.1496919543137255,1.0,0.0027505448692810457,0.03799019607843137,0.45751633986928103,0.07434556457516339,0.04019809686274511,0.6381527160130719,0.2630742035294118,0.0,101.0,85.0
CEE_X1_SEP_NODE_G0_S8,X1,SEP,NODE,G0,8,00_CEE_X1_SEP_NODE_G0_S8_20260903_204536_307882,crashed,39256064.0,26621120.0,31621120.0,153,52.58573683006536,0.012745776224836601,0.1809640522875817,0.763335127254902,0.0,0.0,0.9845983959477124,0.0,0.0,0.0,0.0,0.0,0.0,1.0,0.0,0.0,0.0,0.0,0.0,0.0,0.0,0.0,66.0,50.0
CEE_X1_SEP_NODE_G0_S99,X1,SEP,NODE,G0,99,00_CEE_X1_SEP_NODE_G0_S99_20260903_204536_751671,crashed,40042496.0,26621120.0,31621120.0,153,56.26797366666668,0.013676263179738562,0.16952614379084968,0.7817134841830066,0.0,0.0,0.9929278997385622,0.0,0.0,0.0,0.0,0.0,0.0,1.0,0.0,0.0,0.0,0.0,0.0,0.0,0.0,0.0,71.0,55.0
CEE_X1_SEP_NODE_G0_S123,X1,SEP,NODE,G0,123,00_CEE_X1_SEP_NODE_G0_S123_20260903_204536_330784,crashed,39354370.0,26621120.0,31621120.0,153,42.53104667320262,0.012363408875163396,0.13766339869281047,0.7939300673202614,0.0,0.0,0.9926087620261438,0.0,0.0,0.0,0.0,0.0,0.0,1.0,0.0,0.0,0.0,0.0,0.0,0.0,0.0,0.0,75.0,59.0
CEE_X1_SEP_NODE_G1_S8,X1,SEP,NODE,G1,8,00_CEE_X1_SEP_NODE_G1_S8_20260903_204601_685265,crashed,38535170.0,26621120.0,31621120.0,153,43.95356840522876,0.012316136548366014,0.1576797385620915,0.7700401450326797,0.0,0.0,0.9882493367320262,0.0,0.0,0.0,0.0,0.0,0.0,1.0,0.0,0.0,0.0,0.0,0.0,0.0,0.0,0.0,66.0,50.0
CEE_X1_SEP_NODE_G1_S99,X1,SEP,NODE,G1,99,00_CEE_X1_SEP_NODE_G1_S99_20260903_204602_291735,crashed,39321600.0,26621120.0,31621120.0,153,44.57404390849673,0.013097426441830063,0.10089869281045752,0.8168630041830066,0.0,0.0,0.98247612751634,0.0,0.0,0.0,0.0,0.0,0.0,1.0,0.0,0.0,0.0,0.0,0.0,0.0,0.0,0.0,80.0,64.0
CEE_X1_SEP_NODE_G1_S123,X1,SEP,NODE,G1,123,00_CEE_X1_SEP_NODE_G1_S123_20260903_204557_334230,crashed,39583744.0,26621120.0,31621120.0,153,49.18221973202614,0.014681548107843138,0.12745098039215685,0.793395343856209,0.0,0.0,0.9790294373202616,0.0,0.0,0.0,0.0,0.0,0.0,1.0,0.0,0.0,0.0,0.0,0.0,0.0,0.0,0.0,80.0,64.0
CEE_X1_SH_EDGE_G0_S8,X1,SH,EDGE,G0,8,00_CEE_X1_SH_EDGE_G0_S8_20260903_204537_916183,crashed,36667390.0,26621120.0,31621120.0,153,84.55993535294118,0.014415267238562091,0.1343954248366013,0.7995848974509804,0.11824835056862744,0.014463265630718954,3.1913807189542485e-06,0.004155177634967321,0.9902886283006536,0.12010707279084967,0.8798929304575165,0.0003463667679738562,0.1648933688235294,1.0,0.004084967640522876,0.059640522875817,0.7777777777777778,0.1503267973856209,0.0,1.0,0.0,0.0,41.0,26.0
CEE_X1_SH_EDGE_G0_S99,X1,SH,EDGE,G0,99,00_CEE_X1_SH_EDGE_G0_S99_20260903_204537_214781,crashed,36700160.0,26621120.0,31621120.0,153,77.19986150980392,0.014307358679738563,0.1454248366013072,0.786207734117647,0.1487473188496732,0.023956489542483663,0.0005361519594771243,0.031160641246405225,0.957535486862745,0.14080139471241832,0.8591986090196079,0.005971043238562091,0.17620309248366015,1.0065359477124183,0.01936274566666667,0.2540849673202614,0.9987311934640521,0.45751633986928103,0.0,1.0,0.0,0.0,67.0,52.0
CEE_X1_SH_EDGE_G0_S123,X1,SH,EDGE,G0,123,00_CEE_X1_SH_EDGE_G0_S123_20260903_204536_362576,crashed,37060610.0,26621120.0,31621120.0,153,68.20029086928105,0.01389467327124183,0.11356209150326797,0.796567482875817,0.10834613872549022,0.018226469065359477,0.00044360191797385623,0.0005425347199346406,0.994198068627451,0.10970376753594772,0.8902962320915034,0.0003056169823529412,0.16326138307189544,1.0,0.005773420745098039,0.07516339869281045,0.5816993464052288,0.0784313725490196,0.0,1.0,0.0,0.0,63.0,48.0
CEE_X1_SH_EDGE_G1_S8,X1,SH,EDGE,G1,8,00_CEE_X1_SH_EDGE_G1_S8_20260903_204536_382554,crashed,35979264.0,26621120.0,31621120.0,153,75.58703884313725,0.014173719562745098,0.1213235294117647,0.8284830530718954,0.06259065003267975,0.017160424258169934,0.0003670087843137255,0.020396114238888888,0.960998136013072,0.06157919378431373,0.9384208040522876,0.002287630081045752,0.13423278166666666,1.0,0.0052015253398692805,0.068218954248366,0.6762585373856208,0.19475214202614377,0.08539363104575164,0.603170380130719,0.2833141553594771,0.0,201.0,185.0
CEE_X1_SH_EDGE_G1_S99,X1,SH,EDGE,G1,99,00_CEE_X1_SH_EDGE_G1_S99_20260903_204536_307617,crashed,35553280.0,26621120.0,31621120.0,153,60.07020496732026,0.012907738799346405,0.13848039215686275,0.7997259743790849,0.06766800521568628,0.0199883428627451,0.00022658802777777778,0.03393395128104575,0.940697764117647,0.06331541204575164,0.9366845864052289,0.006642338201960784,0.13882153588235294,1.0196078431372548,0.00789760388235294,0.10294117647058823,0.7821825499346405,0.2552083330718954,0.09937547725490196,0.6702009492156863,0.2525481439869281,0.0,146.0,130.0
CEE_X1_SH_EDGE_G1_S123,X1,SH,EDGE,G1,123,00_CEE_X1_SH_EDGE_G1_S123_20260903_204536_480007,crashed,35487744.0,26621120.0,31621120.0,153,62.00844279084967,0.01216115515359477,0.12214052287581699,0.7700607152287582,0.06667341564379084,0.019862736006535944,0.0023456648369281044,0.017629187104901963,0.9733328230065362,0.06549784292156863,0.9345021568627452,0.0010399424450980395,0.15777307732026144,1.0130718954248366,0.0041394337647058825,0.053513071895424834,0.46253927385620913,0.13998720183006533,0.056407166274509805,0.6932729005882353,0.23880228509803922,0.0,125.0,109.0
CEE_X1_SH_NODE_G0_S8,X1,SH,NODE,G0,8,00_CEE_X1_SH_NODE_G0_S8_20260903_204523_336731,crashed,39092224.0,26621120.0,31621120.0,153,33.884936562091504,0.012676762585620914,0.1111111111111111,0.7854562790849673,0.0,0.0,0.983139935359477,0.0,0.0,0.0,0.0,0.0,0.0,1.0,0.0,0.0,0.0,0.0,0.0,0.0,0.0,0.0,77.0,61.0
CEE_X1_SH_NODE_G0_S99,X1,SH,NODE,G0,99,00_CEE_X1_SH_NODE_G0_S99_20260903_204527_358187,crashed,38993920.0,26621120.0,31621120.0,153,56.03514494117646,0.013587901816339867,0.16380718954248366,0.78662978,0.0,0.0,0.9911151960784313,0.0,0.0,0.0,0.0,0.0,0.0,1.0,0.0,0.0,0.0,0.0,0.0,0.0,0.0,0.0,69.0,53.0
CEE_X1_SH_NODE_G0_S123,X1,SH,NODE,G0,123,00_CEE_X1_SH_NODE_G0_S123_20260903_204528_042157,crashed,39747584.0,26621120.0,31621120.0,153,45.40328244444444,0.013591891032026146,0.14501633986928106,0.7643156908496732,0.0,0.0,0.9942778529411763,0.0,0.0,0.0,0.0,0.0,0.0,1.0,0.0,0.0,0.0,0.0,0.0,0.0,0.0,0.0,68.0,52.0
CEE_X1_SH_NODE_G1_S8,X1,SH,NODE,G1,8,00_CEE_X1_SH_NODE_G1_S8_20260903_204528_208908,crashed,39026690.0,26621120.0,31621120.0,153,41.697321137254896,0.01237098840522876,0.10866013071895425,0.809902237124183,0.0,0.0,0.9888588903267974,0.0,0.0,0.0,0.0,0.0,0.0,1.0,0.0,0.0,0.0,0.0,0.0,0.0,0.0,0.0,66.0,50.0
CEE_X1_SH_NODE_G1_S99,X1,SH,NODE,G1,99,00_CEE_X1_SH_NODE_G1_S99_20260903_204526_630459,crashed,39256064.0,26621120.0,31621120.0,153,42.54781430065359,0.01254890792875817,0.13684640522875818,0.7768180282352941,0.0,0.0,0.984563290130719,0.0,0.0,0.0,0.0,0.0,0.0,1.0,0.0,0.0,0.0,0.0,0.0,0.0,0.0,0.0,67.0,51.0
CEE_X1_SH_NODE_G1_S123,X1,SH,NODE,G1,123,00_CEE_X1_SH_NODE_G1_S123_20260903_204526_526312,crashed,38666240.0,26621120.0,31621120.0,153,38.567494065359476,0.012639463333986928,0.10498366013071896,0.7962888852287583,0.0,0.0,0.9843462766666666,0.0,0.0,0.0,0.0,0.0,0.0,1.0,0.0,0.0,0.0,0.0,0.0,0.0,0.0,0.0,72.0,56.0
