contrast,metric,n_pairs,mean_delta,sd_delta,positive_pairs,negative_pairs
SRC-ARR,coverage_auc,18,9.751728033333336,14.55081740554465,14,4
SRC-ARR,dg_density,18,0.00018276648888888896,0.002441841885515047,10,8
SRC-ARR,dg_silent_fraction,18,0.0,0.0,0,0
SRC-ARR,dg_usage_entropy,18,6.839499999998654e-05,0.0036627890339423603,5,13
SRC-ARR,spatial_information,18,-0.026509532777777782,0.04961045882750864,6,12
SRC-ARR,active_map_cosine,18,0.06632455161111112,0.06662565343351577,15,3
SRC-ARR,mono_field_fraction,18,-0.04606481444444444,0.14368851548916003,3,6
SRC-ARR,active_unit_fraction,18,0.0,0.0,0,0
SRC-ARR,unique_peak_bins,18,0.16666666666666666,1.2485285456935957,4,5
SRC-ARR,path_efficiency,18,0.051981188111111104,0.0786158460633704,14,4
SRC-ARR,option_success,18,0.05658524099999995,0.10308890928030548,11,7
SRC-ARR,action_probability_tv,18,0.0009915406996111112,0.001802970998971308,14,4
SRC-ARR,action_sensitivity,18,0.004235318610777778,0.007161695089988687,14,4
SRC-ARR,target_hit_rate_aggregated,18,0.0046874158497003,0.005407718097980287,13,5
SRC-ARR,shuffled_hit_rate_aggregated,18,0.004530595958184159,0.005413222950228181,13,5
SRC-ARR,target_hit_rate_delta,18,0.00015681989151614098,0.00045030786636577144,9,9
SRC-ARR,target_hit_advantage,18,0.011048362218827077,0.025024865949496926,9,9
SRC-ARR,largest_scc,18,0.7777777777777781,1.3193383170253346,12,5
SRC-ARR,reachable_pair_fraction,18,0.046712966444444455,0.07847946243293122,12,6
SRC-ARR,outgoing_node_fraction,18,0.004166666666666664,0.008574929257125432,6,1
SRC-ARR,top3_incoming_share,18,0.0006238508888888791,0.0901502102706561,11,7
SRC-ARR,reliable_global_efficiency,18,0.0413934072222222,0.05102710581099172,12,6
SRC-ARR,grounded_controllability,18,-0.01170584888777778,0.03452198371632293,2,6
SRC-ARR,attempt_coverage,18,0.0018518494444444361,0.019777269029224286,10,8
SRC-ARR,fully_tested_count,18,0.3222222222222221,2.339571493081977,10,6
SRC-ARR,predictive_gap,18,-0.1142176637777778,0.11896115376912143,4,14
SRC-ARR,credit_replay_match,18,0.0011724056666666354,0.0071988413634753775,9,9
SRC-ARR,behavior_replay_mismatch,18,0.0,0.0,0,0
SRC-ARR,stale_generation_fraction,18,0.003472222222222222,0.01473139127471974,1,0
SRC-ARR,recruitment_total,18,0.05555555555555555,0.23570226039551584,1,0
SRC-ARR,repeat_total,18,0.0,0.0,0,0
SRC-ARR,goal_adapter_reset_total,18,0.0,0.0,0,0
SRC-ARR,dropped_rollouts_total,18,477.8333333333333,2027.275141661832,1,0
SRC-ARR,dropped_decisions_total,18,30581.333333333332,129745.60906635725,1,0
SRC-ARR,deferred_updates_total,18,0.1111111111111111,0.4714045207910317,1,0
FILM-LEG,coverage_auc,18,12.226911277777777,16.261248805457086,15,3
FILM-LEG,dg_density,18,0.0004228379555555556,0.001994483643572914,11,7
FILM-LEG,dg_silent_fraction,18,0.0,0.0,0,0
FILM-LEG,dg_usage_entropy,18,-0.000946936555555506,0.0027349115699552193,10,8
FILM-LEG,spatial_information,18,-0.0040856061111111085,0.048914103835854816,7,11
FILM-LEG,active_map_cosine,18,0.027531828944444444,0.0714035399775467,12,6
FILM-LEG,mono_field_fraction,18,0.003009258888888889,0.10544611895696504,4,4
FILM-LEG,active_unit_fraction,18,0.0,0.0,0,0
FILM-LEG,unique_peak_bins,18,-0.05555555555555555,1.3048426644944466,5,7
FILM-LEG,path_efficiency,18,0.028096162111111114,0.08047293854494068,12,6
FILM-LEG,option_success,18,0.0022256156666666774,0.12320889889019598,8,10
FILM-LEG,action_probability_tv,18,0.0010438872886333334,0.0018219550415741609,14,4
FILM-LEG,action_sensitivity,18,0.005948774270777778,0.007387447188520209,16,2
FILM-LEG,target_hit_rate_aggregated,18,-0.0008146324642642083,0.00877220513142725,8,10
FILM-LEG,shuffled_hit_rate_aggregated,18,-0.0009048068406345156,0.008771236757403844,9,9
FILM-LEG,target_hit_rate_delta,18,9.017437637030757e-05,0.0004941929276237627,11,7
FILM-LEG,target_hit_advantage,18,0.006816282361744006,0.029564582551728506,10,8
FILM-LEG,largest_scc,18,0.28888888888888903,1.1255790085885415,11,7
FILM-LEG,reachable_pair_fraction,18,0.01689814844444445,0.06703440855029436,11,7
FILM-LEG,outgoing_node_fraction,18,0.00277777777777778,0.00808452083454442,6,2
FILM-LEG,top3_incoming_share,18,0.015331850444444402,0.10159835460887486,10,8
FILM-LEG,reliable_global_efficiency,18,0.023939044777777765,0.06202573528379074,13,5
FILM-LEG,grounded_controllability,18,0.009328454583333335,0.03244855760777277,3,4
FILM-LEG,attempt_coverage,18,-0.011481483666666657,0.023635223655089115,4,14
FILM-LEG,fully_tested_count,18,-1.1666666666666667,2.5095113187279168,6,12
FILM-LEG,predictive_gap,18,-0.016320467777777778,0.10647458158355028,7,11
FILM-LEG,credit_replay_match,18,3.7481666666672186e-05,0.004577547910139399,8,10
FILM-LEG,behavior_replay_mismatch,18,0.0,0.0,0,0
FILM-LEG,stale_generation_fraction,18,-0.003472222222222222,0.01473139127471974,0,1
FILM-LEG,recruitment_total,18,-0.05555555555555555,0.23570226039551584,0,1
FILM-LEG,repeat_total,18,0.0,0.0,0,0
FILM-LEG,goal_adapter_reset_total,18,0.0,0.0,0,0
FILM-LEG,dropped_rollouts_total,18,-477.8333333333333,2027.275141661832,0,1
FILM-LEG,dropped_decisions_total,18,-30581.333333333332,129745.60906635725,0,1
FILM-LEG,deferred_updates_total,18,-0.1111111111111111,0.4714045207910317,0,1
DIRO-MON,coverage_auc,12,3.9624723500000005,13.023858293532653,8,4
DIRO-MON,dg_density,12,-0.0001988728333333327,0.0024400762319481853,7,5
DIRO-MON,dg_silent_fraction,12,0.0,0.0,0,0
DIRO-MON,dg_usage_entropy,12,0.00032611133333335096,0.004477705148849984,7,5
DIRO-MON,spatial_information,12,-0.005188425000000003,0.04778186994451457,7,5
DIRO-MON,active_map_cosine,12,0.013486875750000002,0.04461304655927459,7,5
DIRO-MON,mono_field_fraction,12,0.036458333333333336,0.16959664157445256,3,3
DIRO-MON,active_unit_fraction,12,0.0,0.0,0,0
DIRO-MON,unique_peak_bins,12,-0.4166666666666667,0.90033663737852,2,6
DIRO-MON,path_efficiency,12,0.019492785833333335,0.07221018817556671,7,5
DIRO-MON,option_success,12,0.022054489833333343,0.09955449106429352,6,6
DIRO-MON,action_probability_tv,12,0.0001365179097499999,0.001884788464638275,7,5
DIRO-MON,action_sensitivity,12,0.0007480668413333338,0.0058213425194683175,7,5
DIRO-MON,target_hit_rate_aggregated,12,0.0015132701910507357,0.006315411849239457,9,3
DIRO-MON,shuffled_hit_rate_aggregated,12,0.0018367272767724088,0.006223784915542657,8,4
DIRO-MON,target_hit_rate_delta,12,-0.0003234570857216731,0.0003938963367276985,3,9
DIRO-MON,target_hit_advantage,12,-0.019947981746383348,0.019767178149460603,2,10
DIRO-MON,largest_scc,12,0.45,1.429876027684028,8,3
DIRO-MON,reachable_pair_fraction,12,0.025347224166666644,0.08584359987208331,8,4
DIRO-MON,outgoing_node_fraction,12,0.0010416666666666723,0.009912018263734477,2,2
DIRO-MON,top3_incoming_share,12,-0.002025556833333303,0.07414669627018393,6,6
DIRO-MON,reliable_global_efficiency,12,0.01913227733333335,0.06920422219179574,7,5
DIRO-MON,grounded_controllability,12,0.009911521533333335,0.044143948838047495,3,1
DIRO-MON,attempt_coverage,12,0.006666669333333365,0.02514855056168602,7,5
DIRO-MON,fully_tested_count,12,0.5000000000000001,2.9658664225422617,7,5
DIRO-MON,predictive_gap,12,-0.031092262000000048,0.10845779130700592,4,8
DIRO-MON,credit_replay_match,12,0.0018480195000000477,0.004636090292612938,8,4
DIRO-MON,behavior_replay_mismatch,12,0.0,0.0,0,0
DIRO-MON,stale_generation_fraction,12,0.0,0.0,0,0
DIRO-MON,recruitment_total,12,0.0,0.0,0,0
DIRO-MON,repeat_total,12,0.0,0.0,0,0
DIRO-MON,goal_adapter_reset_total,12,0.0,0.0,0,0
DIRO-MON,dropped_rollouts_total,12,0.0,0.0,0,0
DIRO-MON,dropped_decisions_total,12,0.0,0.0,0,0
DIRO-MON,deferred_updates_total,12,0.0,0.0,0,0
PREDO-MON,coverage_auc,12,0.44351508333333545,12.313584304170922,7,5
PREDO-MON,dg_density,12,-0.0010106404666666662,0.0018285939745123316,2,10
PREDO-MON,dg_silent_fraction,12,0.0,0.0,0,0
PREDO-MON,dg_usage_entropy,12,-0.00023397899999999527,0.0032048965962499696,7,5
PREDO-MON,spatial_information,12,0.0021085604166666667,0.03737044342254175,6,6
PREDO-MON,active_map_cosine,12,-0.015015025916666667,0.05470785481136561,5,7
PREDO-MON,mono_field_fraction,12,-0.015972221666666665,0.08840322761277955,2,5
PREDO-MON,active_unit_fraction,12,0.0,0.0,0,0
PREDO-MON,unique_peak_bins,12,-0.16666666666666666,0.5773502691896258,1,3
PREDO-MON,path_efficiency,12,0.005649968333333336,0.08712031549697594,8,4
PREDO-MON,option_success,12,-0.020721283166666663,0.08468777121631735,3,9
PREDO-MON,action_probability_tv,12,-2.879722938333331e-05,0.0008148397596454326,6,6
PREDO-MON,action_sensitivity,12,0.0011614453608333336,0.006681186327090506,8,4
PREDO-MON,target_hit_rate_aggregated,12,-0.0006670027948072723,0.008693563729310978,5,7
PREDO-MON,shuffled_hit_rate_aggregated,12,-0.0005188314988949309,0.008799518772247869,5,7
PREDO-MON,target_hit_rate_delta,12,-0.0001481712959123417,0.00034682991100178296,5,7
PREDO-MON,target_hit_advantage,12,-0.006481955643321213,0.02066105481838333,6,6
PREDO-MON,largest_scc,12,0.25,1.549486718532654,7,5
PREDO-MON,reachable_pair_fraction,12,0.013958333333333342,0.09186626334740197,7,5
PREDO-MON,outgoing_node_fraction,12,-0.004166666666666652,0.011095317057482427,2,5
PREDO-MON,top3_incoming_share,12,-0.0010156683333333444,0.12203478808680744,5,7
PREDO-MON,reliable_global_efficiency,12,0.0069510603333333655,0.06381226165171723,6,6
PREDO-MON,grounded_controllability,12,-0.002424907518333333,0.012229125399316648,4,2
PREDO-MON,attempt_coverage,12,0.0037500068333333656,0.025614917417262042,5,7
PREDO-MON,fully_tested_count,12,-0.3166666666666666,3.2601821849074444,4,7
PREDO-MON,predictive_gap,12,-0.02696502466666667,0.09645545122742268,5,7
PREDO-MON,credit_replay_match,12,0.0004574066666667061,0.006430895912956682,6,6
PREDO-MON,behavior_replay_mismatch,12,0.0,0.0,0,0
PREDO-MON,stale_generation_fraction,12,0.005208333333333333,0.018042195912175804,1,0
PREDO-MON,recruitment_total,12,0.08333333333333333,0.28867513459481287,1,0
PREDO-MON,repeat_total,12,0.0,0.0,0,0
PREDO-MON,goal_adapter_reset_total,12,0.0,0.0,0,0
PREDO-MON,dropped_rollouts_total,12,716.75,2482.894832649986,1,0
PREDO-MON,dropped_decisions_total,12,45872.0,158905.2692895991,1,0
PREDO-MON,deferred_updates_total,12,0.16666666666666666,0.5773502691896257,1,0
