condition,seed,window_low,window_high,terminal,target_hit_rate,target_hit_rate__n,timeout_rate,timeout_rate__n,option_success_fraction,option_success_fraction__n,elapsed_on_hit,elapsed_on_hit__n,elapsed_on_timeout,elapsed_on_timeout__n,target_selected_deadline,target_selected_deadline__n,selected_deadline_positive,selected_deadline_positive__n,learned_deadline_fraction,learned_deadline_fraction__n,known_controllability_time,known_controllability_time__n,known_edge_fraction,known_edge_fraction__n,target_hit_lift,target_hit_lift__n,action_sensitivity,action_sensitivity__n,target_valid_fraction,target_valid_fraction__n,selected_target_visits,selected_target_visits__n
C03,123,0,10000000,0,0.02192142674180328,305,0.07262743340163934,305,0.2276655529366165,305,7.1573094711929075,305,12.61279541078161,305,12.905232579590844,305,12.905232579590844,305,0.9586512201145047,305,9.232763834468654,305,0.17510928764756098,305,41.79478435203677,305,0.001109901258195216,305,0.9702100409836065,305,3666.2755717074283,305
C03,123,10000000,20000000,0,0.0280913806352459,305,0.08560771004098361,305,0.24684989642901498,305,5.901660672172171,305,9.678586912936852,305,9.6649383951406,305,9.6649383951406,305,1.0,305,5.559943715079886,305,0.16799180238950448,305,0.8526652994703074,305,0.0033760918498985837,305,1.0,305,4140.774178726947,305
C03,123,20000000,30000000,0,0.03263799948770492,305,0.08935706967213115,305,0.266868205392947,305,5.425035455578663,305,9.184433486813404,305,9.139281641850706,305,9.139281641850706,305,1.0,305,5.281858375424244,305,0.16816939828825778,305,0.8772957139327878,305,0.007792253734269103,305,1.0,305,3944.3790255186987,305
C03,123,30000000,40000000,0,0.03256435706967213,305,0.0913422131147541,305,0.2622266669253834,305,5.245493230663362,305,9.070855781680248,305,8.994466012423155,305,8.994466012423155,305,1.0,305,5.328448516032735,305,0.1587978117778653,305,0.9075739158958686,305,0.010305195246807864,305,1.0,305,3522.97385053791,305
C03,123,40000000,50000000,0,0.030790535348360657,305,0.08881435706967213,305,0.2570264734205652,305,5.592727157717846,305,9.294425750169598,305,9.268078819650118,305,9.268078819650118,305,1.0,305,5.525375413112953,305,0.16930327757460173,305,0.9189355555127878,305,0.011251269059530536,305,1.0,305,3531.594237480789,305
C03,123,50000000,60000000,0,0.025853375204248366,306,0.09703233506944445,306,0.2097849578785351,306,5.247849712963977,306,8.868416234558703,306,8.866914736679178,306,8.866914736679178,306,1.0,306,5.124980938980003,306,0.16505990951668983,306,0.9291304671296886,306,0.013003026211354273,306,1.0,306,3159.3528933057596,306
C03,123,60000000,70000000,0,0.027001152663934425,305,0.09797003073770492,305,0.2148056864494183,305,6.4025687162993385,305,8.425056638873992,305,8.674451909299757,305,8.674451909299757,305,1.0,305,5.0491781469251285,305,0.14147540902505157,305,0.9197459185709719,305,0.011845992725403582,305,1.0,305,3150.769580078125,305
C03,123,70000000,80000000,0,0.03410604508196721,305,0.07944896260245901,305,0.30060120899169174,305,9.729606162524615,305,8.321057304007109,305,9.525701848014457,305,9.525701848014457,305,1.0,305,6.0834197247614625,305,0.13109289705753327,305,0.945109522733532,305,0.011633245353815986,305,1.0,305,3803.3557200947744,305
C03,123,80000000,90000000,0,0.03818359375,305,0.08421971055327869,305,0.3117408571184659,305,8.589665305028197,305,7.891701082323419,305,8.974784058430156,305,8.974784058430156,305,1.0,305,5.930512209407619,305,0.1324453598163167,305,0.9768314261905483,305,0.014205634090133378,305,1.0,305,3613.3690485719776,305
C03,123,90000000,100040704,1,0.03893048910830619,307,0.08663095480456026,307,0.31008797587905723,307,8.138850640784646,307,7.812348417039803,307,8.763895112450815,307,8.763895112450815,307,1.0,307,5.59819073475145,307,0.1443811071617984,307,0.9796428105730187,307,0.015886989613260818,307,1.0,307,3530.514442468699,307
C03,8,0,10000000,0,0.01585873463114754,305,0.06808241547131147,305,0.1892043913485574,305,7.850115285154249,305,14.33516966084965,305,14.615574839857757,305,14.615574839857757,305,0.9540213223363533,305,11.432296030638648,305,0.21424863328393853,305,0.8149148472019884,305,0.0008061335869152557,305,0.9690269595286886,305,4024.2401156566184,305
C03,8,10000000,20000000,0,0.021993468237704917,305,0.09196657274590164,305,0.19215705130921035,305,5.08742663586726,305,9.610210528139207,305,9.428768292411428,305,9.428768292411428,305,1.0,305,5.776125732797091,305,0.20105191498506264,305,0.8931239223871075,305,0.003921081874992882,305,1.0,305,3818.4318079213626,305
C03,8,20000000,30000000,0,0.023706454918032787,305,0.08717181096311476,305,0.21250679082557802,305,5.281087490769683,305,9.9662404732626,305,9.764352226257325,305,9.764352226257325,305,1.0,305,5.840793476730097,305,0.21326502673938627,305,0.9332018889364649,305,0.007913589905031392,305,1.0,305,3891.8128498014858,305
C03,8,30000000,40000000,0,0.03343045594262295,305,0.08199923155737705,305,0.2892518187644052,305,6.298560572452232,305,9.57667380942673,305,9.647465568292336,305,9.647465568292336,305,1.0,305,5.707737968007072,305,0.18195355036219613,305,0.9618896288949935,305,0.01570564218964733,305,1.0,305,3902.3651287141392,305
C03,8,40000000,50000000,0,0.043578701331967215,305,0.07738857581967214,305,0.36129968083295666,305,7.801543518754302,305,8.388299630899898,305,9.542220467426738,305,9.542220467426738,305,1.0,305,5.864299272318355,305,0.1692622935185667,305,0.9934913107606231,305,0.013673571399489387,305,1.0,305,3370.97400822874,305
C03,8,50000000,60000000,0,0.046782449959150325,306,0.07327410130718955,306,0.3906376123233558,306,8.136930789822847,306,8.368939575806163,306,9.758268761478998,306,9.758268761478998,306,1.0,306,6.131792802436679,306,0.15310457606915556,306,1.0116734952708475,306,0.015481900204630458,306,1.0,306,3124.6806975719974,306
C03,8,60000000,70000000,0,0.05053951075819672,305,0.06451876280737705,305,0.4424282657318428,305,8.75400969395872,305,8.594477162595656,305,10.49297453770872,305,10.49297453770872,305,1.0,305,6.298149790529345,305,0.14396174887164695,305,1.0232330558729954,305,0.016909838034237016,305,1.0,305,3221.2221863793543,305
C03,8,70000000,80000000,0,0.04536693135245902,305,0.06477010758196722,305,0.41728145592525356,305,9.140615586765477,305,8.864084285986229,305,10.601186198875553,305,10.601186198875553,305,1.0,305,6.441549888986056,305,0.15266393642933643,305,1.0382078792228073,305,0.017151235749364876,305,1.0,305,3572.18355612833,305
C03,8,80000000,90000000,0,0.04165759477459016,305,0.07483190317622951,305,0.36584400720283633,305,8.051915681557578,305,8.599314766242856,305,9.786907233566534,305,9.786907233566534,305,1.0,305,6.287409493180572,305,0.15325136844251977,305,1.0305422597244138,305,0.017603382199514107,305,1.0,305,3273.3709008388832,305
C03,8,90000000,100040704,1,0.03656065502850163,307,0.07081350519136807,307,0.35543830959727013,307,8.749577040781027,307,9.382682525373825,307,10.857660573157892,307,10.857660573157892,307,0.999022603423277,307,7.138814620164007,307,0.14501900301111637,307,1.0029314604954922,307,0.017807828286717304,307,1.0,307,3050.402141757431,307
C03,99,0,10000000,0,0.022640240778688526,305,0.06395203637295081,305,0.2467444045866122,305,8.723308791488897,305,13.5008650388874,305,14.114806109569113,305,14.114806109569113,305,0.9566522794668791,305,10.307234538969446,305,0.18292349655425452,305,0.7300796395442525,305,0.0006961609347108904,305,0.971495581454918,305,3237.237522179963,305
C03,99,10000000,20000000,0,0.040713050717213116,305,0.05548315829918033,305,0.42538840829348956,305,9.621255976254822,305,10.923307106143138,305,12.117794737268667,305,12.117794737268667,305,1.0,305,6.5775560457198345,305,0.15479508457613772,305,0.7827493182948378,305,0.00119321333095584,305,1.0,305,4311.337324699027,305
C03,99,20000000,30000000,0,0.06429303278688525,305,0.03531314036885246,305,0.6415200586201715,305,8.62960012310841,305,12.20248098217073,305,12.524275917303367,305,12.524275917303367,305,0.9980344807515379,305,6.739772823208668,305,0.14028688581263432,305,0.9246295309457623,305,0.0018128216789546805,305,1.0,305,4189.955700083248,305
C03,99,30000000,40000000,0,0.07409707991803278,305,0.03262999487704918,305,0.6944898105058513,305,8.759466269758882,305,10.632251286115803,305,12.059926417616547,305,12.059926417616547,305,1.0,305,7.576683505636747,305,0.14491803333407544,305,0.9302624931100939,305,0.002033882590819944,305,1.0,305,3889.216294185451,305
C03,99,40000000,50000000,0,0.07293961321721311,305,0.0286773181352459,305,0.7171807013574194,305,9.232046794891357,305,11.269332816952565,305,12.746431406990427,305,12.746431406990427,305,1.0,305,7.539750941855009,305,0.17659836054825392,305,0.932356023593027,305,0.0022907521724548252,305,1.0,305,4371.534732806096,305
C03,99,50000000,60000000,0,0.07220498876633986,306,0.028210209865196078,306,0.7184378119075999,306,9.540784502341078,306,10.837191170337153,306,13.005475782880596,306,13.005475782880596,306,1.0,306,7.7687648589314975,306,0.13307462221169783,306,0.9574950349097159,306,0.0027996404066048808,306,1.0,306,4200.986921721814,306
C03,99,60000000,70000000,0,0.06276415215163934,305,0.033334400614754095,305,0.6541567994922888,305,10.298180498842333,305,10.436707063581123,305,12.987467806456518,305,12.987467806456518,305,1.0,305,7.731154835810427,305,0.14577868932583293,305,0.9993326753866477,305,0.0031804944858046585,305,1.0,305,4795.875339395492,305
C03,99,70000000,80000000,0,0.06215580174180328,305,0.03722624231557377,305,0.6260507001251471,305,9.504778528995201,305,10.8820134678825,305,12.410863319772188,305,12.410863319772188,305,1.0,305,7.951008648168846,305,0.16185792450044975,305,0.9609027651489758,305,0.003021243545913794,305,1.0,305,4583.276761014345,305
C03,99,80000000,90000000,0,0.060433209528688525,305,0.033273565573770494,305,0.6447219788051043,305,9.381797790527344,305,12.805105897246815,305,13.12515260039783,305,13.12515260039783,305,1.0,305,8.736916557687227,305,0.1573770485940527,305,0.9948624708613412,305,0.002461043955208581,305,1.0,305,4681.105804943648,305
C03,99,90000000,100040704,1,0.06354018220684039,307,0.028307588558631924,307,0.692125485657869,307,10.278362100209787,307,12.03792443415241,307,13.685169403250132,307,13.685169403250132,307,1.0,307,9.32450547047469,307,0.15188653689448142,307,1.0261601351371417,307,0.003941596524353087,307,1.0,307,5257.588347096396,307
C05,123,0,10000000,0,0.020816790471311474,305,0.08957959784836066,305,0.18547426066437706,305,5.790463303737953,305,11.253066594483423,305,11.45682496711856,305,11.45682496711856,305,0.9434946252857563,305,8.111574258960662,305,0.18334699345019753,305,0.8156816463001438,305,0.0007814674932589815,305,0.9655913806352459,305,3299.945670237307,305
C05,123,10000000,20000000,0,0.028734951331967212,305,0.11155865778688524,305,0.20438445142058076,305,4.2683544784295755,305,7.818778521115663,305,7.77988193699571,305,7.77988193699571,305,1.0,305,4.672702437541524,305,0.17978141703566566,305,0.8941791530515327,305,0.003969161686884453,305,1.0,305,3647.0074154713116,305
C05,123,20000000,30000000,0,0.0447297643442623,305,0.0985623719262295,305,0.3098473063257874,305,4.711831491501605,305,7.924377660282323,305,7.985096073150634,305,7.985096073150634,305,0.999893774751757,305,4.647270754517102,305,0.179877045017774,305,0.9985512010386732,305,0.01218838017494952,305,1.0,305,3101.220568647541,305
C05,123,30000000,40000000,0,0.051884285348360655,305,0.0942991162909836,305,0.3530726671707435,305,4.948562661937026,305,7.825306085680352,305,8.000368404388428,305,8.000368404388428,305,1.0,305,4.790696026848965,305,0.1754781373211595,305,1.0575479241668202,305,0.010797243800441749,305,1.0,305,2908.679417744621,305
C05,123,40000000,50000000,0,0.054655481557377046,305,0.09220831198770492,305,0.369934774471111,305,4.725942435811778,305,7.987128048255795,305,7.957246411432985,305,7.957246411432985,305,1.0,305,4.817474684168081,305,0.17624316523309613,305,1.1296152521352298,305,0.010287335973049774,305,1.0,305,3010.040417680584,305
C05,123,50000000,60000000,0,0.05247268178104575,306,0.08661088133169935,306,0.3746648266229754,306,5.394809800814959,306,8.221466125226488,306,8.403862749049866,306,8.403862749049866,306,1.0,306,4.923615404203827,306,0.13507625168445064,306,1.0143192659795675,306,0.007286323118784459,306,1.0,306,3031.0852840647976,306
C05,123,60000000,70000000,0,0.05135117827868853,305,0.08575979764344262,305,0.3711035564786098,305,5.275581407546997,305,8.460093990701143,305,8.531128920883429,305,8.531128920883429,305,1.0,305,4.926163171549312,305,0.14658469970597596,305,1.0499355837947033,305,0.007436399120593169,305,1.0,305,3000.114000064037,305
C05,123,70000000,80000000,0,0.05653816598360656,305,0.08703733350409835,305,0.3917024944649368,305,4.960157924401956,305,8.204068341802378,305,8.273219174244364,305,8.273219174244364,305,1.0,305,4.394594470790175,305,0.15896174932112458,305,1.1276950355435982,305,0.00697967656659054,305,1.0,305,2950.260225890113,305
C05,123,80000000,90000000,0,0.05818711577868853,305,0.08656506147540984,305,0.398605163615258,305,4.745919921749928,305,8.278528060287726,305,8.238082821642767,305,8.238082821642767,305,1.0,305,4.655763771494881,305,0.15588797834075865,305,1.1710409154657457,305,0.007263596588745713,305,1.0,305,2910.084944127818,305
C05,123,90000000,100040704,1,0.05966415156758958,307,0.08494821355863193,307,0.4093033046209851,307,4.691880259529387,307,8.444630327752824,307,8.284745815910812,307,8.284745815910812,307,0.9998380359298632,307,5.433241177847797,307,0.16277144393043333,307,1.1498844800243937,307,0.010115040256110921,307,1.0,307,2933.8589368192693,307
C05,8,0,10000000,0,0.02041655993852459,305,0.08475762038934426,305,0.1878116953324099,305,6.557981853797788,305,11.992161947781922,305,12.218123736147021,305,12.218123736147021,305,0.9440915650275887,305,8.71048768152956,305,0.20449453593674496,305,0.8743552665241429,305,0.0009070409454937765,305,0.9683817879098361,305,3002.64463588527,305
C05,8,10000000,20000000,0,0.023003650102459017,305,0.11027631915983606,305,0.1718960682388212,305,4.405749583635174,305,8.099575478913355,305,8.052658589159856,305,8.052658589159856,305,1.0,305,4.618289816184122,305,0.19644808822967966,305,0.9178983184157825,305,0.0026787213996419166,305,1.0,305,3336.5360055391907,305
C05,8,20000000,30000000,0,0.031094710553278688,305,0.1066070056352459,305,0.22513845733931806,305,4.445231529923736,305,8.032439815020952,305,7.989137408772453,305,7.989137408772453,305,1.0,305,4.6571086883544925,305,0.19871584929403713,305,0.9544473489776987,305,0.011513848257724378,305,1.0,305,3141.1191974577355,305
C05,8,30000000,40000000,0,0.03554047131147541,305,0.10668545081967214,305,0.24923502206802367,305,4.371818347837104,305,7.856050871239334,305,7.832921225125673,305,7.832921225125673,305,0.9999519606105617,305,4.6760326244792,305,0.18897541409633198,305,0.9821173497887908,305,0.02140036713576219,305,1.0,305,2964.6721239433914,305
C05,8,40000000,50000000,0,0.037997886782786885,305,0.10542392418032787,305,0.26399024915499764,305,4.409388879088104,305,7.843305290722456,305,7.833959604482182,305,7.833959604482182,305,1.0,305,4.805038136341532,305,0.15627049178373617,305,0.9877127188151,305,0.02691763042182219,305,1.0,305,2718.822391297387,305
C05,8,50000000,60000000,0,0.04777337367238562,306,0.098284952001634,306,0.3259120396539277,306,4.507842626446992,306,7.929198272867141,306,7.93839006642111,306,7.93839006642111,306,1.0,306,4.720475795222264,306,0.16625816993464052,306,1.0284219302383124,306,0.033377691239021186,306,1.0,306,2897.306058995864,306
C05,8,60000000,70000000,0,0.049044249487704916,305,0.09757780481557377,305,0.3327063165727209,305,4.587259147987991,305,7.888367801416115,305,7.942062487367724,305,7.942062487367724,305,0.9999653970608946,305,4.839230853221456,305,0.19295082019000756,305,1.0583822236686455,305,0.04234597701884684,305,1.0,305,2714.762279873207,305
C05,8,70000000,80000000,0,0.04696945440573771,305,0.10453701331967213,305,0.30820983526159507,305,4.576734252054183,305,7.4628395440148525,305,7.640276019299616,305,7.640276019299616,305,1.0,305,4.578259605657859,305,0.19842896187891726,305,1.1139100723579283,305,0.042344474126813844,305,1.0,305,2438.058226338371,305
C05,8,80000000,90000000,0,0.04128137807377049,305,0.11258484887295082,305,0.2668728849926933,305,4.145888442680484,305,7.3232333824282785,305,7.354471003422971,305,7.354471003422971,305,1.0,305,4.358734793741195,305,0.1583196718673237,305,1.0482426617966323,305,0.044196013849778254,305,1.0,305,2208.6718645940064,305
C05,8,90000000,100040704,1,0.04032853216612378,307,0.11220925793973942,307,0.2628008782718003,307,4.26975505825751,307,7.334989392407942,307,7.400226403525287,307,7.400226403525287,307,1.0,307,4.406164775065568,307,0.16871607026952873,307,1.058875814711232,307,0.046923270691732244,307,1.0,307,2219.253737657777,307
C05,99,0,10000000,0,0.02601658555327869,305,0.08302542264344262,305,0.2309120801262191,305,6.050316331425651,305,12.139128151877982,305,12.18160653505169,305,12.18160653505169,305,0.942142691084596,305,8.93915515336834,305,0.20289617457625564,305,0.8512091361108374,305,0.0015782972614540429,305,0.960883068647541,305,3518.703060944354,305
C05,99,10000000,20000000,0,0.03911533043032787,305,0.10168256915983606,305,0.27671176454082863,305,4.779726766367427,305,7.926549156376573,305,8.00542396170194,305,8.00542396170194,305,1.0,305,4.783957285959213,305,0.1701092870509038,305,0.9118997288531945,305,0.006531594464646988,305,1.0,305,3362.307715644211,305
C05,99,20000000,30000000,0,0.04418865266393442,305,0.09777792008196722,305,0.3100014599131756,305,4.756352200273607,305,8.018340482868132,305,8.12256459408119,305,8.12256459408119,305,1.0,305,4.552823340306516,305,0.20319672060794516,305,0.9759443636800422,305,0.011649398252245832,305,1.0,305,3249.8692839075306,305
C05,99,30000000,40000000,0,0.03276287141393443,305,0.09959016393442623,305,0.24677931368350983,305,5.123538442517891,305,8.326146150807865,305,8.406696752642022,305,8.406696752642022,305,1.0,305,4.9025012172636435,305,0.19004098123214283,305,0.8905337261371925,305,0.008643146290550711,305,1.0,305,2871.7733470478997,305
C05,99,40000000,50000000,0,0.038636654713114754,305,0.09810610911885245,305,0.27974731079379067,305,4.816729614382885,305,8.252291282278593,305,8.22755521711756,305,8.22755521711756,305,1.0,305,4.736918418133845,305,0.16637977889326752,305,0.9269701076335595,305,0.012088227325470232,305,1.0,305,2952.541163710297,305
C05,99,50000000,60000000,0,0.047776565053104576,306,0.10335605596405228,306,0.31431656014295967,306,4.213379458664289,306,7.68042431158178,306,7.646219686745039,306,7.646219686745039,306,1.0,306,4.692202109916537,306,0.15691721005961787,306,1.0530267205892825,306,0.018832601947722093,306,1.0,306,2597.720161388123,306
C05,99,60000000,70000000,0,0.04599769467213115,305,0.10690797899590164,305,0.29918481219010273,305,4.485735663429636,305,7.387684456246798,305,7.538485034567411,305,7.538485034567411,305,1.0,305,4.697970781169954,305,0.18057377006186814,305,1.079715495422238,305,0.014721287629704495,305,1.0,305,2724.7126384797643,305
C05,99,70000000,80000000,0,0.046564421106557376,305,0.10726818647540984,305,0.30137591962931587,305,4.463368804337549,305,7.328217914456227,305,7.468789488370302,305,7.468789488370302,305,1.0,305,4.759018302354656,305,0.18032786719134597,305,1.0896892629685948,305,0.01349207468666747,305,1.0,305,2811.8297219198257,305
C05,99,80000000,90000000,0,0.04836545850409836,305,0.10927734375,305,0.30552564253572556,305,4.46998040949712,305,7.143489931450516,305,7.354024510305436,305,7.354024510305436,305,1.0,305,4.77008722492906,305,0.18255464468823104,305,1.058605908370409,305,0.014536236904439379,305,1.0,305,2816.9822329661883,305
C05,99,90000000,100040704,1,0.043606537561074916,307,0.11238898361156352,307,0.27839105001101666,307,4.060655320506142,307,7.307779211174782,307,7.294388690289923,307,7.294388690289923,307,0.9998287589619913,307,4.367821533439214,307,0.1755700279330586,307,1.062889870098437,307,0.019629838909796086,307,1.0,307,2696.7144270409203,307
