base,treatment,contrast,metric,mean_difference,sd_difference,n,seed_8_difference,seed_99_difference,seed_123_difference
C02,C03,immediate minus delayed,coverage_auc,-21.92699703820502,2.2847693297450555,3,-21.05092291576038,-20.209914267693893,-24.52015393116079
C02,C03,immediate minus delayed,unique_cells,-35.76411762826015,8.440883326976143,3,-26.670121089720773,-37.274187917251226,-43.348043877808465
C02,C03,immediate minus delayed,coverage_entropy,-0.5132963138248559,0.3894138455204814,3,-0.6183834386911338,-0.8393827359723809,-0.0821227668110529
C02,C03,immediate minus delayed,dg_density,0.0017582180712997,0.003596197500059889,3,-0.0010573443244485323,0.0005226883233762254,0.005809310214971407
C02,C03,immediate minus delayed,dg_silent_fraction,0.0,0.0,3,0.0,0.0,0.0
C02,C03,immediate minus delayed,dg_multi_fraction,0.0008185891544117647,0.002838767233753557,3,-0.0016595179738562093,0.003915824142156863,0.00019946129493464068
C02,C03,immediate minus delayed,dg_usage_entropy,0.0021195119502498048,0.010315268424558854,3,-0.003655602729398355,-0.004014615724289294,0.014028754304437063
C02,C03,immediate minus delayed,dg_ca3_conflict_fraction,0.01628648014110153,0.02974122283138735,3,-0.004500744389552724,0.003006081175959907,0.05035410363689741
C02,C03,immediate minus delayed,intrinsic_reward_mean,0.024185699144934254,0.030367272259526196,3,-0.0001396710247872704,0.05822024969810169,0.014476518761488352
C02,C03,immediate minus delayed,intrinsic_reward_nonzero_fraction,0.014047926028050108,0.017979331234748125,3,0.00016276041666666435,0.034356809129901966,0.007624208537581695
C02,C03,immediate minus delayed,active_target_fraction,-1.0637935730084536e-06,9.722369079375643e-05,3,-0.00011329401552284679,5.7444852941124225e-05,5.2657781862697206e-05
C02,C03,immediate minus delayed,target_hit_rate,0.014078244144880172,0.017940689557743812,3,0.00017393024918300332,0.03432968239379085,0.007731119791666668
C02,C03,immediate minus delayed,target_hit_lift,0.04376792823307396,0.09205688107807002,3,0.017340199230543085,0.146148214153215,-0.0321846286845362
C02,C03,immediate minus delayed,action_sensitivity,-0.017795198715965552,0.018654819536852343,3,-0.004257698742721496,-0.010053457228886876,-0.039074440176288285
C02,C03,immediate minus delayed,target_valid_fraction,0.0010866651348038954,4.722812176692479e-05,3,0.0010324116625817226,0.001118578941993409,0.0011090047998365549
C02,C03,immediate minus delayed,value_span,0.0005510782492045246,0.0010247450940048279,3,0.0002197640890170354,-0.00026702058714208807,0.0017004912457386267
C02,C03,immediate minus delayed,option_success_fraction,0.1755917972777534,0.19599293893934558,3,0.045798990558954644,0.4010453636885858,0.07993103758571976
C02,C03,immediate minus delayed,option_timeout_rate,-0.02359760093273421,0.017761043439854893,3,-0.00993795955882354,-0.043675640829248366,-0.017179202410130726
C02,C03,immediate minus delayed,known_edge_fraction,-0.032779593726778335,0.04211753832380556,3,-0.038902505891385414,-0.07150054416235754,0.012064268873407946
C02,C03,immediate minus delayed,node_coverage_fraction,0.0,0.0,3,0.0,0.0,0.0
C02,C03,immediate minus delayed,learned_deadline_fraction,0.00011882419679676293,0.0011633870199229022,3,-0.0009805906831829025,0.0,0.0013370632735731913
C02,C03,immediate minus delayed,selected_deadline_mean,1.5447491254162422,1.1290895477059641,3,1.2901640312344416,2.7793957392374686,0.5646876057768164
C02,C03,immediate minus delayed,exploration_selection_fraction,0.0,0.0,3,0.0,0.0,0.0
C02,C03,immediate minus delayed,forced_exploration_fraction,0.0,0.0,3,0.0,0.0,0.0
C02,C03,immediate minus delayed,exploration_reward_nonzero_fraction,0.0,0.0,3,0.0,0.0,0.0
C02,C03,immediate minus delayed,her_loss,0.0,0.0,3,0.0,0.0,0.0
C02,C03,immediate minus delayed,her_accepted_segments,0.0,0.0,3,0.0,0.0,0.0
C02,C03,immediate minus delayed,her_segment_length,0.0,0.0,3,0.0,0.0,0.0
C02,C03,immediate minus delayed,passive_updates,,,0,,,
C02,C03,immediate minus delayed,passive_known_edge_fraction,,,0,,,
C02,C03,immediate minus delayed,frontier_selection_rate,,,0,,,
C02,C03,immediate minus delayed,frontier_yield,,,0,,,
C02,C03,immediate minus delayed,frontier_reached_fraction,,,0,,,
C02,C03,immediate minus delayed,route_available_rate,,,0,,,
C02,C03,immediate minus delayed,hop_count_mean,,,0,,,
C02,C03,immediate minus delayed,waypoint_success_rate,,,0,,,
C02,C03,immediate minus delayed,final_frontier_reach_rate,,,0,,,
C02,C03,immediate minus delayed,validation_success_rate,,,0,,,
C02,C03,immediate minus delayed,validation_timeout_rate,,,0,,,
C03,C04,iterative minus simultaneous,coverage_auc,16.397870697153582,10.343018614736948,3,8.085945075658337,13.12672415016026,27.980942865642156
C03,C04,iterative minus simultaneous,unique_cells,25.714113237951455,14.6838631319799,3,16.36779480468484,18.13571805170576,42.638826857463776
C03,C04,iterative minus simultaneous,coverage_entropy,-0.08094722422225331,0.8114048422632872,3,0.8414719208879018,-0.6844066073184982,-0.3999069862361635
C03,C04,iterative minus simultaneous,dg_density,-0.000673713767190904,0.0036040947236677273,3,0.0033656101600796594,-0.0035607830371732034,-0.0018259684244791678
C03,C04,iterative minus simultaneous,dg_silent_fraction,0.0,0.0,3,0.0,0.0,0.0
C03,C04,iterative minus simultaneous,dg_multi_fraction,0.0055556619349128545,0.005278266900103354,3,0.011575137867647058,0.0033732894199346407,0.0017185585171568627
C03,C04,iterative minus simultaneous,dg_usage_entropy,-0.010151584553562723,0.004186750910204806,3,-0.008239224066142192,-0.007262502620422717,-0.014953026974123262
C03,C04,iterative minus simultaneous,dg_ca3_conflict_fraction,-0.03878229012416597,0.03538084938487837,3,-0.009683646407781854,-0.02849703520731206,-0.078166188757404
C03,C04,iterative minus simultaneous,intrinsic_reward_mean,-0.04324867876935425,0.004911255403379312,3,-0.03759978024374231,-0.04563966670432706,-0.0465065893599934
C03,C04,iterative minus simultaneous,intrinsic_reward_nonzero_fraction,-0.024853941142429194,0.002452645293873737,3,-0.02205403645833333,-0.025885289011437912,-0.02662249795751634
C03,C04,iterative minus simultaneous,active_target_fraction,-2.446725217863932e-05,8.548989594403101e-05,3,7.340175653591796e-05,-8.457158905228468e-05,-6.223192401955124e-05
C03,C04,iterative minus simultaneous,target_hit_rate,-0.024932661866830064,0.002454756340133296,3,-0.0221402037377451,-0.025907628676470583,-0.02675015318627451
C03,C04,iterative minus simultaneous,target_hit_lift,0.02978207453403599,0.08760503859587446,3,0.030305789771422953,0.11712408143710462,-0.0580836476064196
C03,C04,iterative minus simultaneous,action_sensitivity,0.007824240664521349,0.02100264006141116,3,-1.312113896596856e-05,0.031618602926161116,-0.0081327597936311
C03,C04,iterative minus simultaneous,target_valid_fraction,0.0,0.0,3,0.0,0.0,0.0
C03,C04,iterative minus simultaneous,value_span,-0.0014243334775457305,0.004473580676309357,3,-0.0011979039449144303,0.002931732606288088,-0.0060068290940108494
C03,C04,iterative minus simultaneous,option_success_fraction,-0.2593385182110053,0.15544500347099283,3,-0.21379431507556265,-0.4324683374877459,-0.13175290206970733
C03,C04,iterative minus simultaneous,option_timeout_rate,0.019366361996187367,0.056663336497263184,3,0.015685636233660136,0.07778033088235295,-0.03536688112745098
C03,C04,iterative minus simultaneous,known_edge_fraction,0.005900507707611404,0.012931444819865339,3,0.02053376715752034,0.0011574073749429925,-0.003989651409629119
C03,C04,iterative minus simultaneous,node_coverage_fraction,0.0,0.0,3,0.0,0.0,0.0
C03,C04,iterative minus simultaneous,learned_deadline_fraction,-0.003243430507468744,0.0052679153502112035,3,-0.0003410764769011809,-6.500840966217059e-05,-0.00932420663584288
C03,C04,iterative minus simultaneous,selected_deadline_mean,0.8964226547149791,7.264515751242676,3,0.026284261466631875,-5.893833987853107,8.556817690531412
C03,C04,iterative minus simultaneous,exploration_selection_fraction,0.0,0.0,3,0.0,0.0,0.0
C03,C04,iterative minus simultaneous,forced_exploration_fraction,0.0,0.0,3,0.0,0.0,0.0
C03,C04,iterative minus simultaneous,exploration_reward_nonzero_fraction,0.0,0.0,3,0.0,0.0,0.0
C03,C04,iterative minus simultaneous,her_loss,0.0,0.0,3,0.0,0.0,0.0
C03,C04,iterative minus simultaneous,her_accepted_segments,0.0,0.0,3,0.0,0.0,0.0
C03,C04,iterative minus simultaneous,her_segment_length,0.0,0.0,3,0.0,0.0,0.0
C03,C04,iterative minus simultaneous,passive_updates,,,0,,,
C03,C04,iterative minus simultaneous,passive_known_edge_fraction,,,0,,,
C03,C04,iterative minus simultaneous,frontier_selection_rate,,,0,,,
C03,C04,iterative minus simultaneous,frontier_yield,,,0,,,
C03,C04,iterative minus simultaneous,frontier_reached_fraction,,,0,,,
C03,C04,iterative minus simultaneous,route_available_rate,,,0,,,
C03,C04,iterative minus simultaneous,hop_count_mean,,,0,,,
C03,C04,iterative minus simultaneous,waypoint_success_rate,,,0,,,
C03,C04,iterative minus simultaneous,final_frontier_reach_rate,,,0,,,
C03,C04,iterative minus simultaneous,validation_success_rate,,,0,,,
C03,C04,iterative minus simultaneous,validation_timeout_rate,,,0,,,
C03,C05,G+R minus immediate control,coverage_auc,18.850965637432825,10.3394387901437,3,6.913920758818662,25.004458803050074,24.634517350429746
C03,C05,G+R minus immediate control,unique_cells,25.478413986418985,16.99323846235752,3,6.154342043794898,38.090930614465336,32.18996930099673
C03,C05,G+R minus immediate control,coverage_entropy,-0.3215283401810905,0.5130947023049631,3,-0.7381776808411922,0.2515821148624626,-0.477989454564542
C03,C05,G+R minus immediate control,dg_density,-0.0023089639501633987,0.0027075854231988325,3,0.0007962494893790847,-0.0035465215545853745,-0.004176619785283907
C03,C05,G+R minus immediate control,dg_silent_fraction,0.0,0.0,3,0.0,0.0,0.0
C03,C05,G+R minus immediate control,dg_multi_fraction,-0.002774905535130719,0.005868364286858961,3,0.003962099162581699,-0.005513110191993464,-0.006773705575980392
C03,C05,G+R minus immediate control,dg_usage_entropy,-0.00998875446828625,0.0042390387515996875,3,-0.009067591888452742,-0.00628603848756526,-0.014612633028840749
C03,C05,G+R minus immediate control,dg_ca3_conflict_fraction,-0.014853649928938562,0.004130232810883922,3,-0.01767645941840279,-0.01011318630642355,-0.016771304061989345
C03,C05,G+R minus immediate control,intrinsic_reward_mean,0.0020571903067931143,0.03524865870502853,3,0.0057902978550569695,-0.03490944710724493,0.035290720172567305
C03,C05,G+R minus immediate control,intrinsic_reward_nonzero_fraction,0.0015472877519063187,0.02047837597493062,3,0.0037450852736928136,-0.01994134242238562,0.020838120404411763
C03,C05,G+R minus immediate control,active_target_fraction,-1.0637935730084536e-06,2.2697725495911214e-05,3,1.4361213235281056e-05,9.574142156854037e-06,-2.7126736111160454e-05
C03,C05,G+R minus immediate control,target_hit_rate,0.0015222886029411774,0.020487481270423998,3,0.0037147671568627458,-0.01997325622957516,0.020825354881535946
C03,C05,G+R minus immediate control,target_hit_lift,0.08775868622306127,0.07231489539217807,3,0.05603266444081578,0.036729703931247526,0.1705136902971205
C03,C05,G+R minus immediate control,action_sensitivity,0.013030079954297712,0.017598675116227983,3,0.02914799531325211,0.015689003091835067,-0.005746758542194037
C03,C05,G+R minus immediate control,target_valid_fraction,0.0,0.0,3,0.0,0.0,0.0
C03,C05,G+R minus immediate control,value_span,-0.001775952842202462,0.00435222169891006,3,0.0006921575286766525,0.0007811866540292863,-0.006801202709313324
C03,C05,G+R minus immediate control,option_success_fraction,-0.13585880498578345,0.2595845317027776,3,-0.09314521175681373,-0.4141509841664944,0.09971978096595774
C03,C05,G+R minus immediate control,option_timeout_rate,0.04129061563861656,0.042921907070851126,3,0.04145284415849673,0.08413117851307189,-0.001712175755718956
C03,C05,G+R minus immediate control,known_edge_fraction,0.02190903934583165,0.003078394322016816,3,0.023747275516488198,0.023624722474540755,0.018355120046466
C03,C05,G+R minus immediate control,node_coverage_fraction,0.0,0.0,3,0.0,0.0,0.0
C03,C05,G+R minus immediate control,learned_deadline_fraction,0.0002154322231517162,0.0006626630049318997,3,0.0009805906831829025,-0.00017180064924404714,-0.00016249336448370677
C03,C05,G+R minus immediate control,selected_deadline_mean,-3.4454583389307154,2.957148103446298,3,-3.462011787626478,-6.394294969396654,-0.48006825976901446
C03,C05,G+R minus immediate control,exploration_selection_fraction,0.0,0.0,3,0.0,0.0,0.0
C03,C05,G+R minus immediate control,forced_exploration_fraction,0.0,0.0,3,0.0,0.0,0.0
C03,C05,G+R minus immediate control,exploration_reward_nonzero_fraction,0.0,0.0,3,0.0,0.0,0.0
C03,C05,G+R minus immediate control,her_loss,0.0,0.0,3,0.0,0.0,0.0
C03,C05,G+R minus immediate control,her_accepted_segments,0.0,0.0,3,0.0,0.0,0.0
C03,C05,G+R minus immediate control,her_segment_length,0.0,0.0,3,0.0,0.0,0.0
C03,C05,G+R minus immediate control,passive_updates,,,0,,,
C03,C05,G+R minus immediate control,passive_known_edge_fraction,,,0,,,
C03,C05,G+R minus immediate control,frontier_selection_rate,,,0,,,
C03,C05,G+R minus immediate control,frontier_yield,,,0,,,
C03,C05,G+R minus immediate control,frontier_reached_fraction,,,0,,,
C03,C05,G+R minus immediate control,route_available_rate,,,0,,,
C03,C05,G+R minus immediate control,hop_count_mean,,,0,,,
C03,C05,G+R minus immediate control,waypoint_success_rate,,,0,,,
C03,C05,G+R minus immediate control,final_frontier_reach_rate,,,0,,,
C03,C05,G+R minus immediate control,validation_success_rate,,,0,,,
C03,C05,G+R minus immediate control,validation_timeout_rate,,,0,,,
C03,C06,G+R+X minus immediate control,coverage_auc,14.577665321701124,15.978339495403167,3,-1.8744438016378204,15.571610089149313,30.035829677591877
C03,C06,G+R+X minus immediate control,unique_cells,21.21768465446644,23.776871660395745,3,-5.077969923777026,27.528587292752242,41.2024365944241
C03,C06,G+R+X minus immediate control,coverage_entropy,-0.351210283668916,0.43039709597032716,3,-0.33303258314617223,-0.7904082347668897,0.06980996690631391
C03,C06,G+R+X minus immediate control,dg_density,-0.005827993089596949,0.0034204854727902076,3,-0.002400217492595995,-0.009241141524969361,-0.0058426202512254916
C03,C06,G+R+X minus immediate control,dg_silent_fraction,0.0009531590413943354,0.0016509198873886357,3,0.0,0.0,0.0028594771241830064
C03,C06,G+R+X minus immediate control,dg_multi_fraction,-0.0008334822644335514,0.003359301650761738,3,0.0022212009803921568,-0.0002904156454248373,-0.004431232128267974
C03,C06,G+R+X minus immediate control,dg_usage_entropy,-0.011674324087068144,0.004911772396356613,3,-0.009084194314246119,-0.017339049016728114,-0.0085997289302302
C03,C06,G+R+X minus immediate control,dg_ca3_conflict_fraction,-0.05301664597588159,0.07390184372015675,3,-0.006263982236774823,-0.13821630540236918,-0.014569650288500768
C03,C06,G+R+X minus immediate control,intrinsic_reward_mean,-0.03918800802727906,0.038367245419150396,3,-0.014993202592568852,-0.08342579132009881,-0.019145030169169505
C03,C06,G+R+X minus immediate control,intrinsic_reward_nonzero_fraction,-0.022946027369281044,0.022380940521888514,3,-0.008910334967320258,-0.04875631893382353,-0.011171428206699346
C03,C06,G+R+X minus immediate control,active_target_fraction,1.6488800381260955e-05,5.640112737361928e-05,3,8.138020833337034e-05,-2.0743974673220755e-05,-1.1169832516366718e-05
C03,C06,G+R+X minus immediate control,target_hit_rate,-0.023055066210511982,0.022378773673569434,3,-0.009053947099673203,-0.04886482587826797,-0.01124642565359477
C03,C06,G+R+X minus immediate control,target_hit_lift,0.14423737728517824,0.11594084672437045,3,0.27301446908439697,0.048153005004708316,0.11154465776642941
C03,C06,G+R+X minus immediate control,action_sensitivity,-0.00010744511395335717,0.00799888691593961,3,-0.003382926853982355,0.009009306815154607,-0.0059487153030323234
C03,C06,G+R+X minus immediate control,target_valid_fraction,0.0,0.0,3,0.0,0.0,0.0
C03,C06,G+R+X minus immediate control,value_span,-0.0024670261694339037,0.0038010589002317767,3,-0.0015037430886307038,0.0007597164453876211,-0.006657051865058629
C03,C06,G+R+X minus immediate control,option_success_fraction,-0.2571034873977774,0.25661211444148224,3,-0.14658905619304943,-0.5504566871110667,-0.07426471888921621
C03,C06,G+R+X minus immediate control,option_timeout_rate,0.02380823206018519,0.01923564099918875,3,0.03209890727124183,0.03750829758986929,0.0018174913194444475
C03,C06,G+R+X minus immediate control,known_edge_fraction,0.02777323795559618,0.009652828362770434,3,0.019090410541085623,0.03816721116016111,0.02606209216554181
C03,C06,G+R+X minus immediate control,node_coverage_fraction,0.0,0.0,3,0.0,0.0,0.0
C03,C06,G+R+X minus immediate control,learned_deadline_fraction,-6.238522093278871e-05,0.0009795220126050106,3,0.0008844530660343519,-0.001071608728832718,0.0
C03,C06,G+R+X minus immediate control,selected_deadline_mean,0.218492024344816,2.575695053586138,3,-2.5468209163815363,2.5492984111012955,0.6529985783146888
C03,C06,G+R+X minus immediate control,exploration_selection_fraction,0.0,0.0,3,0.0,0.0,0.0
C03,C06,G+R+X minus immediate control,forced_exploration_fraction,0.0,0.0,3,0.0,0.0,0.0
C03,C06,G+R+X minus immediate control,exploration_reward_nonzero_fraction,0.0,0.0,3,0.0,0.0,0.0
C03,C06,G+R+X minus immediate control,her_loss,0.0,0.0,3,0.0,0.0,0.0
C03,C06,G+R+X minus immediate control,her_accepted_segments,0.0,0.0,3,0.0,0.0,0.0
C03,C06,G+R+X minus immediate control,her_segment_length,0.0,0.0,3,0.0,0.0,0.0
C03,C06,G+R+X minus immediate control,passive_updates,,,0,,,
C03,C06,G+R+X minus immediate control,passive_known_edge_fraction,,,0,,,
C03,C06,G+R+X minus immediate control,frontier_selection_rate,,,0,,,
C03,C06,G+R+X minus immediate control,frontier_yield,,,0,,,
C03,C06,G+R+X minus immediate control,frontier_reached_fraction,,,0,,,
C03,C06,G+R+X minus immediate control,route_available_rate,,,0,,,
C03,C06,G+R+X minus immediate control,hop_count_mean,,,0,,,
C03,C06,G+R+X minus immediate control,waypoint_success_rate,,,0,,,
C03,C06,G+R+X minus immediate control,final_frontier_reach_rate,,,0,,,
C03,C06,G+R+X minus immediate control,validation_success_rate,,,0,,,
C03,C06,G+R+X minus immediate control,validation_timeout_rate,,,0,,,
C03,C07,O minus immediate control,coverage_auc,12.776003362425563,13.255718228622676,3,-2.359744774639484,22.317683907069284,18.370070954846888
C03,C07,O minus immediate control,unique_cells,18.03044325741683,18.58412991095167,3,-2.6749798451486058,33.26516004783445,23.501149569564646
C03,C07,O minus immediate control,coverage_entropy,-0.38734303527729635,0.7796505107835386,3,0.391549404433829,-0.3858290979740113,-1.1677494122917067
C03,C07,O minus immediate control,dg_density,-0.0017490428517327068,0.0043190167467789305,3,0.0032198039534824356,-0.0038635652828839864,-0.0046033672257965695
C03,C07,O minus immediate control,dg_silent_fraction,0.0,0.0,3,0.0,0.0,0.0
C03,C07,O minus immediate control,dg_multi_fraction,-0.002764799496187364,0.0044378097803653175,3,0.0015829248366013076,-0.007287517871732026,-0.002589805453431373
C03,C07,O minus immediate control,dg_usage_entropy,-0.007726527312222638,0.0058651190711811255,3,-0.0024190097073324424,-0.006737167344373796,-0.014023404884961677
C03,C07,O minus immediate control,dg_ca3_conflict_fraction,-0.005953354513463312,0.006741231523599384,3,0.0016718845741422461,-0.00841098361545134,-0.011120964499080843
C03,C07,O minus immediate control,intrinsic_reward_mean,-0.0016837831696166715,0.01537928610615965,3,-0.007750651756532834,-0.013104319621145333,0.015803621868828152
C03,C07,O minus immediate control,intrinsic_reward_nonzero_fraction,-0.0005850864651416113,0.008769452616616305,3,-0.003998800040849668,-0.007134331597222224,0.009377872242647058
C03,C07,O minus immediate control,active_target_fraction,-3.7232775054555725e-06,4.3941886132257976e-05,3,4.148794934644151e-05,-6.382761437939699e-06,-4.627502042486853e-05
C03,C07,O minus immediate control,target_hit_rate,-0.0006404037309368204,0.00876639322509252,3,-0.004076988868464054,-0.007167841094771241,0.009323618770424834
C03,C07,O minus immediate control,target_hit_lift,0.11658168222130261,0.1488467756589827,3,0.007020314924078175,0.05667761221430667,0.286047119525523
C03,C07,O minus immediate control,action_sensitivity,0.009828753663634796,0.010705848465801348,3,0.0058423907897782075,0.021955881747904117,0.001687988453222062
C03,C07,O minus immediate control,target_valid_fraction,0.0,0.0,3,0.0,0.0,0.0
C03,C07,O minus immediate control,value_span,-0.0007941274718122256,0.005052485763195537,3,0.0016492813547123587,0.0025721880982232776,-0.006603851868372313
C03,C07,O minus immediate control,option_success_fraction,-0.13980806414403169,0.16381285491188355,3,-0.10745609400708692,-0.31738313209582,0.005415033670811864
C03,C07,O minus immediate control,option_timeout_rate,0.036514714392701535,0.0251091909027724,3,0.027070886948529424,0.0649765114379085,0.01749674479166667
C03,C07,O minus immediate control,known_edge_fraction,0.03053739834130459,0.00407244898647239,3,0.034858383043529145,0.029983660218372843,0.02677015176201178
C03,C07,O minus immediate control,node_coverage_fraction,0.0,0.0,3,0.0,0.0,0.0
C03,C07,O minus immediate control,learned_deadline_fraction,0.00032686356106096753,0.0005661442949004878,3,0.0009805906831829025,0.0,0.0
C03,C07,O minus immediate control,selected_deadline_mean,-3.1061418046099427,2.3555111426280044,3,-2.3983660803900815,-5.734391750073901,-1.185667583365845
C03,C07,O minus immediate control,exploration_selection_fraction,0.0,0.0,3,0.0,0.0,0.0
C03,C07,O minus immediate control,forced_exploration_fraction,0.0,0.0,3,0.0,0.0,0.0
C03,C07,O minus immediate control,exploration_reward_nonzero_fraction,0.0,0.0,3,0.0,0.0,0.0
C03,C07,O minus immediate control,her_loss,0.0,0.0,3,0.0,0.0,0.0
C03,C07,O minus immediate control,her_accepted_segments,0.0,0.0,3,0.0,0.0,0.0
C03,C07,O minus immediate control,her_segment_length,0.0,0.0,3,0.0,0.0,0.0
C03,C07,O minus immediate control,passive_updates,,,0,,,
C03,C07,O minus immediate control,passive_known_edge_fraction,,,0,,,
C03,C07,O minus immediate control,frontier_selection_rate,,,0,,,
C03,C07,O minus immediate control,frontier_yield,,,0,,,
C03,C07,O minus immediate control,frontier_reached_fraction,,,0,,,
C03,C07,O minus immediate control,route_available_rate,,,0,,,
C03,C07,O minus immediate control,hop_count_mean,,,0,,,
C03,C07,O minus immediate control,waypoint_success_rate,,,0,,,
C03,C07,O minus immediate control,final_frontier_reach_rate,,,0,,,
C03,C07,O minus immediate control,validation_success_rate,,,0,,,
C03,C07,O minus immediate control,validation_timeout_rate,,,0,,,
C03,C08,X+O minus immediate control,coverage_auc,24.329452892296057,32.43447446933574,3,-3.8389193069895384,59.78891068223271,17.03836730164499
C03,C08,X+O minus immediate control,unique_cells,36.27376053906843,51.55835761451757,3,-6.348631809129678,93.58166479590304,21.588248630431906
C03,C08,X+O minus immediate control,coverage_entropy,0.01592271706356822,1.1302178393540705,3,-0.41816935572468994,1.298832449551611,-0.8328949426362164
C03,C08,X+O minus immediate control,dg_density,-0.004695983753744553,0.002380550530144141,3,-0.001993116989634395,-0.005613937876582924,-0.006480896395016339
C03,C08,X+O minus immediate control,dg_silent_fraction,0.0,0.0,3,0.0,0.0,0.0
C03,C08,X+O minus immediate control,dg_multi_fraction,-0.003819550823801743,0.005318381230202476,3,0.002320133782679739,-0.007005080678104575,-0.006773705575980392
C03,C08,X+O minus immediate control,dg_usage_entropy,-0.0011511706059275466,0.005746619972790065,3,-0.00539824405526812,0.00538772753640715,-0.0034429952989216694
C03,C08,X+O minus immediate control,dg_ca3_conflict_fraction,-0.01799237286603006,0.0009449840730401498,3,-0.0190544377744587,-0.01724452598422177,-0.01767815483940971
C03,C08,X+O minus immediate control,intrinsic_reward_mean,-0.03065424522449423,0.027531762691701767,3,-0.043437900879569474,-0.04947018540567821,0.0009453506117649974
C03,C08,X+O minus immediate control,intrinsic_reward_nonzero_fraction,-0.018186614923747277,0.016146907544701414,3,-0.0260879416870915,-0.028861251531862746,0.0003893484477124204
C03,C08,X+O minus immediate control,active_target_fraction,-3.1913807189513457e-06,5.670877899018555e-05,3,6.223192401955124e-05,-3.829656862741615e-05,-3.350949754898913e-05
C03,C08,X+O minus immediate control,target_hit_rate,-0.018264271854575163,0.016119928114825863,3,-0.026188470179738563,-0.02888837826797385,0.00028403288398692883
C03,C08,X+O minus immediate control,target_hit_lift,-0.019374429173199387,0.05146536193441539,3,-0.04345115756287288,-0.05438834272958093,0.03971621277285564
C03,C08,X+O minus immediate control,action_sensitivity,-0.002036691808663227,0.015265784256251058,3,-0.014488050418151117,0.014994861849498468,-0.006616886857337032
C03,C08,X+O minus immediate control,target_valid_fraction,0.0,0.0,3,0.0,0.0,0.0
C03,C08,X+O minus immediate control,value_span,-0.0022695659723400174,0.004425331774278269,3,-0.0021128781793069923,0.0020753409734621244,-0.006771160711175184
C03,C08,X+O minus immediate control,option_success_fraction,-0.23068927882811407,0.22862709673224843,3,-0.25807418820929096,-0.44439053428328895,0.010396886008237682
C03,C08,X+O minus immediate control,option_timeout_rate,0.03270739719498911,0.04041057844801194,3,0.025055530024509803,0.07639686734068628,-0.0033302057802287593
C03,C08,X+O minus immediate control,known_edge_fraction,0.028127268443699744,0.026402563770053858,3,0.019566991214269108,0.05774782169488518,0.007066992421944945
C03,C08,X+O minus immediate control,node_coverage_fraction,-0.0003404139433551186,0.0005896142454959392,3,0.0,0.0,-0.0010212418300653558
C03,C08,X+O minus immediate control,learned_deadline_fraction,0.00011329680746156405,0.0007249959800407737,3,0.0008882710746690448,0.0,-0.0005483806522843526
C03,C08,X+O minus immediate control,selected_deadline_mean,-2.1387383989778734,3.1413481603325217,3,-1.1301382351544937,-5.660506384045471,0.3744294222663438
C03,C08,X+O minus immediate control,exploration_selection_fraction,0.0,0.0,3,0.0,0.0,0.0
C03,C08,X+O minus immediate control,forced_exploration_fraction,0.0,0.0,3,0.0,0.0,0.0
C03,C08,X+O minus immediate control,exploration_reward_nonzero_fraction,0.0,0.0,3,0.0,0.0,0.0
C03,C08,X+O minus immediate control,her_loss,0.0,0.0,3,0.0,0.0,0.0
C03,C08,X+O minus immediate control,her_accepted_segments,0.0,0.0,3,0.0,0.0,0.0
C03,C08,X+O minus immediate control,her_segment_length,0.0,0.0,3,0.0,0.0,0.0
C03,C08,X+O minus immediate control,passive_updates,,,0,,,
C03,C08,X+O minus immediate control,passive_known_edge_fraction,,,0,,,
C03,C08,X+O minus immediate control,frontier_selection_rate,,,0,,,
C03,C08,X+O minus immediate control,frontier_yield,,,0,,,
C03,C08,X+O minus immediate control,frontier_reached_fraction,,,0,,,
C03,C08,X+O minus immediate control,route_available_rate,,,0,,,
C03,C08,X+O minus immediate control,hop_count_mean,,,0,,,
C03,C08,X+O minus immediate control,waypoint_success_rate,,,0,,,
C03,C08,X+O minus immediate control,final_frontier_reach_rate,,,0,,,
C03,C08,X+O minus immediate control,validation_success_rate,,,0,,,
C03,C08,X+O minus immediate control,validation_timeout_rate,,,0,,,
C03,C09,HER16 minus immediate control,coverage_auc,13.556411299508733,12.884245377483241,3,-1.2451176041691348,19.65723900965993,22.257112493035407
C03,C09,HER16 minus immediate control,unique_cells,20.826884785159756,20.369083236526887,3,-2.060468336278433,27.577337270948497,36.9637854208092
C03,C09,HER16 minus immediate control,coverage_entropy,-0.2238703266697207,0.5186696141551098,3,0.202433010460767,-0.801325806924285,-0.07271818354564408
C03,C09,HER16 minus immediate control,dg_density,-0.002682488468477669,0.0043889195657592275,3,0.0022468317567912593,-0.00616644566355188,-0.0041278514986723865
C03,C09,HER16 minus immediate control,dg_silent_fraction,0.0,0.0,3,0.0,0.0,0.0
C03,C09,HER16 minus immediate control,dg_multi_fraction,0.0019829112200435736,0.007554490998508778,3,0.010705486621732027,-0.002289815665849673,-0.002466937295751634
C03,C09,HER16 minus immediate control,dg_usage_entropy,-0.01108587333579473,0.003687437326380578,3,-0.007659125172234882,-0.014987909521152809,-0.010610585313996501
C03,C09,HER16 minus immediate control,dg_ca3_conflict_fraction,-0.06701291152854368,0.06111707833862262,3,-0.052951987272773615,-0.13393506816789214,-0.01415167914496529
C03,C09,HER16 minus immediate control,intrinsic_reward_mean,-0.021068916810282824,0.010623558557713296,3,-0.027691436140171062,-0.026700065921675536,-0.008815248369001882
C03,C09,HER16 minus immediate control,intrinsic_reward_nonzero_fraction,-0.012291070942265793,0.006069163829185875,3,-0.015985626021241827,-0.015601064644607844,-0.005286522160947708
C03,C09,HER16 minus immediate control,active_target_fraction,-3.1913807189513457e-06,4.643979846702276e-05,3,4.946640114378287e-05,-2.0743974673220755e-05,-3.829656862741615e-05
C03,C09,HER16 minus immediate control,target_hit_rate,-0.012320325265522875,0.006007716563343737,3,-0.01602392258986928,-0.015548406862745091,-0.005388646343954251
C03,C09,HER16 minus immediate control,target_hit_lift,0.03307013781761551,0.12515688450238593,3,-0.08047049400074024,0.012408939257166685,0.1672719681964201
C03,C09,HER16 minus immediate control,action_sensitivity,0.010644659883655155,0.007184333772419177,3,0.015768939105708615,0.013732385190867278,0.0024326553543895686
C03,C09,HER16 minus immediate control,target_valid_fraction,0.0,0.0,3,0.0,0.0,0.0
C03,C09,HER16 minus immediate control,value_span,0.025215251832962804,0.0017211899502076581,3,0.02713469352140974,0.023809097849081418,0.02470196412839726
C03,C09,HER16 minus immediate control,option_success_fraction,-0.2018594760082516,0.14379318759071166,3,-0.21096253110205426,-0.34088486717904315,-0.0537310297436574
C03,C09,HER16 minus immediate control,option_timeout_rate,0.04041670921840959,0.025976302240048564,3,0.05080518535539216,0.05959105647467321,0.010853885825163404
C03,C09,HER16 minus immediate control,known_edge_fraction,0.0195079847098955,0.026944534066770044,3,0.03465413229138242,-0.011601307471982819,0.0354711293102869
C03,C09,HER16 minus immediate control,node_coverage_fraction,0.0,0.0,3,0.0,0.0,0.0
C03,C09,HER16 minus immediate control,learned_deadline_fraction,0.00016078904823024764,0.0007135040139221985,3,0.0009805906831829025,-0.00032004791926709686,-0.00017817561922506275
C03,C09,HER16 minus immediate control,selected_deadline_mean,-2.954503552326709,2.509733496622673,3,-3.3610048823886443,-5.236173353943171,-0.26633242064831286
C03,C09,HER16 minus immediate control,exploration_selection_fraction,0.0,0.0,3,0.0,0.0,0.0
C03,C09,HER16 minus immediate control,forced_exploration_fraction,0.0,0.0,3,0.0,0.0,0.0
C03,C09,HER16 minus immediate control,exploration_reward_nonzero_fraction,0.0,0.0,3,0.0,0.0,0.0
C03,C09,HER16 minus immediate control,her_loss,0.0652697207477179,0.021006994167103516,3,0.0880589221811129,0.061071162516847737,0.04667907754519309
C03,C09,HER16 minus immediate control,her_accepted_segments,31.305010893246187,1.031274035681632,3,31.820261437908496,30.11764705882353,31.977124183006534
C03,C09,HER16 minus immediate control,her_segment_length,7.9586788304231275,0.2820437441581946,3,8.191489807141373,7.64504768334183,8.039499000786178
C03,C09,HER16 minus immediate control,passive_updates,,,0,,,
C03,C09,HER16 minus immediate control,passive_known_edge_fraction,,,0,,,
C03,C09,HER16 minus immediate control,frontier_selection_rate,,,0,,,
C03,C09,HER16 minus immediate control,frontier_yield,,,0,,,
C03,C09,HER16 minus immediate control,frontier_reached_fraction,,,0,,,
C03,C09,HER16 minus immediate control,route_available_rate,,,0,,,
C03,C09,HER16 minus immediate control,hop_count_mean,,,0,,,
C03,C09,HER16 minus immediate control,waypoint_success_rate,,,0,,,
C03,C09,HER16 minus immediate control,final_frontier_reach_rate,,,0,,,
C03,C09,HER16 minus immediate control,validation_success_rate,,,0,,,
C03,C09,HER16 minus immediate control,validation_timeout_rate,,,0,,,
C03,C10,HER64 minus immediate control,coverage_auc,15.05676945873921,16.230030877900568,3,0.28739414146539843,12.450808146927137,32.43210608782509
C03,C10,HER64 minus immediate control,unique_cells,18.864039968525486,22.897896431817394,3,-1.8834587101623583,15.0437893453634,43.43178927037541
C03,C10,HER64 minus immediate control,coverage_entropy,-0.5552686836276817,0.02512653524028613,3,-0.574816195446419,-0.5640627455613871,-0.5269271098752388
C03,C10,HER64 minus immediate control,dg_density,-0.00441284844558483,0.002691387515064361,3,-0.0018784267450469745,-0.004122466043709149,-0.007237652547998366
C03,C10,HER64 minus immediate control,dg_silent_fraction,0.0,0.0,3,0.0,0.0,0.0
C03,C10,HER64 minus immediate control,dg_multi_fraction,-0.0017403662854030492,0.00917933751286124,3,0.008747574550653597,-0.008311951082516339,-0.005656722324346405
C03,C10,HER64 minus immediate control,dg_usage_entropy,-0.010244060640501318,0.006753240452389077,3,-0.017996574733771586,-0.0070959179619558554,-0.005639689225776512
C03,C10,HER64 minus immediate control,dg_ca3_conflict_fraction,-0.034896850585937465,0.020321567480163883,3,-0.056314804974724186,-0.01588609483506942,-0.03248965194801878
C03,C10,HER64 minus immediate control,intrinsic_reward_mean,-0.03150947141478321,0.04001553990676937,3,-0.012591306065373564,-0.0774763710454435,-0.004460737133532573
C03,C10,HER64 minus immediate control,intrinsic_reward_nonzero_fraction,-0.018074384701797383,0.02419628084920357,3,-0.006310955371732024,-0.04590322457107843,-0.002008974162581695
C03,C10,HER64 minus immediate control,active_target_fraction,5.3189678649312455e-06,4.359282766896491e-05,3,4.148794934644151e-05,1.7552593954195395e-05,-4.308363970584317e-05
C03,C10,HER64 minus immediate control,target_hit_rate,-0.018123319206154682,0.024180787937577514,3,-0.0063428691789215695,-0.045936734068627444,-0.0020903543709150305
C03,C10,HER64 minus immediate control,target_hit_lift,-0.02427091233610849,0.05201931427393832,3,-0.05854342420116743,-0.049855321840523104,0.03558600903336506
C03,C10,HER64 minus immediate control,action_sensitivity,0.007411479288742578,0.005850299272517329,3,0.01326473833980903,0.007405555232586278,0.001564144293832427
C03,C10,HER64 minus immediate control,target_valid_fraction,0.0,0.0,3,0.0,0.0,0.0
C03,C10,HER64 minus immediate control,value_span,0.028589380587584822,0.01853545058983277,3,0.048100294966822846,0.026453378341245174,0.01121446845468645
C03,C10,HER64 minus immediate control,option_success_fraction,-0.20854312136631323,0.23764130258079877,3,-0.13410189270583633,-0.4744934152288277,-0.017034056164275613
C03,C10,HER64 minus immediate control,option_timeout_rate,0.021255659381808286,0.016777902908859835,3,0.03466477736928106,0.026660794526143793,0.00244140625
C03,C10,HER64 minus immediate control,known_edge_fraction,0.004838416089094795,0.03151341291366638,3,-0.0219907440196455,-0.0030364923276542943,0.03954248461458418
C03,C10,HER64 minus immediate control,node_coverage_fraction,0.0,0.0,3,0.0,0.0,0.0
C03,C10,HER64 minus immediate control,learned_deadline_fraction,-0.0005244054955334901,0.0013111304768402415,3,0.00044335609947154797,-0.0020165725860720185,0.0
C03,C10,HER64 minus immediate control,selected_deadline_mean,-0.21345581156495896,2.4712970457333547,3,-2.818922253216014,2.097229568007723,0.0813252505134141
C03,C10,HER64 minus immediate control,exploration_selection_fraction,0.0,0.0,3,0.0,0.0,0.0
C03,C10,HER64 minus immediate control,forced_exploration_fraction,0.0,0.0,3,0.0,0.0,0.0
C03,C10,HER64 minus immediate control,exploration_reward_nonzero_fraction,0.0,0.0,3,0.0,0.0,0.0
C03,C10,HER64 minus immediate control,her_loss,0.0403221288984053,0.006241609567834335,3,0.045445480767418354,0.042150343533946213,0.03337056239385133
C03,C10,HER64 minus immediate control,her_accepted_segments,31.90740740740741,0.01473611030334366,3,31.908496732026144,31.92156862745098,31.892156862745097
C03,C10,HER64 minus immediate control,her_segment_length,21.16829818941669,0.11721417806369555,3,21.036758120543038,21.261673861858892,21.20646258584814
C03,C10,HER64 minus immediate control,passive_updates,,,0,,,
C03,C10,HER64 minus immediate control,passive_known_edge_fraction,,,0,,,
C03,C10,HER64 minus immediate control,frontier_selection_rate,,,0,,,
C03,C10,HER64 minus immediate control,frontier_yield,,,0,,,
C03,C10,HER64 minus immediate control,frontier_reached_fraction,,,0,,,
C03,C10,HER64 minus immediate control,route_available_rate,,,0,,,
C03,C10,HER64 minus immediate control,hop_count_mean,,,0,,,
C03,C10,HER64 minus immediate control,waypoint_success_rate,,,0,,,
C03,C10,HER64 minus immediate control,final_frontier_reach_rate,,,0,,,
C03,C10,HER64 minus immediate control,validation_success_rate,,,0,,,
C03,C10,HER64 minus immediate control,validation_timeout_rate,,,0,,,
C02,C11,delayed HER64 minus delayed control,coverage_auc,-14.365748641383709,2.0675848895519517,3,-14.756264210144131,-12.13075301394122,-16.210228700065773
C02,C11,delayed HER64 minus delayed control,unique_cells,-24.94510042019033,6.745148509885009,3,-17.194399015203537,-28.155620904916994,-29.485281340450463
C02,C11,delayed HER64 minus delayed control,coverage_entropy,-0.6312215095231394,1.2219530779267174,3,-0.07484665920047684,-2.032353543336609,0.2135356739676677
C02,C11,delayed HER64 minus delayed control,dg_density,0.0009220098358353745,0.006406351897460614,3,0.0032129225388071864,-0.0063148448669832526,0.00586795183568219
C02,C11,delayed HER64 minus delayed control,dg_silent_fraction,0.0,0.0,3,0.0,0.0,0.0
C02,C11,delayed HER64 minus delayed control,dg_multi_fraction,-0.00038509327342047965,0.0051680551514947225,3,0.005350349775326797,-0.0018254697712418305,-0.004680159824346405
C02,C11,delayed HER64 minus delayed control,dg_usage_entropy,-0.00403968999588411,0.017144107500083227,3,-0.010636298095478725,-0.016905667345508246,0.01542289545333464
C02,C11,delayed HER64 minus delayed control,dg_ca3_conflict_fraction,-0.0037458166317742014,0.050352112348559706,3,-0.004179312512765487,-0.053879781486162126,0.04682164410360501
C02,C11,delayed HER64 minus delayed control,intrinsic_reward_mean,0.011010715802867686,0.004785288702377853,3,0.012389434318916474,0.014955290014934688,0.005687423074751896
C02,C11,delayed HER64 minus delayed control,intrinsic_reward_nonzero_fraction,0.006419462316176469,0.0038328970704808694,3,0.007758246527777776,0.009403403288398695,0.0020967371323529355
C02,C11,delayed HER64 minus delayed control,active_target_fraction,-2.127587145976199e-05,2.7001293884640705e-05,3,-5.106209150329555e-05,1.595690359401658e-06,-1.4361213235392079e-05
C02,C11,delayed HER64 minus delayed control,target_hit_rate,0.006398718341503268,0.003798299159862669,3,0.0076800577001633966,0.009390637765522878,0.002125459558823529
C02,C11,delayed HER64 minus delayed control,target_hit_lift,0.07269864352440265,0.11505993969638784,3,0.051284831918142926,0.19696115785174906,-0.03015005919668401
C02,C11,delayed HER64 minus delayed control,action_sensitivity,-0.005203881095547008,0.03083626428790855,3,0.009246700682245146,0.015753459367974135,-0.040611803336860305
C02,C11,delayed HER64 minus delayed control,target_valid_fraction,-2.127587145976199e-05,2.7001293884640705e-05,3,-5.106209150329555e-05,1.595690359401658e-06,-1.4361213235392079e-05
C02,C11,delayed HER64 minus delayed control,value_span,0.013101095260523688,0.002714321690330423,3,0.01623183791373485,0.011407739293740246,0.01166370857409597
C02,C11,delayed HER64 minus delayed control,option_success_fraction,0.04930112568543888,0.053326535139055956,3,-0.00056470984142587,0.04294877238815126,0.10551931450959126
C02,C11,delayed HER64 minus delayed control,option_timeout_rate,-0.005398752382897605,0.028421671630619195,3,0.016421249489379078,0.004921109068627458,-0.03753861570669935
C02,C11,delayed HER64 minus delayed control,known_edge_fraction,-0.01965777359269803,0.03652629326947836,3,-0.007312098408446599,-0.06075708149305356,0.009095859123406075
C02,C11,delayed HER64 minus delayed control,node_coverage_fraction,0.0,0.0,3,0.0,0.0,0.0
C02,C11,delayed HER64 minus delayed control,learned_deadline_fraction,-0.0005704805352329719,0.0006005703633815587,3,0.0,-0.0011971863656262682,-0.0005142552400726474
C02,C11,delayed HER64 minus delayed control,selected_deadline_mean,0.15827241961992358,2.5414021026922478,3,-1.4100616087321356,-1.205576145571042,3.0904550131629485
C02,C11,delayed HER64 minus delayed control,exploration_selection_fraction,0.0,0.0,3,0.0,0.0,0.0
C02,C11,delayed HER64 minus delayed control,forced_exploration_fraction,0.0,0.0,3,0.0,0.0,0.0
C02,C11,delayed HER64 minus delayed control,exploration_reward_nonzero_fraction,0.0,0.0,3,0.0,0.0,0.0
C02,C11,delayed HER64 minus delayed control,her_loss,0.05063029259041537,0.009033091344501587,3,0.050247651500493484,0.05984862419027908,0.04179460208047352
C02,C11,delayed HER64 minus delayed control,her_accepted_segments,31.943355119825707,0.044609139933426495,3,31.95098039215686,31.895424836601308,31.983660130718953
C02,C11,delayed HER64 minus delayed control,her_segment_length,21.170862541738938,0.11273762024083864,3,21.30022203532699,21.0935589254292,21.118806664460624
C02,C11,delayed HER64 minus delayed control,passive_updates,,,0,,,
C02,C11,delayed HER64 minus delayed control,passive_known_edge_fraction,,,0,,,
C02,C11,delayed HER64 minus delayed control,frontier_selection_rate,,,0,,,
C02,C11,delayed HER64 minus delayed control,frontier_yield,,,0,,,
C02,C11,delayed HER64 minus delayed control,frontier_reached_fraction,,,0,,,
C02,C11,delayed HER64 minus delayed control,route_available_rate,,,0,,,
C02,C11,delayed HER64 minus delayed control,hop_count_mean,,,0,,,
C02,C11,delayed HER64 minus delayed control,waypoint_success_rate,,,0,,,
C02,C11,delayed HER64 minus delayed control,final_frontier_reach_rate,,,0,,,
C02,C11,delayed HER64 minus delayed control,validation_success_rate,,,0,,,
C02,C11,delayed HER64 minus delayed control,validation_timeout_rate,,,0,,,
C12,C13,recovery minus C12,coverage_auc,-9.569862747215161,20.622339663858074,3,-31.075399929102304,10.038118777384284,-7.672307089927465
C12,C13,recovery minus C12,unique_cells,-18.95123806288056,36.71569507205863,3,-59.06354786578652,12.991641212055704,-10.781807534910868
C12,C13,recovery minus C12,coverage_entropy,-0.34793820963115235,0.6703343240361935,3,-1.111293587252561,0.1447103382976911,-0.07723137993858709
C12,C13,recovery minus C12,dg_density,-0.00214440838184232,0.0032721975401314956,3,-0.005329506070006127,0.0012084362553615204,-0.0023121553308823525
C12,C13,recovery minus C12,dg_silent_fraction,0.0,0.0,3,0.0,0.0,0.0
C12,C13,recovery minus C12,dg_multi_fraction,-0.0020887586805555555,0.0026003570048161117,3,-0.004448784722222222,-0.0025164036968954246,0.0006989123774509805
C12,C13,recovery minus C12,dg_usage_entropy,0.014276309730180717,0.009094009673051419,3,0.0045089176277709475,0.022499100055569876,0.01582091150720133
C12,C13,recovery minus C12,dg_ca3_conflict_fraction,0.0322532570699721,0.0192637768908842,3,0.052816353592218146,0.014625798643024934,0.02931761897467322
C12,C13,recovery minus C12,intrinsic_reward_mean,1.18840807345432,0.07086159832985231,3,1.2600256502460931,1.118327457871702,1.1868711122451654
C12,C13,recovery minus C12,intrinsic_reward_nonzero_fraction,0.15099113647194987,0.024458637119601563,3,0.17650409773284312,0.12774458741830066,0.14872472426470587
C12,C13,recovery minus C12,active_target_fraction,-0.5504169007012528,0.05403872314303751,3,-0.6092425577001634,-0.5029807495915033,-0.5390273948120915
C12,C13,recovery minus C12,target_hit_rate,-0.030548960035403055,0.017853396211372493,3,-0.011693218954248366,-0.04719413807189543,-0.03275952308006536
C12,C13,recovery minus C12,target_hit_lift,0.04058239136645999,0.02705902910920226,3,0.03844141122562439,0.014657452020769846,0.06864831085298573
C12,C13,recovery minus C12,action_sensitivity,-0.06775453846702811,0.060211303507807505,3,-0.002233689993291217,-0.08037383856519667,-0.12065608684259645
C12,C13,recovery minus C12,target_valid_fraction,-0.5504169007012528,0.05403872314303751,3,-0.6092425577001634,-0.5029807495915033,-0.5390273948120915
C12,C13,recovery minus C12,value_span,0.023438858476514095,0.004645715213407032,3,0.018075142007814172,0.026046023494107465,0.026195409927620657
C12,C13,recovery minus C12,option_success_fraction,-0.1181995817713748,0.040042791941888305,3,-0.14862510542464413,-0.13313878205866592,-0.07283485783081434
C12,C13,recovery minus C12,option_timeout_rate,-0.004535483898420479,0.0012473587510475764,3,-0.003162658292483661,-0.00484451593137255,-0.005599277471405228
C12,C13,recovery minus C12,known_edge_fraction,-0.061333517265995084,0.05008283781132584,3,-0.11122004290908769,-0.011056649042110817,-0.061723859846786744
C12,C13,recovery minus C12,node_coverage_fraction,0.0,0.0,3,0.0,0.0,0.0
C12,C13,recovery minus C12,learned_deadline_fraction,2.1359304976635112e-05,3.699540143389078e-05,3,6.407791492990533e-05,0.0,0.0
C12,C13,recovery minus C12,selected_deadline_mean,9.666511460846545,8.364630645731596,3,0.6115387000289587,17.104779019075277,11.283216663435397
C12,C13,recovery minus C12,exploration_selection_fraction,0.3115511099789657,0.06712240154060788,3,0.38901426458086064,0.275058181359877,0.2705808839961594
C12,C13,recovery minus C12,forced_exploration_fraction,0.7316801738083233,0.07202370950038463,3,0.8133759592093673,0.7043142585582982,0.6773503036573042
C12,C13,recovery minus C12,exploration_reward_nonzero_fraction,0.32721841043117,0.019837366590669574,3,0.3051471874799604,0.3435612765013003,0.3329467673122493
C12,C13,recovery minus C12,her_loss,0.0,0.0,3,0.0,0.0,0.0
C12,C13,recovery minus C12,her_accepted_segments,0.0,0.0,3,0.0,0.0,0.0
C12,C13,recovery minus C12,her_segment_length,0.0,0.0,3,0.0,0.0,0.0
C12,C13,recovery minus C12,passive_updates,,,0,,,
C12,C13,recovery minus C12,passive_known_edge_fraction,,,0,,,
C12,C13,recovery minus C12,frontier_selection_rate,,,0,,,
C12,C13,recovery minus C12,frontier_yield,,,0,,,
C12,C13,recovery minus C12,frontier_reached_fraction,,,0,,,
C12,C13,recovery minus C12,route_available_rate,,,0,,,
C12,C13,recovery minus C12,hop_count_mean,,,0,,,
C12,C13,recovery minus C12,waypoint_success_rate,,,0,,,
C12,C13,recovery minus C12,final_frontier_reach_rate,,,0,,,
C12,C13,recovery minus C12,validation_success_rate,,,0,,,
C12,C13,recovery minus C12,validation_timeout_rate,,,0,,,
C14,C15,UCB direct minus topology visit,coverage_auc,30.44174213554773,12.300321745192646,3,32.402645855588105,41.64382110806837,17.27875944298672
C14,C15,UCB direct minus topology visit,unique_cells,60.17096708712905,22.269638868814937,3,64.9695353525722,79.65014547577412,35.89322043304085
C14,C15,UCB direct minus topology visit,coverage_entropy,1.6062683763038563,0.4749887862719613,3,1.9692235212343776,1.7808975563166394,1.0686840513605511
C14,C15,UCB direct minus topology visit,dg_density,0.0009517628123297921,0.00266229807577071,3,-0.0012504228579452645,0.003910438687193627,0.00019527260774101357
C14,C15,UCB direct minus topology visit,dg_silent_fraction,0.0,0.0,3,0.0,0.0,0.0
C14,C15,UCB direct minus topology visit,dg_multi_fraction,0.0008685874523420484,0.002979321556447103,3,0.003674874897875818,0.0011887893178104576,-0.0022579018586601305
C14,C15,UCB direct minus topology visit,dg_usage_entropy,0.0030154990994073114,0.006440539012295724,3,-0.0031299797538059115,0.0024612066792506493,0.009715270372777196
C14,C15,UCB direct minus topology visit,dg_ca3_conflict_fraction,-0.004225720507386972,0.011264569308285177,3,-0.010957206775939476,-0.010498744989532294,0.008778790243310852
C14,C15,UCB direct minus topology visit,intrinsic_reward_mean,8.255543394221122e-05,0.011606864120866854,3,-0.012920417198972182,0.009396748942949992,0.003771334557848824
C14,C15,UCB direct minus topology visit,intrinsic_reward_nonzero_fraction,-0.0010925159994553402,0.0046689412737567606,3,-0.0064785028594771255,0.0013946333741830033,0.0018063214869281016
C14,C15,UCB direct minus topology visit,active_target_fraction,-0.002152586294934681,0.002690602247182066,3,-0.0006111494076798119,-0.005259395424836666,-0.0005872140522875657
C14,C15,UCB direct minus topology visit,target_hit_rate,-0.0015079273897058813,0.0040556846058240545,3,-0.006066814746732027,-0.00015637765522875588,0.001699410232843139
C14,C15,UCB direct minus topology visit,target_hit_lift,-0.029634362861741332,0.018959246380796557,3,-0.03867289657686279,-0.04238303463443427,-0.007847157373926938
C14,C15,UCB direct minus topology visit,action_sensitivity,-0.0011399651734504091,0.0011462914708177728,3,-0.002324180986214463,-0.001059920561661201,-3.579397247556373e-05
C14,C15,UCB direct minus topology visit,target_valid_fraction,-0.002152586294934681,0.002690602247182066,3,-0.0006111494076798119,-0.005259395424836666,-0.0005872140522875657
C14,C15,UCB direct minus topology visit,value_span,6.605206611099562e-06,0.0005180540137225894,3,-0.00046269577899164056,0.0005624992204651243,-7.998782164018504e-05
C14,C15,UCB direct minus topology visit,option_success_fraction,-0.010942785803853569,0.04421426886597299,3,-0.06049909138309412,0.003203762950850453,0.02446697102068296
C14,C15,UCB direct minus topology visit,option_timeout_rate,-0.0002420130378540305,0.0008914131543386347,3,-0.0012701695261437898,0.00022977941176470507,0.0003143510008169932
C14,C15,UCB direct minus topology visit,known_edge_fraction,0.0344271998779447,0.019089932154907546,3,0.056318088684206735,0.025721677378112262,0.0212418335715151
C14,C15,UCB direct minus topology visit,node_coverage_fraction,0.0,0.0,3,0.0,0.0,0.0
C14,C15,UCB direct minus topology visit,learned_deadline_fraction,0.0,0.0,3,0.0,0.0,0.0
C14,C15,UCB direct minus topology visit,selected_deadline_mean,1.44351402191295,2.5212779220107047,3,4.321267040726404,0.3864038442474538,-0.37712881923500774
C14,C15,UCB direct minus topology visit,exploration_selection_fraction,0.01177258233282074,0.01646380399024785,3,0.002247583784552573,0.030783332159949675,0.0022868310539599715
C14,C15,UCB direct minus topology visit,forced_exploration_fraction,-0.013021711211383735,0.20631077026318373,3,-0.21536683955905478,0.1970382751105657,-0.020736569185662135
C14,C15,UCB direct minus topology visit,exploration_reward_nonzero_fraction,-0.0019082211420621785,0.04457640546800304,3,-0.04581990073514139,0.043304428859960775,-0.0032091915510059216
C14,C15,UCB direct minus topology visit,her_loss,0.0,0.0,3,0.0,0.0,0.0
C14,C15,UCB direct minus topology visit,her_accepted_segments,0.0,0.0,3,0.0,0.0,0.0
C14,C15,UCB direct minus topology visit,her_segment_length,0.0,0.0,3,0.0,0.0,0.0
C14,C15,UCB direct minus topology visit,passive_updates,-5.63289760348592,122.41263977142998,3,-144.49673202614395,40.94117647058829,86.6568627450979
C14,C15,UCB direct minus topology visit,passive_known_edge_fraction,0.04896061236042859,0.01722565149146479,3,0.06609476781358903,0.049142169212204156,0.031644900055492586
C14,C15,UCB direct minus topology visit,frontier_selection_rate,-0.0002063759531590418,0.007605208627141126,3,-0.008131638071895427,0.0070322074142156864,0.0004803027982026153
C14,C15,UCB direct minus topology visit,frontier_yield,-0.5541944471945603,0.6547995370085479,3,0.1989007520130257,-0.9890356945180946,-0.8724483990786123
C14,C15,UCB direct minus topology visit,frontier_reached_fraction,0.0007708245596172763,0.0007618198057110395,3,0.0016091707941704714,0.0005824134618141292,0.000120889422867228
C14,C15,UCB direct minus topology visit,route_available_rate,-0.001653667109204792,0.0025396776033042357,3,-0.004455167483660129,-0.0010036892361111119,0.0004978553921568644
C14,C15,UCB direct minus topology visit,hop_count_mean,0.07364076817477187,0.03608436534301455,3,0.10918932023391226,0.07468953007966084,0.03704345421074251
C14,C15,UCB direct minus topology visit,waypoint_success_rate,,,0,,,
C14,C15,UCB direct minus topology visit,final_frontier_reach_rate,2.0743974673202612e-05,1.8812911883667147e-05,3,4.148794934640523e-05,1.5956903594771243e-05,4.787071078431374e-06
C14,C15,UCB direct minus topology visit,validation_success_rate,-0.0013568687023420478,0.0019699954851674266,3,-0.0036078559027777775,-0.000515407986111111,5.265778186274513e-05
C14,C15,UCB direct minus topology visit,validation_timeout_rate,0.0011887893178104576,0.0003830055764559917,3,0.001195172079248366,0.0008026322508169932,0.0015685636233660136
C15,C16,waypoint minus UCB direct,coverage_auc,-36.9623440972415,13.479438839658044,3,-25.564572952355014,-51.840738432612994,-33.48172090675649
C15,C16,waypoint minus UCB direct,unique_cells,-76.62665404840244,19.543946657711455,3,-61.40369689575733,-98.66595410289762,-69.8103111465524
C15,C16,waypoint minus UCB direct,coverage_entropy,-1.9668456294210028,0.2368221586545571,3,-1.6996916604394419,-2.0498627239509313,-2.150982503872636
C15,C16,waypoint minus UCB direct,dg_density,-0.0033328652641612193,0.0019214697930999636,3,-0.0020668179381127423,-0.0055438272314133966,-0.0023879506229575187
C15,C16,waypoint minus UCB direct,dg_silent_fraction,0.0,0.0,3,0.0,0.0,0.0
C15,C16,waypoint minus UCB direct,dg_multi_fraction,-0.0036137067674291944,0.0028840064237792965,3,-0.00680881076388889,-0.002829159007352941,-0.0012031505310457517
C15,C16,waypoint minus UCB direct,dg_usage_entropy,0.0037140313186936336,0.008401443622545152,3,0.013334263383952605,-1.3215284721534992e-05,-0.002178954143150169
C15,C16,waypoint minus UCB direct,dg_ca3_conflict_fraction,0.010966082803564111,0.015511751400083937,3,0.028381946040134776,0.005881714665032622,-0.0013654122944750657
C15,C16,waypoint minus UCB direct,intrinsic_reward_mean,-0.002444576014498804,0.0060831101935641,3,0.0032670808365580714,-0.008841161652669016,-0.0017596472273854677
C15,C16,waypoint minus UCB direct,intrinsic_reward_nonzero_fraction,0.005716826661220044,0.0039418959843208244,3,0.009598077512254902,0.0017169628267973865,0.005835439644607844
C15,C16,waypoint minus UCB direct,active_target_fraction,0.00824440019063181,0.002098007794445776,3,0.010553896037581723,0.007723141339869288,0.00645616319444442
C15,C16,waypoint minus UCB direct,target_hit_rate,0.008255570023148149,0.004102052331467725,3,0.012387344260620915,0.00418390012254902,0.008195465686274508
C15,C16,waypoint minus UCB direct,target_hit_lift,0.10215097081427482,0.031514658258199144,3,0.1372284297070473,0.07622459608744947,0.0929998866483277
C15,C16,waypoint minus UCB direct,action_sensitivity,0.006582169266712973,0.0026313703837572977,3,0.008933493522883414,0.0037399040730259217,0.007073110204229582
C15,C16,waypoint minus UCB direct,target_valid_fraction,0.00824440019063181,0.002098007794445776,3,0.010553896037581723,0.007723141339869288,0.00645616319444442
C15,C16,waypoint minus UCB direct,value_span,0.0003256098704313918,0.00048405899545667964,3,0.0005581768203353255,-0.00023084126739668376,0.0006494940583555338
C15,C16,waypoint minus UCB direct,option_success_fraction,0.0397211914163789,0.015045768980846863,3,0.05462728250844806,0.024539530179858993,0.03999676156082965
C15,C16,waypoint minus UCB direct,option_timeout_rate,0.006874765965413942,0.004033439476578946,3,0.011169832516339868,0.0031674453635620915,0.006287020016339868
C15,C16,waypoint minus UCB direct,known_edge_fraction,-0.12539035075370528,0.08433911009573596,3,-0.10746187633938264,-0.05145698337773097,-0.2172521925440022
C15,C16,waypoint minus UCB direct,node_coverage_fraction,0.0,0.0,3,0.0,0.0,0.0
C15,C16,waypoint minus UCB direct,learned_deadline_fraction,0.0,0.0,3,0.0,0.0,0.0
C15,C16,waypoint minus UCB direct,selected_deadline_mean,-8.282136960746415,3.545168412752653,3,-12.03959526111877,-4.996514276741372,-7.810301344379102
C15,C16,waypoint minus UCB direct,exploration_selection_fraction,-0.05801844479483684,0.00925700982874263,3,-0.06742739526469724,-0.057706687313327995,-0.0489212518064853
C15,C16,waypoint minus UCB direct,forced_exploration_fraction,-0.44814522503540405,0.010784299402156614,3,-0.45206542968068253,-0.43594915132506995,-0.4564210941004597
C15,C16,waypoint minus UCB direct,exploration_reward_nonzero_fraction,-0.11456971751903396,0.011570429833417733,3,-0.11995420369983109,-0.1012883135574121,-0.1224666352998587
C15,C16,waypoint minus UCB direct,her_loss,0.0,0.0,3,0.0,0.0,0.0
C15,C16,waypoint minus UCB direct,her_accepted_segments,0.0,0.0,3,0.0,0.0,0.0
C15,C16,waypoint minus UCB direct,her_segment_length,0.0,0.0,3,0.0,0.0,0.0
C15,C16,waypoint minus UCB direct,passive_updates,92.78867102396521,162.1738836466276,3,275.7352941176471,-33.30065359477112,35.93137254901967
C15,C16,waypoint minus UCB direct,passive_known_edge_fraction,-0.07241286074413973,0.008720872569157248,3,-0.06704793763316541,-0.06771515845473297,-0.08247548614452083
C15,C16,waypoint minus UCB direct,frontier_selection_rate,-0.013067640250544662,0.0021396448541453985,3,-0.015506918913398691,-0.012187882965686275,-0.01150811887254902
C15,C16,waypoint minus UCB direct,frontier_yield,-0.004992988297522025,0.9409240720379531,3,-0.8818340568393895,0.9890356945180946,-0.12218060257127113
C15,C16,waypoint minus UCB direct,frontier_reached_fraction,-0.0009086741538300363,0.0020191735920245266,3,-0.0030685402331204195,0.0009317165666740707,-0.0005891987950437599
C15,C16,waypoint minus UCB direct,route_available_rate,0.006697112438725489,0.0029680162396296967,3,0.009657118055555556,0.0037211499183006543,0.0067130693423202575
C15,C16,waypoint minus UCB direct,hop_count_mean,0.17712752894378694,0.17910411475830337,3,0.12984514781852163,0.026408270293591052,0.3751291687192482
C15,C16,waypoint minus UCB direct,waypoint_success_rate,,,0,,,
C15,C16,waypoint minus UCB direct,final_frontier_reach_rate,-2.606294253812636e-05,5.259327000775769e-05,3,-8.297589869281046e-05,2.0743974673202615e-05,-1.5956903594771243e-05
C15,C16,waypoint minus UCB direct,validation_success_rate,-0.0011552798202614381,0.000810398649092117,3,-0.002088758680555556,-0.0007451873978758172,-0.0006318933823529413
C15,C16,waypoint minus UCB direct,validation_timeout_rate,0.002321197576252722,0.005075360613891417,3,0.007997600081699346,0.0007451873978758152,-0.001779194750816995
