cell,condition,label,seed,run,max_step,terminal_low,terminal_high,coverage_auc,coverage_auc__n,unique_cells,unique_cells__n,coverage_entropy,coverage_entropy__n,dg_density,dg_density__n,dg_silent_fraction,dg_silent_fraction__n,dg_multi_fraction,dg_multi_fraction__n,dg_usage_entropy,dg_usage_entropy__n,dg_ca3_conflict_fraction,dg_ca3_conflict_fraction__n,intrinsic_reward_mean,intrinsic_reward_mean__n,intrinsic_reward_nonzero_fraction,intrinsic_reward_nonzero_fraction__n,active_target_fraction,active_target_fraction__n,target_hit_rate,target_hit_rate__n,target_hit_lift,target_hit_lift__n,action_sensitivity,action_sensitivity__n,target_valid_fraction,target_valid_fraction__n,value_span,value_span__n,option_success_fraction,option_success_fraction__n,option_timeout_rate,option_timeout_rate__n,known_edge_fraction,known_edge_fraction__n,node_coverage_fraction,node_coverage_fraction__n,learned_deadline_fraction,learned_deadline_fraction__n,selected_deadline_mean,selected_deadline_mean__n,exploration_selection_fraction,exploration_selection_fraction__n,forced_exploration_fraction,forced_exploration_fraction__n,exploration_reward_nonzero_fraction,exploration_reward_nonzero_fraction__n,her_loss,her_loss__n,her_accepted_segments,her_accepted_segments__n,her_segment_length,her_segment_length__n,passive_updates,passive_updates__n,passive_known_edge_fraction,passive_known_edge_fraction__n,frontier_selection_rate,frontier_selection_rate__n,frontier_yield,frontier_yield__n,frontier_reached_fraction,frontier_reached_fraction__n,route_available_rate,route_available_rate__n,hop_count_mean,hop_count_mean__n,waypoint_success_rate,waypoint_success_rate__n,final_frontier_reach_rate,final_frontier_reach_rate__n,validation_success_rate,validation_success_rate__n,validation_timeout_rate,validation_timeout_rate__n
1,C01,Flat control,8,CCR_C01_FLAT_CTRL_S8,100040704,90040704,100040704,31.920259016327314,519,41.06323698628155,519,2.8021962587543996,519,0.027566548266441993,306,0.0,306,0.0024094924428104576,306,0.9789238687044655,306,0.9945074343213848,306,2.7735009302500804,306,0.4039952895220588,306,,0,,0,,0,0.0,306,0.0,306,0.0,306,,0,,0,,0,,0,,0,,0,,0,,0,,0,0.0,306,0.0,306,0.0,306,,0,,0,,0,,0,,0,,0,,0,,0,,0,,0,,0
1,C01,Flat control,99,CCR_C01_FLAT_CTRL_S99,100040704,90040704,100040704,42.96857726642324,523,52.18416818651597,523,2.6607871256184623,523,0.025719038022109886,306,0.0,306,0.007400811887254902,306,0.9778187812543383,306,0.9920099794475081,306,2.3204164279052635,306,0.3396219490400327,306,,0,,0,,0,0.0,306,0.0,306,0.0,306,,0,,0,,0,,0,,0,,0,,0,,0,,0,0.0,306,0.0,306,0.0,306,,0,,0,,0,,0,,0,,0,,0,,0,,0,,0,,0
1,C01,Flat control,123,CCR_C01_FLAT_CTRL_S123,100040704,90040704,100040704,39.03218128189208,504,48.09908726858714,504,2.596392713368885,504,0.025583902994791668,306,0.0,306,0.005669487847222222,306,0.9773844016922845,306,0.9948042327282476,306,2.4000028979544545,306,0.35102156096813725,306,,0,,0,,0,0.0,306,0.0,306,0.0,306,,0,,0,,0,,0,,0,,0,,0,,0,,0,0.0,306,0.0,306,0.0,306,,0,,0,,0,,0,,0,,0,,0,,0,,0,,0,,0
2,C02,Direct delayed,8,CCR_C02_DIRECT_DELAYED_CTRL_S8,100040704,90040704,100040704,54.25464884933916,515,69.01295131942601,515,2.7732569953770314,515,0.024728812423406864,306,0.0,306,0.004635480494281046,306,0.9771511562509474,306,0.9893543517667484,306,0.06107977459974149,306,0.03641524969362745,306,0.9989675883374183,306,0.036420036764705885,306,0.9856670531961653,306,0.022069739651093198,306,0.9989675883374183,306,0.002639120359436359,306,0.310059409077261,306,0.08068927440767974,306,0.18391884770853067,306,1.0,306,1.0,306,9.573096633736604,306,0.0,306,0.0,306,0.0,306,0.0,306,0.0,306,0.0,306,,0,,0,,0,,0,,0,,0,,0,,0,,0,,0,,0
2,C02,Direct delayed,99,CCR_C02_DIRECT_DELAYED_CTRL_S99,100040704,90040704,100040704,39.3544282148029,511,58.999980366626595,511,3.3750772541516447,511,0.02866936976613562,306,0.0,306,0.008934270322712419,306,0.9755920199007769,306,0.9946369844324449,306,0.048897539253279665,306,0.029210707720588234,306,0.9988814210580066,306,0.029228260314542485,306,0.8801572753323449,306,0.013998324203676258,306,0.9988814210580066,306,0.0012409563295792763,306,0.2913578429496756,306,0.07195286968954248,306,0.22342047932880377,306,1.0,306,1.0,306,10.909450686834996,306,0.0,306,0.0,306,0.0,306,0.0,306,0.0,306,0.0,306,,0,,0,,0,,0,,0,,0,,0,,0,,0,,0,,0
2,C02,Direct delayed,123,CCR_C02_DIRECT_DELAYED_CTRL_S123,100040704,90040704,100040704,41.709558055294785,517,62.843326885880074,517,2.597526250309824,517,0.0229898091235192,306,0.0,306,0.010828354779411764,306,0.9625332965180765,306,0.9475691053602431,306,0.050652767038520646,306,0.03126914828431373,306,0.9988909952001634,306,0.03117659824346405,306,1.0118398417055217,306,0.0549577045394412,306,0.9988909952001634,306,0.006494114166308267,306,0.2300409243679514,306,0.1038092320261438,306,0.1323529421017061,306,1.0,306,0.9986629367264268,306,8.199470387564766,306,0.0,306,0.0,306,0.0,306,0.0,306,0.0,306,0.0,306,,0,,0,,0,,0,,0,,0,,0,,0,,0,,0,,0
3,C03,Direct immediate,8,CCR_C03_DIRECT_IMMEDIATE_CTRL_S8,100040704,90040704,100040704,33.20372593357878,530,42.342830229705235,530,2.1548735566858976,530,0.023671468098958332,306,0.0,306,0.0029759625204248364,306,0.973495553521549,306,0.9848536073771956,306,0.06094010357495422,306,0.036578010110294115,306,0.9988542943218954,306,0.03659396701388889,306,1.0030072524267084,306,0.017812040908371702,306,1.0,306,0.0028588844484533945,306,0.3558583996362156,306,0.0707513148488562,306,0.14501634181714526,306,1.0,306,0.9990194093168171,306,10.863260664971046,306,0.0,306,0.0,306,0.0,306,0.0,306,0.0,306,0.0,306,,0,,0,,0,,0,,0,,0,,0,,0,,0,,0,,0
3,C03,Direct immediate,99,CCR_C03_DIRECT_IMMEDIATE_CTRL_S99,100040704,90040704,100040704,19.144513947109008,530,21.72579244937537,530,2.535694518179264,530,0.029192058089511846,306,0.0,306,0.012850094464869281,306,0.9715774041764876,306,0.9976430656084048,306,0.10711778895138135,306,0.0635675168504902,306,0.9989388659109477,306,0.06355794270833333,306,1.0263054894855599,306,0.003944866974789381,306,1.0,306,0.0009739357424371882,306,0.6924032066382614,306,0.02827722886029412,306,0.15191993516644622,306,1.0,306,1.0,306,13.688846426072464,306,0.0,306,0.0,306,0.0,306,0.0,306,0.0,306,0.0,306,,0,,0,,0,,0,,0,,0,,0,,0,,0,,0,,0
3,C03,Direct immediate,123,CCR_C03_DIRECT_IMMEDIATE_CTRL_S123,100040704,90040704,100040704,17.189404124133993,530,19.49528300807161,530,2.5154034834987713,530,0.028799119338490605,306,0.0,306,0.011027816074346405,306,0.9765620508225136,306,0.9979232089971405,306,0.065129285800009,306,0.038893356821895424,306,0.9989436529820261,306,0.03890771803513072,306,0.9796552130209855,306,0.01588326436315292,306,1.0,306,0.008194605412046894,306,0.30997196195367116,306,0.08663002961601307,306,0.14441721097511404,306,1.0,306,1.0,306,8.764157993341582,306,0.0,306,0.0,306,0.0,306,0.0,306,0.0,306,0.0,306,,0,,0,,0,,0,,0,,0,,0,,0,,0,,0,,0
4,C04,Immediate iterative,8,CCR_C04_DIRECT_IMMEDIATE_ITER_S8,100040704,90040704,100040704,41.28967100923712,528,58.71062503439008,528,2.9963454775737994,528,0.02703707825903799,306,0.0,306,0.014551100388071895,306,0.9652563294554068,306,0.9751699609694138,306,0.023340323331211908,306,0.014523973651960785,306,0.9989276960784313,306,0.014453763276143792,306,1.0333130421981314,306,0.017798919769405733,306,1.0,306,0.0016609805035389643,306,0.14206408456065298,306,0.08643695108251634,306,0.1655501089746656,306,1.0,306,0.9986783328399159,306,10.889544926437678,306,0.0,306,0.0,306,0.0,306,0.0,306,0.0,306,0.0,306,,0,,0,,0,,0,,0,,0,,0,,0,,0,,0,,0
4,C04,Immediate iterative,99,CCR_C04_DIRECT_IMMEDIATE_ITER_S99,100040704,90040704,100040704,32.27123809726927,523,39.86151050108113,523,1.8512879108607656,523,0.025631275052338642,306,0.0,306,0.016223383884803922,306,0.9643149015560649,306,0.9691460304010927,306,0.0614781222470543,306,0.037682227839052285,306,0.9988542943218954,306,0.037650314031862746,306,1.1434295709226645,306,0.035563469900950495,306,1.0,306,0.0039056683487252762,306,0.2599348691505155,306,0.10605755974264706,306,0.15307734254138922,306,1.0,306,0.9999349915903378,306,7.7950124382193575,306,0.0,306,0.0,306,0.0,306,0.0,306,0.0,306,0.0,306,,0,,0,,0,,0,,0,,0,,0,,0,,0,,0,,0
4,C04,Immediate iterative,123,CCR_C04_DIRECT_IMMEDIATE_ITER_S123,100040704,90040704,100040704,45.17034698977615,528,62.134109865535386,528,2.115496497262608,528,0.026973150914011437,306,0.0,306,0.012746374591503268,306,0.9616090238483903,306,0.9197570202397365,306,0.018622696440015598,306,0.012270858864379085,306,0.9988814210580066,306,0.012157564848856208,306,0.9215715654145659,306,0.007750504569521819,306,1.0,306,0.0021877763180360443,306,0.17821905988396383,306,0.05126314848856209,306,0.14042755956548492,306,1.0,306,0.9906757933641571,306,17.320975683872994,306,0.0,306,0.0,306,0.0,306,0.0,306,0.0,306,0.0,306,,0,,0,,0,,0,,0,,0,,0,,0,,0,,0,,0
5,C05,Immediate G+R,8,CCR_C05_DIRECT_IMMEDIATE_G001_R100_S8,100040704,90040704,100040704,40.11764669239744,534,48.497172273500134,534,1.4166958758447055,534,0.024467717588337417,306,0.0,306,0.006938061683006536,306,0.9644279616330963,306,0.9671771479587928,306,0.06673040143001119,306,0.04032309538398693,306,0.9988686555351307,306,0.040308734170751634,306,1.0590399168675242,306,0.04696003622162381,306,1.0,306,0.003551041977130047,306,0.2627131878794019,306,0.11220415900735294,306,0.16876361733363346,306,1.0,306,1.0,306,7.4012488773445675,306,0.0,306,0.0,306,0.0,306,0.0,306,0.0,306,0.0,306,,0,,0,,0,,0,,0,,0,,0,,0,,0,,0,,0
5,C05,Immediate G+R,99,CCR_C05_DIRECT_IMMEDIATE_G001_R100_S99,100040704,90040704,100040704,44.14897275015908,531,59.816723063840705,531,2.7872766330417265,531,0.02564553653492647,306,0.0,306,0.007336984272875817,306,0.9652913656889224,306,0.9875298793019812,306,0.07220834184413642,306,0.043626174428104576,306,0.9989484400531046,306,0.04358468647875817,306,1.0630351934168074,306,0.01963387006662445,306,1.0,306,0.0017551223964664745,306,0.278252222471767,306,0.112408407373366,306,0.17554465764098698,306,1.0,306,0.999828199350756,306,7.29455145667581,306,0.0,306,0.0,306,0.0,306,0.0,306,0.0,306,0.0,306,,0,,0,,0,,0,,0,,0,,0,,0,,0,,0,,0
5,C05,Immediate G+R,123,CCR_C05_DIRECT_IMMEDIATE_G001_R100_S123,100040704,90040704,100040704,41.82392147456374,535,51.68525230906834,535,2.0374140289342293,535,0.0246224995532067,306,0.0,306,0.004254110498366013,306,0.9619494177936728,306,0.9811519049351511,306,0.1004200059725763,306,0.059731477226307186,306,0.998916526245915,306,0.059733072916666664,306,1.150168903318106,306,0.010136505820958881,306,1.0,306,0.0013934027027335699,306,0.4096917429196289,306,0.08491785386029412,306,0.16277233102158004,306,1.0,306,0.9998375066355163,306,8.284089733572568,306,0.0,306,0.0,306,0.0,306,0.0,306,0.0,306,0.0,306,,0,,0,,0,,0,,0,,0,,0,,0,,0,,0,,0
6,C06,Immediate G+R+X,8,CCR_C06_DIRECT_IMMEDIATE_G001_R100_X1_S8,100040704,90040704,100040704,31.32928213194096,537,37.26486030592821,537,1.8218409735397254,537,0.021271250606362337,306,0.0,306,0.005197163500816993,306,0.9644113592073029,306,0.9785896251404208,306,0.045946900982385366,306,0.027667675142973858,306,0.9989356745302288,306,0.027540019914215685,306,1.2760217215111054,306,0.014429114054389347,306,1.0,306,0.0013551413598226908,306,0.2092693434431662,306,0.10285022212009803,306,0.16410675235823088,306,1.0,306,0.9999038623828514,306,8.31643974858951,306,0.0,306,0.0,306,0.0,306,0.0,306,0.0,306,0.0,306,,0,,0,,0,,0,,0,,0,,0,,0,,0,,0,,0
6,C06,Immediate G+R+X,99,CCR_C06_DIRECT_IMMEDIATE_G001_R100_X1_S99,100040704,90040704,100040704,34.71612403625832,532,49.25437974212761,532,1.7452862834123741,532,0.019950916564542485,306,0.0,306,0.012559678819444444,306,0.9542383551597595,306,0.8594267602060356,306,0.02369199763128254,306,0.014811197916666666,306,0.9989181219362745,306,0.01469311683006536,306,1.0744584944902682,306,0.012954173789943988,306,1.0,306,0.0017336521878248093,306,0.14194651952719475,306,0.0657855264501634,306,0.19008714632660734,306,1.0,306,0.9989283912711673,306,16.23814483717376,306,0.0,306,0.0,306,0.0,306,0.0,306,0.0,306,0.0,306,,0,,0,,0,,0,,0,,0,,0,,0,,0,,0,,0
6,C06,Immediate G+R+X,123,CCR_C06_DIRECT_IMMEDIATE_G001_R100_X1_S123,100040704,90040704,100040704,47.22523380172587,535,60.69771960249571,535,2.585213450405085,535,0.022956499087265114,306,0.0028594771241830064,306,0.006596583946078431,306,0.9679623218922834,306,0.9833535587086397,306,0.04598425563083949,306,0.027721928615196078,306,0.9989324831495098,306,0.02766129238153595,306,1.0911998707874149,306,0.009934549060120595,306,1.0,306,0.0015375535469882653,306,0.23570724306445495,306,0.08844752093545752,306,0.17047930314065585,306,1.0,306,1.0,306,9.417156571656271,306,0.0,306,0.0,306,0.0,306,0.0,306,0.0,306,0.0,306,,0,,0,,0,,0,,0,,0,,0,,0,,0,,0,,0
7,C07,Immediate O,8,CCR_C07_DIRECT_IMMEDIATE_O1_S8,100040704,90040704,100040704,30.843981158939297,521,39.66785038455663,521,2.5464229611197267,521,0.026891272052440768,306,0.0,306,0.004558887357026144,306,0.9710765438142166,306,0.9865254919513379,306,0.053189451818421385,306,0.03257921006944445,306,0.9988957822712419,306,0.032516978145424834,306,1.0100275673507866,306,0.02365443169814991,306,1.0,306,0.004508165803165753,306,0.2484023056291287,306,0.09782220179738563,306,0.1798747248606744,306,1.0,306,1.0,306,8.464894584580964,306,0.0,306,0.0,306,0.0,306,0.0,306,0.0,306,0.0,306,,0,,0,,0,,0,,0,,0,,0,,0,,0,,0,,0
7,C07,Immediate O,99,CCR_C07_DIRECT_IMMEDIATE_O1_S99,100040704,90040704,100040704,41.46219785417829,525,54.99095249720982,525,2.1498654202052525,525,0.02532849280662786,306,0.0,306,0.005562576593137255,306,0.9648402368321138,306,0.9892320819929534,306,0.09401346933023602,306,0.05643318525326797,306,0.9989324831495098,306,0.05639010161356209,306,1.0829831016998666,306,0.0259007487226935,306,1.0,306,0.0035461238406604657,306,0.3750200745424414,306,0.09325374029820262,306,0.18190359538481907,306,1.0,306,1.0,306,7.954454675998563,306,0.0,306,0.0,306,0.0,306,0.0,306,0.0,306,0.0,306,,0,,0,,0,,0,,0,,0,,0,,0,,0,,0,,0
7,C07,Immediate O,123,CCR_C07_DIRECT_IMMEDIATE_O1_S123,100040704,90040704,100040704,35.55947507898088,527,42.996432577636256,527,1.3476540712070646,527,0.024195752112694036,306,0.0,306,0.008438010620915032,306,0.9625386459375519,306,0.9868022444980596,306,0.08093290766883715,306,0.04827122906454248,306,0.9988973779616013,306,0.04823133680555555,306,1.2657023325465084,306,0.01757125281637498,306,1.0,306,0.0015907535436745807,306,0.315386995624483,306,0.10412677440767974,306,0.17118736273712581,306,1.0,306,1.0,306,7.578490409975737,306,0.0,306,0.0,306,0.0,306,0.0,306,0.0,306,0.0,306,,0,,0,,0,,0,,0,,0,,0,,0,,0,,0,,0
8,C08,Immediate X+O,8,CCR_C08_DIRECT_IMMEDIATE_X1_O1_S8,100040704,90040704,100040704,29.364806626589242,524,35.99419842057556,524,1.7367042009612077,524,0.021678351109323937,306,0.0,306,0.005296096303104575,306,0.9680973094662809,306,0.9657991696027369,306,0.017502202695384744,306,0.010490068423202614,306,0.998916526245915,306,0.010405496834150327,306,0.9595560948638355,306,0.0033239904902205844,306,1.0,306,0.0007460062691464022,306,0.09778421142692464,306,0.095806844873366,306,0.16458333303141437,306,1.0,306,0.9999076803914861,306,9.733122429816552,306,0.0,306,0.0,306,0.0,306,0.0,306,0.0,306,0.0,306,,0,,0,,0,,0,,0,,0,,0,,0,,0,,0,,0
8,C08,Immediate X+O,99,CCR_C08_DIRECT_IMMEDIATE_X1_O1_S99,100040704,90040704,100040704,78.93342462934172,527,115.3074572452784,527,3.834526967730875,527,0.023578120212928922,306,0.0,306,0.005845013786764706,306,0.9769651317128948,306,0.980398539624183,306,0.05764760354570314,306,0.03470626531862745,306,0.9989005693423203,306,0.03466956444035948,306,0.971917146755979,306,0.01893972882428785,306,1.0,306,0.0030492767158993126,306,0.24801267235497243,306,0.1046740962009804,306,0.2096677568613314,306,1.0,306,1.0,306,8.028340042026993,306,0.0,306,0.0,306,0.0,306,0.0,306,0.0,306,0.0,306,,0,,0,,0,,0,,0,,0,,0,,0,,0,,0,,0
8,C08,Immediate X+O,123,CCR_C08_DIRECT_IMMEDIATE_X1_O1_S123,100040704,90040704,100040704,34.22777142577898,538,41.083531638503516,538,1.6825085408625549,538,0.022318222943474266,306,0.0,306,0.004254110498366013,306,0.9731190555235919,306,0.9802450541577308,306,0.066074636411774,306,0.039282705269607844,306,0.9989101434844772,306,0.03919175091911765,306,1.019371425793841,306,0.009266377505815887,306,1.0,306,0.00142344470087171,306,0.32036884796190884,306,0.08329982383578431,306,0.15148420339705898,306,0.9989787581699346,306,0.9994516193477156,306,9.138587415607926,306,0.0,306,0.0,306,0.0,306,0.0,306,0.0,306,0.0,306,,0,,0,,0,,0,,0,,0,,0,,0,,0,,0,,0
9,C09,Immediate HER16,8,CCR_C09_DIRECT_IMMEDIATE_HER16_S8,100040704,90040704,100040704,31.958608329409646,525,40.2823618934268,525,2.3573065671466646,525,0.02591829985574959,306,0.0,306,0.013681449142156863,306,0.9658364283493142,306,0.931901620104422,306,0.033248667434783157,306,0.020592384089052288,306,0.9989037607230392,306,0.020570044424019607,306,0.9225367584259682,306,0.03358098001408032,306,1.0,306,0.029993577969863135,306,0.14489586853416137,306,0.12155650020424837,306,0.17967047410852768,306,1.0,306,1.0,306,7.5022557825824014,306,0.0,306,0.0,306,0.0,306,0.0880589221811129,306,31.820261437908496,306,8.191489807141373,306,,0,,0,,0,,0,,0,,0,,0,,0,,0,,0,,0
9,C09,Immediate HER16,99,CCR_C09_DIRECT_IMMEDIATE_HER16_S99,100040704,90040704,100040704,38.80175295676894,524,49.30312972032387,524,1.7343687112549788,524,0.023025612425959966,306,0.0,306,0.010560278799019608,306,0.9565894946553348,306,0.8637079974405126,306,0.08041772302970582,306,0.04796645220588235,306,0.9989181219362745,306,0.04800953584558824,306,1.0387144287427266,306,0.01767725216565666,306,1.0,306,0.024783033591518604,306,0.35151833945921823,306,0.08786828533496732,306,0.1403186276944634,306,1.0,306,0.9996799520807329,306,8.452673072129294,306,0.0,306,0.0,306,0.0,306,0.061071162516847737,306,30.11764705882353,306,7.64504768334183,306,,0,,0,,0,,0,,0,,0,,0,,0,,0,,0,,0
9,C09,Immediate HER16,123,CCR_C09_DIRECT_IMMEDIATE_HER16_S123,100040704,90040704,100040704,39.4465166171694,526,56.45906842888081,526,2.442685299953127,526,0.02467126783981822,306,0.0,306,0.008560878778594771,306,0.9659514655085171,306,0.9837715298521752,306,0.056314037431007116,306,0.033606834660947715,306,0.9989053564133987,306,0.03351907169117647,306,1.1469271812174056,306,0.018315919717542487,306,1.0,306,0.032896569540444155,306,0.25624093221001376,306,0.09748391544117647,306,0.17988834028540093,306,1.0,306,0.9998218243807749,306,8.49782557269327,306,0.0,306,0.0,306,0.0,306,0.04667907754519309,306,31.977124183006534,306,8.039499000786178,306,,0,,0,,0,,0,,0,,0,,0,,0,,0,,0,,0
10,C10,Immediate HER64,8,CCR_C10_DIRECT_IMMEDIATE_HER64_S8,100040704,90040704,100040704,33.49112007504418,525,40.45937151954288,525,1.5800573612394786,525,0.021793041353911358,306,0.0,306,0.011723537071078432,306,0.9554989787877775,306,0.9285388024024714,306,0.048348797509580654,306,0.03026705473856209,306,0.9988957822712419,306,0.03025109783496732,306,0.944463828225541,306,0.03107677924818073,306,1.0,306,0.05095917941527624,306,0.2217565069303793,306,0.10541609221813726,306,0.12302559779749976,306,1.0,306,0.9994627654162886,306,8.044338411755032,306,0.0,306,0.0,306,0.0,306,0.045445480767418354,306,31.908496732026144,306,21.036758120543038,306,,0,,0,,0,,0,,0,,0,,0,,0,,0,,0,,0
10,C10,Immediate HER64,99,CCR_C10_DIRECT_IMMEDIATE_HER64_S99,100040704,90040704,100040704,31.595322094036145,526,36.76958179473877,526,1.9716317726178767,526,0.025069592045802697,306,0.0,306,0.0045381433823529415,306,0.9644814862145318,306,0.9817569707733353,306,0.029641417905937856,306,0.017664292279411766,306,0.9989564185049019,306,0.01762120863970588,306,0.9764501676450368,306,0.011350422207375659,306,1.0,306,0.02742731408368236,306,0.21790979140943367,306,0.05493802338643791,306,0.14888344283879193,306,1.0,306,0.997983427413928,306,15.786075994080187,306,0.0,306,0.0,306,0.0,306,0.042150343533946213,306,31.92156862745098,306,21.261673861858892,306,,0,,0,,0,,0,,0,,0,,0,,0,,0,,0,,0
10,C10,Immediate HER64,123,CCR_C10_DIRECT_IMMEDIATE_HER64_S123,100040704,90040704,100040704,49.621510211959084,526,62.92707227844702,526,1.9884763736235325,526,0.02156146679049224,306,0.0,306,0.00537109375,306,0.9709223615967371,306,0.9654335570491217,306,0.060668548666476425,306,0.03688438265931373,306,0.9989005693423203,306,0.03681736366421569,306,1.0152412220543505,306,0.017447408656985346,306,1.0,306,0.019409073866733344,306,0.29293790578939555,306,0.08907143586601307,306,0.1839596955896982,306,1.0,306,1.0,306,8.845483243854996,306,0.0,306,0.0,306,0.0,306,0.03337056239385133,306,31.892156862745097,306,21.20646258584814,306,,0,,0,,0,,0,,0,,0,,0,,0,,0,,0,,0
11,C11,Delayed HER64,8,CCR_C11_DIRECT_DELAYED_HER64_S8,100040704,90040704,100040704,39.49838463919503,525,51.81855230422247,525,2.6984103361765546,525,0.02794173496221405,306,0.0,306,0.009985830269607842,306,0.9665148581554687,306,0.9851750392539829,306,0.07346920891865796,306,0.04417349622140523,306,0.998916526245915,306,0.04410009446486928,306,1.0369518851143082,306,0.031316440333338344,306,0.998916526245915,306,0.01887095827317121,306,0.3094946992358351,306,0.09711052389705882,306,0.17660674930008408,306,1.0,306,1.0,306,8.163035025004469,306,0.0,306,0.0,306,0.0,306,0.050247651500493484,306,31.95098039215686,306,21.30022203532699,306,,0,,0,,0,,0,,0,,0,,0,,0,,0,,0,,0
11,C11,Delayed HER64,99,CCR_C11_DIRECT_DELAYED_HER64_S99,100040704,90040704,100040704,27.22367520086168,523,30.8443594617096,523,1.3427237108150358,523,0.022354524899152368,306,0.0,306,0.007108800551470588,306,0.9586863525552687,306,0.9407572029462827,306,0.06385282926821435,306,0.03861411100898693,306,0.998883016748366,306,0.03861889808006536,306,1.077118433184094,306,0.02975178357165039,306,0.998883016748366,306,0.012648695623319522,306,0.33430661533782685,306,0.07687397875816994,306,0.1626633978357502,306,1.0,306,0.9988028136343737,306,9.703874541263954,306,0.0,306,0.0,306,0.0,306,0.05984862419027908,306,31.895424836601308,306,21.0935589254292,306,,0,,0,,0,,0,,0,,0,,0,,0,,0,,0,,0
11,C11,Delayed HER64,123,CCR_C11_DIRECT_DELAYED_HER64_S123,100040704,90040704,100040704,25.499329355229012,527,33.35804554542961,527,2.811061924277492,527,0.028857760959201388,306,0.0,306,0.006148194955065359,306,0.9779561919714111,306,0.9943907494638481,306,0.05634019011327254,306,0.033365885416666664,306,0.998876633986928,306,0.03330205780228758,306,0.9816897825088376,306,0.014345901202580898,306,0.998876633986928,306,0.01815782274040424,306,0.33556023887754266,306,0.06627061631944445,306,0.14144880122511216,306,1.0,306,0.9981486814863542,306,11.289925400727714,306,0.0,306,0.0,306,0.0,306,0.04179460208047352,306,31.983660130718953,306,21.118806664460624,306,,0,,0,,0,,0,,0,,0,,0,,0,,0,,0,,0
12,C12,Delayed X+O long,8,CCR_C12_DIRECT_DELAYED_X1_O1_LONG_S8,100040704,90040704,100040704,61.25900131579071,518,94.29111959391119,518,3.177010096178092,518,0.026465322457107844,306,0.0,306,0.008227379493464053,306,0.9644826561017753,306,0.9329954658458436,306,0.03158187303004263,306,0.0191754110498366,306,0.9989149305555556,306,0.01903818167892157,306,0.9116172847015406,306,0.009883742126654469,306,0.9989149305555556,306,0.005064222906119634,306,0.6114657831688722,306,0.01112515318627451,306,0.1823937899731343,306,1.0,306,0.9999359220850701,306,46.11358796537312,306,0.0,306,0.0,306,0.0,306,0.0,306,0.0,306,0.0,306,,0,,0,,0,,0,,0,,0,,0,,0,,0,,0,,0
12,C12,Delayed X+O long,99,CCR_C12_DIRECT_DELAYED_X1_O1_LONG_S99,100040704,90040704,100040704,41.31405064531865,524,52.16950383077141,524,2.764360089338463,524,0.024689319087009803,306,0.0,306,0.0051748238357843136,306,0.9550523662489224,306,0.9774081161598754,306,0.10467068592902103,306,0.06282392514297386,306,0.998876633986928,306,0.06280477685866014,306,0.9321884808976666,306,0.08989749621185991,306,0.998876633986928,306,0.004118848126381636,306,0.8544933164820951,306,0.01053155637254902,306,0.1402777781089147,306,1.0,306,1.0,306,29.882028137157167,306,0.0,306,0.0,306,0.0,306,0.0,306,0.0,306,0.0,306,,0,,0,,0,,0,,0,,0,,0,,0,,0,,0,,0
12,C12,Delayed X+O long,123,CCR_C12_DIRECT_DELAYED_X1_O1_LONG_S123,100040704,90040704,100040704,41.66780365918526,526,55.80222423538962,526,2.87983342449928,526,0.02653682933134191,306,0.0,306,0.005403007557189542,306,0.9610097690734988,306,0.9622806723600899,306,0.08159620361098277,306,0.050423815359477125,306,0.998919717626634,306,0.05040147569444445,306,0.9102697458142549,306,0.12525939225566154,306,0.998919717626634,306,0.006612608591977239,306,0.8099155646134046,306,0.011453865400326797,306,0.18134531651447022,306,1.0,306,1.0,306,32.036451938105564,306,0.0,306,0.0,306,0.0,306,0.0,306,0.0,306,0.0,306,,0,,0,,0,,0,,0,,0,,0,,0,,0,,0,,0
13,C13,C12 + recovery,8,CCR_C13_DIRECT_DELAYED_X1_O1_P010_S8,100040704,90040704,100040704,30.18360138668841,523,35.22757172812467,523,2.0657165089255307,523,0.021135816387101717,306,0.0,306,0.00377859477124183,306,0.9689915737295463,306,0.9858118194380617,306,1.2916075232761357,306,0.19567950878267973,306,0.38967237285539214,306,0.0073449627246732025,306,0.950058695927165,306,0.007650052133363252,306,0.38967237285539214,306,0.023139364913933806,306,0.4628406777442281,306,0.00796249489379085,306,0.07117374706404661,306,1.0,306,1.0,306,46.72512666540208,306,0.38901426458086064,306,0.8133759592093673,306,0.3051471874799604,306,0.0,306,0.0,306,0.0,306,,0,,0,,0,,0,,0,,0,,0,,0,,0,,0,,0
13,C13,C12 + recovery,99,CCR_C13_DIRECT_DELAYED_X1_O1_P010_S99,100040704,90040704,100040704,51.352169422702936,524,65.16114504282712,524,2.909070427636154,524,0.025897755342371324,306,0.0,306,0.002658420138888889,306,0.9775514663044923,306,0.9920339148029004,306,1.222998143800723,306,0.19056851256127452,306,0.4958958843954248,306,0.015610638786764705,306,0.9468459329184364,306,0.009523657646663243,306,0.4958958843954248,306,0.0301648716204891,306,0.7213545344234292,306,0.00568704044117647,306,0.12922112906680389,306,1.0,306,1.0,306,46.986807156232445,306,0.275058181359877,306,0.7043142585582982,306,0.3435612765013003,306,0.0,306,0.0,306,0.0,306,,0,,0,,0,,0,,0,,0,,0,,0,,0,,0,,0
13,C13,C12 + recovery,123,CCR_C13_DIRECT_DELAYED_X1_O1_P010_S123,100040704,90040704,100040704,33.995496569257796,528,45.020416700478755,528,2.8026020445606927,528,0.024224674000459558,306,0.0,306,0.006101919934640523,306,0.9768306805807001,306,0.9915982913347631,306,1.2684673158561481,306,0.199148539624183,306,0.4598923228145425,306,0.017641952614379085,306,0.9789180566672406,306,0.004603305413065101,306,0.4598923228145425,306,0.032808018519597894,306,0.7370807067825903,306,0.005854587928921569,306,0.11962145666768348,306,1.0,306,1.0,306,43.31966860154096,306,0.2705808839961594,306,0.6773503036573042,306,0.3329467673122493,306,0.0,306,0.0,306,0.0,306,,0,,0,,0,,0,,0,,0,,0,,0,,0,,0,,0
14,C14,Topology visit,8,CCR_C14_TOPOLOGY_VISIT_O1_S8,100040704,90040704,100040704,36.59141724880743,538,48.54438657654262,538,1.9397427306742474,538,0.028125139622906456,306,0.0,306,0.006711473651960784,306,0.9679370064750995,306,0.9719525505514706,306,0.06042879571517309,306,0.025714550142973858,306,0.9876158471200981,306,0.02204605800653595,306,0.9406420600180533,306,0.003638378061902758,306,0.9876158471200981,306,0.0008830930631066782,306,0.4552812739671056,306,0.02448586856617647,306,0.9348311572293051,306,1.0,306,0.0,306,32.10776663761513,306,0.07266263377676213,306,0.7682470681231006,306,0.1957382002565401,306,0.0,306,0.0,306,0.0,306,1293.5032679738563,306,0.9197712587375267,306,0.02558529922385621,306,0.8010992479869743,306,0.001459369438949948,306,0.028106489991830064,306,1.2591136943281087,306,,0,4.148794934640523e-05,306,0.006843915951797386,306,0.01053155637254902,306
14,C14,Topology visit,99,CCR_C14_TOPOLOGY_VISIT_O1_S99,100040704,90040704,100040704,52.71211487805402,540,75.8162777017664,540,2.8435695299395807,540,0.02587780921287786,306,0.0,306,0.005192376429738562,306,0.972285540080538,306,0.9891608743106618,306,0.04386527413575381,306,0.01931583180147059,306,0.9928768382352942,306,0.01698452818627451,306,0.9427706850510017,306,0.002891292973776086,306,0.9928768382352942,306,0.0002643955957347655,306,0.3761511902306594,306,0.027184180964052288,306,0.9677696142321318,306,1.0,306,0.0,306,32.34388959797379,306,0.05226672204588753,306,0.5804750284825275,306,0.15525045228842038,306,0.0,306,0.0,306,0.0,306,1372.5065359477123,306,0.9281182006683225,306,0.013102213541666666,306,1.0,306,0.000518646964718119,306,0.026874617034313725,306,1.2419858348915,306,,0,1.5956903594771243e-05,306,0.0026791641135620915,306,0.01450482536764706,306
14,C14,Topology visit,123,CCR_C14_TOPOLOGY_VISIT_O1_S123,100040704,90040704,100040704,55.08501676755531,535,79.27979440421701,535,2.9836892092339347,535,0.026711158503114788,306,0.0,306,0.00618649152369281,306,0.9685235341000401,306,0.9768674763199551,306,0.04172015543783607,306,0.018403096915849675,306,0.992919921875,306,0.016105302798202614,306,0.8996282395194558,306,0.0025141444144727893,306,0.992919921875,306,0.0004302096272856028,306,0.36540291395062713,306,0.027484170751633986,306,0.9697167807155185,306,1.0,306,0.0,306,32.15013649884392,306,0.04663442075252533,306,0.47715766328612186,306,0.12567582685086462,306,0.0,306,0.0,306,0.0,306,1278.8300653594772,306,0.9639569559907601,306,0.011027816074346405,306,1.0,306,0.00046830937217653187,306,0.02637357026143791,306,1.263347229536842,306,,0,1.1169832516339869e-05,306,0.0015845205269607843,306,0.01554202410130719,306
15,C15,Topology UCB direct,8,CCR_C15_TOPOLOGY_UCB_DIRECT_O1_S8,100040704,90040704,100040704,68.99406310439554,538,113.51392192911482,538,3.908966251908625,538,0.02687471676496119,306,0.0,306,0.010386348549836602,306,0.9648070267212936,306,0.9609953437755311,306,0.047508378516200905,306,0.019236047283496732,306,0.9870046977124183,306,0.015979243259803922,306,0.9019691634411905,306,0.0013141970756882953,306,0.9870046977124183,306,0.0004203972841150377,306,0.3947821825840115,306,0.02321569904003268,306,0.9911492459135118,306,1.0,306,0.0,306,36.42903367834153,306,0.0749102175613147,306,0.5528802285640458,306,0.1499182995213987,306,0.0,306,0.0,306,0.0,306,1149.0065359477123,306,0.9858660265511158,306,0.017453661151960783,306,1.0,306,0.0030685402331204195,306,0.023651322508169936,306,1.368303014562021,306,,0,8.297589869281046e-05,306,0.003236060049019608,306,0.011726728451797386,306
15,C15,Topology UCB direct,99,CCR_C15_TOPOLOGY_UCB_DIRECT_O1_S99,100040704,90040704,100040704,94.35593598612239,534,155.46642317754052,534,4.62446708625622,534,0.029788247900071486,306,0.0,306,0.0063811657475490195,306,0.9747467467597887,306,0.9786621293211295,306,0.0532620230787038,306,0.020710465175653593,306,0.9876174428104575,306,0.016828150531045753,306,0.9003876504165674,306,0.001831372412114885,306,0.9876174428104575,306,0.0008268948161998898,306,0.37935495318150986,306,0.027413960375816993,306,0.9934912916102441,306,1.0,306,0.0,306,32.730293442221246,306,0.0830500542058372,306,0.7775133035930932,306,0.19855488114838116,306,0.0,306,0.0,306,0.0,306,1413.4477124183006,306,0.9772603698805267,306,0.020134420955882353,306,0.01096430548190541,306,0.0011010604265322482,306,0.025870927798202614,306,1.3166753649711609,306,,0,3.1913807189542485e-05,306,0.0021637561274509805,306,0.015307457618464053,306
15,C15,Topology UCB direct,123,CCR_C15_TOPOLOGY_UCB_DIRECT_O1_S123,100040704,90040704,100040704,72.36377621054203,534,115.17301483725787,534,4.052373260594486,534,0.0269064311108558,306,0.0,306,0.00392858966503268,306,0.9782388044728173,306,0.9856462665632659,306,0.04549148999568489,306,0.020209418402777776,306,0.9923327078227124,306,0.017804713031045753,306,0.8917810821455289,306,0.0024783504419972255,306,0.9923327078227124,306,0.00035022180564541774,306,0.3898698849713101,306,0.02779852175245098,306,0.9909586142870336,306,1.0,306,0.0,306,31.773007679608913,306,0.0489212518064853,306,0.4564210941004597,306,0.1224666352998587,306,0.0,306,0.0,306,0.0,306,1365.486928104575,306,0.9956018560462527,306,0.01150811887254902,306,0.12755160092138776,306,0.0005891987950437599,306,0.026871425653594773,306,1.3003906837475845,306,,0,1.5956903594771243e-05,306,0.0016371783088235295,306,0.017110587724673203,306
16,C16,Topology UCB waypoint,8,CCR_C16_TOPOLOGY_UCB_WAYPOINT_O1_S8,100040704,90040704,100040704,43.42949015204052,533,52.11022503335749,533,2.209274591469183,533,0.02480789882684845,306,0.0,306,0.0035775377859477123,306,0.9781412901052462,306,0.9893772898156659,306,0.05077545935275898,306,0.028834124795751634,306,0.99755859375,306,0.028366587520424837,306,1.0391975931482378,306,0.01024769059857171,306,0.99755859375,306,0.0009785741044503631,306,0.44940946509245955,306,0.03438553155637255,306,0.8836873695741292,306,1.0,306,0.0,306,24.389438417222763,306,0.007482822296617468,306,0.10081479888336331,306,0.02996409582156761,306,0.0,306,0.0,306,0.0,306,1424.7418300653594,306,0.9188180889179504,306,0.0019467422385620915,306,0.1181659431606105,306,0.0,306,0.03330844056372549,306,1.4981481623805426,306,,0,0.0,306,0.0011473013684640523,306,0.019724328533496732,306
16,C16,Topology UCB waypoint,99,CCR_C16_TOPOLOGY_UCB_WAYPOINT_O1_S99,100040704,90040704,100040704,42.515197553509395,533,56.800469074642905,533,2.5746043623052888,533,0.02424442066865809,306,0.0,306,0.0035520067401960784,306,0.9747335314750671,306,0.9845438439861621,306,0.04442086142603478,306,0.02242742800245098,306,0.9953405841503268,306,0.021012050653594773,306,0.9766122465040169,306,0.005571276485140807,306,0.9953405841503268,306,0.000596053548803206,306,0.40389448336136885,306,0.030581405739379085,306,0.9420343082325131,306,1.0,306,0.0,306,27.733779165479874,306,0.02534336689250921,306,0.3415641522680233,306,0.09726656759096906,306,0.0,306,0.0,306,0.0,306,1380.1470588235295,306,0.9095452114257937,306,0.007946537990196078,306,1.0,306,0.002032776993206319,306,0.029592077716503268,306,1.343083635264752,306,,0,5.26577818627451e-05,306,0.0014185687295751633,306,0.016052645016339868,306
16,C16,Topology UCB waypoint,123,CCR_C16_TOPOLOGY_UCB_WAYPOINT_O1_S123,100040704,90040704,100040704,38.882055303785535,540,45.36270369070547,540,1.9013907567218498,540,0.024518480487898283,306,0.0,306,0.002725439133986928,306,0.9760598503296671,306,0.9842808542687909,306,0.043731842768299424,306,0.02604485804738562,306,0.9987888710171569,306,0.02600017871732026,306,0.9847809687938566,306,0.009551460646226808,306,0.9987888710171569,306,0.0009997158640009515,306,0.42986664653213974,306,0.03408554176879085,306,0.7737064217430314,306,1.0,306,0.0,306,23.96270633522981,306,0.0,306,0.0,306,0.0,306,0.0,306,0.0,306,0.0,306,1401.4183006535948,306,0.9131263699017319,306,0.0,306,0.005370998350116637,306,0.0,306,0.03358449499591503,306,1.6755198524668327,306,,0,0.0,306,0.0010052849264705881,306,0.015331392973856208,306
