condition,theta,seed,mean_unit_temporal_density,median_active_unit_temporal_density,std_unit_temporal_density,mean_population_density,std_population_density,unit_coverage,zero_activity_time_fraction,mean_field_width,mean_total_activation,best_corr_to_latent_probs,best_corr_to_latent_samples
no_learning,0.0,0,0.50152587890625,0.5068359375,0.04650666640035922,16.048828125,2.4936557379095023,1.0,0.0,2.3003919372900334,12.97175953962461,0.2706304066725608,0.5178311014772397
encourage,0.0,0,0.504150390625,0.5078125,0.012165456546192376,16.1328125,15.770879559804005,1.0,0.453125,2.314373774166433,14.24746961143584,0.21834156344121247,0.843803962650965
punish,0.0,0,0.4168701171875,0.416015625,0.003552644582728332,13.33984375,15.476978063420066,1.0,0.544921875,1.8281584582441113,11.875674033759992,0.12058307797981485,0.5638835800568505
no_learning,0.0,1,0.48541259765625,0.4853515625,0.04793863743025726,15.533203125,2.9126058010809213,1.0,0.0,2.212239221140473,12.912243971953362,0.2736445341683543,0.464576398207078
encourage,0.0,1,0.50927734375,0.51171875,0.01109161786289116,16.296875,15.864100281275803,1.0,0.47265625,2.326177864510733,14.264769345645224,0.2111787649600439,0.8353971560129981
punish,0.0,1,0.419189453125,0.419921875,0.0036457970027021676,13.4140625,15.569791135275185,1.0,0.560546875,1.8442534908700323,11.883601989696716,0.11912402310963292,0.5737073384703613
no_learning,0.0,2,0.4913330078125,0.49609375,0.042125225021259365,15.72265625,2.7409713961177955,1.0,0.0,2.298686464877213,12.920687888362789,0.28799948364869066,0.4869251466670031
encourage,0.0,2,0.508056640625,0.51171875,0.010627831474452596,16.2578125,15.837675656953067,1.0,0.466796875,2.321249302844395,14.262999128878388,0.21299172282761805,0.8374189506475336
punish,0.0,2,0.4200439453125,0.419921875,0.003415788227449517,13.44140625,15.533119994787297,1.0,0.548828125,1.8480128893662728,11.876193460791551,0.12209615308150121,0.571009115713556
no_learning,0.0,3,0.496826171875,0.4814453125,0.046180023661954755,15.8984375,2.4160590449311767,1.0,0.0,2.355324074074074,12.893609623005323,0.28259075531663097,0.48169393136739214
encourage,0.0,3,0.50750732421875,0.51171875,0.014469194500153113,16.240234375,15.814442270281566,1.0,0.4765625,2.312934631432545,14.269705200071508,0.2125764663435039,0.838510896679528
punish,0.0,3,0.4202880859375,0.4208984375,0.004098000569236943,13.44921875,15.53478202340311,1.0,0.546875,1.8485906040268456,11.870973038774135,0.11915307477340512,0.5738888784979663
no_learning,0.0,4,0.4947509765625,0.5009765625,0.03561923030510024,15.83203125,2.656637724459893,1.0,0.0,2.264245810055866,13.08372054675966,0.2613097993455813,0.4798405524245694
encourage,0.0,4,0.50787353515625,0.509765625,0.008478176473087986,16.251953125,15.877245045907767,1.0,0.484375,2.3275524475524474,14.270459993965389,0.21351395566564257,0.8376536815335005
punish,0.0,4,0.41900634765625,0.4189453125,0.0034174237497972214,13.408203125,15.561476218011588,1.0,0.55078125,1.8248272195640616,11.861564269562212,0.11820082549384303,0.5656531326336511
no_learning,0.0,5,0.49810791015625,0.4990234375,0.03919802045677461,15.939453125,2.0363508295300528,1.0,0.0,2.311243273860096,12.89338693913697,0.26580270722079247,0.499877123900606
encourage,0.0,5,0.50830078125,0.51171875,0.014185389693685498,16.265625,15.821629960575333,1.0,0.47265625,2.317195325542571,14.268340741705538,0.2125236120598696,0.8371698144745123
punish,0.0,5,0.41748046875,0.41796875,0.003049315428905468,13.359375,15.529450034028088,1.0,0.548828125,1.817698644698379,11.861533961357537,0.12010934900067582,0.5668195338137116
no_learning,0.0,6,0.49798583984375,0.4912109375,0.044332830177346357,15.935546875,5.000561110483276,1.0,0.0,2.2803242034656233,12.966193846345353,0.2612958413894524,0.4713850040092846
encourage,0.0,6,0.50335693359375,0.51171875,0.016232942101224397,16.107421875,15.61043645020124,1.0,0.390625,2.297854555586514,14.230815158480144,0.21982018999975958,0.8448440908155637
punish,0.0,6,0.4195556640625,0.419921875,0.0033273957935642117,13.42578125,15.507255086802063,1.0,0.537109375,1.8340448239060831,11.846540479567203,0.12117181709297747,0.5632425777013308
no_learning,0.0,7,0.50482177734375,0.513671875,0.046304368655344534,16.154296875,3.1302488877667916,1.0,0.0,2.355739105667901,12.842580918685037,0.28780378607095614,0.4624242426077829
encourage,0.0,7,0.50714111328125,0.51171875,0.013386472247269385,16.228515625,15.832760221582681,1.0,0.484375,2.313840155945419,14.270770689325484,0.21362986676103085,0.8390731203644777
punish,0.0,7,0.41925048828125,0.419921875,0.0035751183216815112,13.416015625,15.510227766694976,1.0,0.54296875,1.816234796404019,11.843831092770706,0.1198531181574566,0.5534934313569864
no_learning,0.0,8,0.50439453125,0.5107421875,0.0361987363141614,16.140625,2.8524506322415117,1.0,0.0,2.3357829282080274,13.019788752486313,0.2786366007838741,0.4790749752852219
encourage,0.0,8,0.50848388671875,0.51171875,0.010226075687580471,16.271484375,15.88823658746089,1.0,0.482421875,2.323849372384937,14.268063962341584,0.21254455282495852,0.8366945258643379
punish,0.0,8,0.4205322265625,0.421875,0.0034331936304749103,13.45703125,15.530907609876618,1.0,0.544921875,1.8348868175765647,11.842717600048667,0.11830889997005323,0.5657473538158605
no_learning,0.0,9,0.506591796875,0.5048828125,0.04136508839066029,16.2109375,2.805275008104152,1.0,0.0,2.365346252493588,12.8847119012311,0.27592299086449007,0.4824436253085388
encourage,0.0,9,0.50927734375,0.51171875,0.009518353852352503,16.296875,15.879359330098145,1.0,0.4765625,2.322293348177011,14.271537803575777,0.2124463217874785,0.8353369769070538
punish,0.0,9,0.419677734375,0.419921875,0.0035463474234213744,13.4296875,15.51168087772385,1.0,0.5390625,1.8459060402684564,11.882480041956942,0.1186446767454454,0.5759580181644066
no_learning,0.0,10,0.4957275390625,0.486328125,0.043227198758967744,15.86328125,2.6459099065157976,1.0,0.0,2.2331591971405005,12.760527585010266,0.24507740146753065,0.4859041426129168
encourage,0.0,10,0.50946044921875,0.51171875,0.006941659024369092,16.302734375,15.915185123748746,1.0,0.484375,2.3289620535714284,14.27278055835373,0.21240906239649862,0.8349578655102117
punish,0.0,10,0.418701171875,0.4189453125,0.003710616248430338,13.3984375,15.566309696218745,1.0,0.552734375,1.8376640771497454,11.892887023562638,0.11672317330749656,0.5737104877361618
no_learning,0.0,11,0.50604248046875,0.4951171875,0.05084543573296532,16.193359375,1.978328594318853,1.0,0.0,2.2928650442477876,12.891988396708937,0.25154237497281284,0.48637858297047865
encourage,0.0,11,0.5086669921875,0.51171875,0.010029842432444565,16.27734375,15.781628534290622,1.0,0.435546875,2.3208020050125313,14.249825289423207,0.21371379326924667,0.836126456575506
punish,0.0,11,0.4185791015625,0.41796875,0.0028234945083545843,13.39453125,15.511607592147676,1.0,0.552734375,1.8420628525382756,11.87989506362224,0.12096626577335896,0.5722644858413166
no_learning,0.0,12,0.50811767578125,0.5068359375,0.04043048176008297,16.259765625,2.5235032583827506,1.0,0.0,2.3470538483225263,12.876198353870262,0.26099116793436067,0.49058194081275325
encourage,0.0,12,0.510009765625,0.51171875,0.009183712340724622,16.3203125,15.879026848404273,1.0,0.478515625,2.3282251323488437,14.275108728395852,0.21148469362092506,0.8341027736322211
punish,0.0,12,0.4185791015625,0.41796875,0.003602625625823659,13.39453125,15.513622081666597,1.0,0.55078125,1.8371283150281275,11.872161696275668,0.12059674652585024,0.5675065037700328
no_learning,0.0,13,0.51849365234375,0.5146484375,0.04233143412686423,16.591796875,2.7127036022647655,1.0,0.0,2.4024321266968327,12.845569548616428,0.2581239575473234,0.48655831475747957
encourage,0.0,13,0.50775146484375,0.51171875,0.013242097252282236,16.248046875,15.826543791137809,1.0,0.482421875,2.3146911519198663,14.269544642272592,0.21351657778148458,0.8380414029650913
punish,0.0,13,0.41961669921875,0.419921875,0.003848120182165067,13.427734375,15.54349530927466,1.0,0.544921875,1.8313798614810868,11.855298663211189,0.11790562138585292,0.5655926329379316
no_learning,0.0,14,0.5042724609375,0.5068359375,0.034638513221087006,16.13671875,2.474254025640544,1.0,0.0,2.3734559034760125,13.051870055762924,0.28036852351454467,0.4788178787557597
encourage,0.0,14,0.505126953125,0.513671875,0.018649211840300498,16.1640625,15.67605525941057,1.0,0.453125,2.292520775623269,14.253083935736496,0.21608961314245898,0.842507287813695
punish,0.0,14,0.41943359375,0.419921875,0.002804962229754897,13.421875,15.548492378181718,1.0,0.55078125,1.827659574468085,11.858152365362795,0.12102141868983574,0.5650510901585247
no_learning,0.0,15,0.50177001953125,0.5029296875,0.04372873981801209,16.056640625,2.6060916550650344,1.0,0.0,2.3170800450958287,12.916757658239,0.2680529102498023,0.4739228667812885
encourage,0.0,15,0.50445556640625,0.51171875,0.01661042369643185,16.142578125,15.777913743688405,1.0,0.484375,2.3035117056856187,14.262951945248435,0.21547394537156137,0.8437672782093614
punish,0.0,15,0.41925048828125,0.419921875,0.00398508626535777,13.416015625,15.521934371229504,1.0,0.546875,1.837613697164259,11.856716792810012,0.11817326138000711,0.565783826111875
no_learning,0.0,16,0.50030517578125,0.5048828125,0.03794831082941014,16.009765625,2.8793958146750787,1.0,0.0,2.3534309503301754,13.03331933776802,0.29238310391306527,0.4734700802607814
encourage,0.0,16,0.50726318359375,0.51171875,0.012170202010506942,16.232421875,15.824189219262436,1.0,0.484375,2.3131088227108267,14.27374870313999,0.21435682297164693,0.8388074719002832
punish,0.0,16,0.4205322265625,0.419921875,0.003027245304598937,13.45703125,15.55515983320401,1.0,0.55078125,1.8412613575628007,11.881773206238275,0.11951154567013841,0.57225534389555
no_learning,0.0,17,0.5025634765625,0.50390625,0.044241184703543865,16.08203125,3.698224523203457,1.0,0.0,2.3566113337149397,12.89968969195046,0.29048129629694563,0.48063168017111324
encourage,0.0,17,0.50946044921875,0.51171875,0.010984802140115218,16.302734375,15.85814041819511,1.0,0.48046875,2.32054489852655,14.276100155484226,0.21186229893256192,0.8350821863678342
punish,0.0,17,0.42034912109375,0.419921875,0.003154401747905896,13.451171875,15.489208648740226,1.0,0.53515625,1.8414438502673798,11.854991228558564,0.12201799063028783,0.5674697573797175
no_learning,0.0,18,0.49530029296875,0.4990234375,0.03791924211991634,15.849609375,2.14212763039743,1.0,0.0,2.2263374485596708,12.936681350290206,0.25293566262896844,0.4918621549219928
encourage,0.0,18,0.51007080078125,0.51171875,0.008884966331658575,16.322265625,15.884582871197575,1.0,0.478515625,2.3265590200445434,14.27958636615734,0.21134115859622693,0.8339915013218335
punish,0.0,18,0.41961669921875,0.419921875,0.0035247472456008083,13.427734375,15.542238703914032,1.0,0.544921875,1.8352909770421784,11.890975473467204,0.11599965913132523,0.5690982147893427
no_learning,0.0,19,0.5042724609375,0.4990234375,0.03813110021346991,16.13671875,2.375998839098714,1.0,0.0,2.311695579182988,12.963357796725928,0.2821651923404712,0.4854256835919146
encourage,0.0,19,0.50689697265625,0.509765625,0.010786312683733215,16.220703125,15.857893129467586,1.0,0.484375,2.325679081489779,14.267964686410497,0.21418572238535832,0.8393733775036509
punish,0.0,19,0.4195556640625,0.419921875,0.003027245304598937,13.42578125,15.509899792621113,1.0,0.55078125,1.8424015009380863,11.870665214250629,0.11978405955909066,0.5692538067438647
no_learning,0.5,0,0.323486328125,0.330078125,0.042243383623123985,10.3515625,2.5158554824539805,1.0,0.0,1.682005712472231,6.385458404095879,0.26598650918483846,0.4960820245704405
encourage,0.5,0,0.33734130859375,0.37890625,0.06436101516185884,10.794921875,10.149994881163561,1.0,0.197265625,1.8684922244759974,7.146506998304856,0.3472380348793095,0.8749345115695308
punish,0.5,0,0.24810791015625,0.24609375,0.01457897245963324,7.939453125,12.208405391406682,1.0,0.591796875,1.3733108108108107,6.8669703637564234,0.11274537890331274,0.4809282790754898
no_learning,0.5,1,0.31304931640625,0.3154296875,0.035695444612348325,10.017578125,3.2079131276456794,1.0,0.0,1.6772400261608895,6.535971733104516,0.26172438703320444,0.4654243732236121
encourage,0.5,1,0.3155517578125,0.3212890625,0.06483105914467426,10.09765625,7.939605673888089,1.0,0.189453125,1.8677745664739884,7.013972879226956,0.38892172368946354,0.836366168672898
punish,0.5,1,0.250732421875,0.2509765625,0.01033208201635685,8.0234375,12.628226594957573,1.0,0.619140625,1.387369132049983,6.857501916681835,0.10737608902144766,0.4881411493727478
no_learning,0.5,2,0.30950927734375,0.30859375,0.04025577420523697,9.904296875,2.5172492997049845,1.0,0.0,1.7149137639499492,6.511583846045651,0.29492768331099234,0.49845722434837003
encourage,0.5,2,0.3260498046875,0.3359375,0.06591966414920425,10.43359375,8.605247103364373,1.0,0.1796875,1.8770203794799718,7.181079846995945,0.3808479550875377,0.8589358256093185
punish,0.5,2,0.24835205078125,0.2470703125,0.010643068265558171,7.947265625,12.335762935898751,1.0,0.603515625,1.3854273067756213,6.873603578331979,0.11490429394212681,0.4841996625051219
no_learning,0.5,3,0.3155517578125,0.3251953125,0.029924660097389158,10.09765625,2.564449406175902,1.0,0.0,1.6650563607085347,6.377299764435968,0.26363653447687485,0.46980691582244477
encourage,0.5,3,0.32012939453125,0.328125,0.06683990587128279,10.244140625,8.157684550791641,1.0,0.193359375,1.8645574120156416,6.980418018099551,0.38759472823352104,0.8341376540733021
punish,0.5,3,0.25,0.2509765625,0.011048543456039806,8.0,12.296944488367831,1.0,0.587890625,1.3800539083557952,6.817117589694124,0.11704257188257397,0.484562826658978
no_learning,0.5,4,0.3211669921875,0.31640625,0.02716414182627793,10.27734375,2.6215070464021144,1.0,0.0,1.6935951078210492,6.54606813703472,0.24983713544398123,0.4695013365130335
encourage,0.5,4,0.32598876953125,0.3779296875,0.06822734070778202,10.431640625,9.189158802406759,1.0,0.2265625,1.886612504415401,7.244489031902342,0.37600551162407003,0.8813331417565267
punish,0.5,4,0.247802734375,0.248046875,0.011937952322653956,7.9296875,12.385843477629763,1.0,0.61328125,1.3814222524668254,6.858589264588701,0.11386190911488658,0.4831801365620292
no_learning,0.5,5,0.31573486328125,0.3232421875,0.030705900867572966,10.103515625,2.386286370153603,1.0,0.0,1.6432655654383737,6.398554737792191,0.2558591709713677,0.47662998223520725
encourage,0.5,5,0.332275390625,0.37890625,0.06427485926882376,10.6328125,9.351738720144171,1.0,0.154296875,1.846675712347354,7.054455967709944,0.3586739476084233,0.8695844596557658
punish,0.5,5,0.24462890625,0.244140625,0.011283417976847015,7.828125,12.365279878934201,1.0,0.6171875,1.362338545207342,6.861088470993919,0.10470783831491123,0.47606130348521114
no_learning,0.5,6,0.3157958984375,0.3173828125,0.02701231497260348,10.10546875,4.676300096526466,1.0,0.0,1.6488209050350542,6.480583008183757,0.26464919760233213,0.47811752088300274
encourage,0.5,6,0.27459716796875,0.2275390625,0.068660156109366,8.787109375,6.9619213911668885,1.0,0.189453125,1.933390631714654,7.296899148347919,0.47819770662305694,0.8920021733157015
punish,0.5,6,0.2479248046875,0.2470703125,0.01065233976603966,7.93359375,12.160526415824314,1.0,0.5859375,1.3746192893401015,6.846378424682831,0.11433240403321007,0.4798511808986152
no_learning,0.5,7,0.3165283203125,0.314453125,0.03492128478368599,10.12890625,2.52854492321393,1.0,0.0,1.699213630406291,6.31696181403626,0.2722643003340782,0.4703330867085739
encourage,0.5,7,0.32513427734375,0.349609375,0.06813751731281693,10.404296875,9.073625772637156,1.0,0.255859375,1.8964044143823424,7.231030924650277,0.39350896365698157,0.8792411037660262
punish,0.5,7,0.2431640625,0.244140625,0.009518353852352503,7.78125,12.228576611261836,1.0,0.6015625,1.3737931034482758,6.851489157984469,0.11882145832972406,0.4772986145015336
no_learning,0.5,8,0.3189697265625,0.322265625,0.030724639343553618,10.20703125,2.3285149369337184,1.0,0.0,1.6852628184456626,6.43234382297839,0.27515061780990735,0.47541863928797423
encourage,0.5,8,0.3338623046875,0.37890625,0.06647969840217742,10.68359375,9.469187509230185,1.0,0.23046875,1.905259491466388,7.182980948615105,0.370180876792364,0.8706422551374762
punish,0.5,8,0.24725341796875,0.24609375,0.010762801764906441,7.912109375,12.189506639443497,1.0,0.6015625,1.3690435958093952,6.832149464377685,0.10986818488692629,0.4807002705205319
no_learning,0.5,9,0.31964111328125,0.32421875,0.030635939901778597,10.228515625,2.82368044122044,1.0,0.0,1.6942736978324167,6.283364906586719,0.2730001104990408,0.47458685732509964
encourage,0.5,9,0.32275390625,0.3466796875,0.06856484188506971,10.328125,8.559405804982902,1.0,0.19140625,1.8811810743507649,7.169977107905297,0.3834160912890857,0.8624265851697965
punish,0.5,9,0.24786376953125,0.2470703125,0.011589449586198834,7.931640625,12.098441226903969,1.0,0.578125,1.3798844716275909,6.830934284736347,0.11493984596182777,0.48235217821545334
no_learning,0.5,10,0.30865478515625,0.3154296875,0.03294897987265564,9.876953125,3.2832577330378334,1.0,0.0,1.6156549520766774,6.3484492243053054,0.22258440718463035,0.44540435482144014
encourage,0.5,10,0.3232421875,0.333984375,0.06789216736686574,10.34375,8.679346443569354,1.0,0.193359375,1.872039589961117,7.03692973437397,0.3849769949249422,0.8595436914759486
punish,0.5,10,0.25177001953125,0.251953125,0.01132938114962619,8.056640625,12.488851076644305,1.0,0.599609375,1.3917004048582995,6.862632755002588,0.11328899366327193,0.4868935678731202
no_learning,0.5,11,0.323486328125,0.326171875,0.031099912713225798,10.3515625,2.0013270743668437,1.0,0.0,1.6836086404066073,6.2847205122348395,0.26008236503664367,0.49488028374719445
encourage,0.5,11,0.31805419921875,0.3369140625,0.06863975246646847,10.177734375,8.255304423032706,1.0,0.193359375,1.8997448049580752,7.155053162699155,0.39927373592459386,0.858587317230785
punish,0.5,11,0.25140380859375,0.251953125,0.011254161224072037,8.044921875,12.36473428344283,1.0,0.59375,1.385935397039031,6.874676997735539,0.11333078793497056,0.48907871686678167
no_learning,0.5,12,0.32550048828125,0.3251953125,0.02790308131888379,10.416015625,2.3185683351490547,1.0,0.0,1.6957074721780605,6.213010199308153,0.27022014303361186,0.49348687956244547
encourage,0.5,12,0.31640625,0.34765625,0.07396453688129503,10.125,8.5625,1.0,0.1953125,1.8844056706652126,7.158956123935212,0.3879931716603167,0.8741190316501488
punish,0.5,12,0.24774169921875,0.25,0.009668824129122514,7.927734375,12.401040008984866,1.0,0.595703125,1.3848515864892528,6.889120362563652,0.1126034702895114,0.4836501147798469
no_learning,0.5,13,0.32177734375,0.3212890625,0.03574805706586548,10.296875,2.812803803036216,1.0,0.0,1.7039431157078215,6.1534112622917805,0.25839434720594545,0.4686741698412519
encourage,0.5,13,0.3076171875,0.3212890625,0.06979177294670856,9.84375,8.043036098855953,1.0,0.23828125,1.895449417074088,7.26487871144854,0.42148978413770766,0.8893994863268138
punish,0.5,13,0.24993896484375,0.25,0.009102017960183032,7.998046875,12.462208344041706,1.0,0.61328125,1.3792522734927586,6.875873350908798,0.10918730869392032,0.48512248184000734
no_learning,0.5,14,0.3248291015625,0.3251953125,0.030184461215589507,10.39453125,2.1759986426405318,1.0,0.0,1.7189922480620154,6.441347395814828,0.27805688650955573,0.4743382297673131
encourage,0.5,14,0.31951904296875,0.3779296875,0.07349218300849493,10.224609375,9.01942022824428,1.0,0.1953125,1.891257225433526,7.19616921381503,0.38256547845637967,0.882496596301801
punish,0.5,14,0.24456787109375,0.24609375,0.011603584241832735,7.826171875,12.31515907968545,1.0,0.619140625,1.3798209366391185,6.87720109907746,0.11052983878955758,0.47770816149421036
no_learning,0.5,15,0.31829833984375,0.3232421875,0.031630994956046016,10.185546875,2.6697718502107506,1.0,0.0,1.6752328943141663,6.38275543995055,0.2644100724985341,0.4601200520740054
encourage,0.5,15,0.31292724609375,0.318359375,0.07511240860153734,10.013671875,8.361802135594575,1.0,0.220703125,1.8787101502381824,7.246351087232879,0.39590458051540356,0.8909750470778912
punish,0.5,15,0.25054931640625,0.25,0.01111560629606349,8.017578125,12.326835071684926,1.0,0.59765625,1.3756702412868633,6.829110756224361,0.10978931335100252,0.4853516817609128
no_learning,0.5,16,0.31756591796875,0.3095703125,0.03449512430305495,10.162109375,2.8509678050685014,1.0,0.0,1.704225352112676,6.51100413526207,0.2850554544061883,0.46115490414633575
encourage,0.5,16,0.3089599609375,0.3203125,0.06994948454742624,9.88671875,7.892518917202444,1.0,0.232421875,1.8973013493253372,7.207985040745103,0.4197360769798817,0.8695148605135478
punish,0.5,16,0.2515869140625,0.251953125,0.012867276402752889,8.05078125,12.552754280023505,1.0,0.59765625,1.396341463414634,6.852481513557894,0.11318203503806565,0.4889608164973831
no_learning,0.5,17,0.32049560546875,0.3203125,0.031323763098960414,10.255859375,3.363255729977221,1.0,0.0,1.7171353826030085,6.339907977256282,0.2904255051451822,0.4808065698070706
encourage,0.5,17,0.32574462890625,0.35546875,0.06479389963155745,10.423828125,8.714776121361867,1.0,0.19140625,1.8654316672492135,6.980189103149662,0.3724059464370024,0.8375705348961948
punish,0.5,17,0.24609375,0.24609375,0.012333330996401454,7.875,12.15058511965576,1.0,0.58203125,1.3737649063032369,6.837951497389726,0.11143615182702829,0.4764716050623975
no_learning,0.5,18,0.31707763671875,0.318359375,0.030678712783223275,10.146484375,2.3477106833851695,1.0,0.0,1.6492063492063491,6.444447863343765,0.24790483208407657,0.48163673816224806
encourage,0.5,18,0.31463623046875,0.3271484375,0.06994082977134045,10.068359375,8.222326624554002,1.0,0.23046875,1.8827611395178963,7.1761748736750235,0.40388139349888336,0.8688481829018097
punish,0.5,18,0.24609375,0.2470703125,0.010863572002581538,7.875,12.343710442974592,1.0,0.599609375,1.3747016706443913,6.8928417047519,0.110944037707456,0.48120029900243877
no_learning,0.5,19,0.3162841796875,0.32421875,0.03476733085647686,10.12109375,2.1417046490379894,1.0,0.0,1.6673101673101673,6.437995071260024,0.27055196331800824,0.48034800591334914
encourage,0.5,19,0.323974609375,0.3369140625,0.06601510132350541,10.3671875,8.570590241625354,1.0,0.193359375,1.8716502115655853,7.007887784421255,0.3790116360105675,0.8399601679109514
punish,0.5,19,0.250244140625,0.2509765625,0.014073600626301112,8.0078125,12.233723941010103,1.0,0.59375,1.3945578231292517,6.865101890561496,0.11334413919170114,0.4872479395808005
no_learning,1.0,0,0.1644287109375,0.173828125,0.030987351067336317,5.26171875,1.8723573499464352,1.0,0.0,1.3316856154226397,2.5463661751710225,0.23991938692282097,0.4331599406658256
encourage,1.0,0,0.1961669921875,0.203125,0.03269274520365506,6.27734375,4.692209548212435,1.0,0.166015625,1.5304761904761905,3.2993954906425325,0.37720405305406357,0.8076820816408539
punish,1.0,0,0.130859375,0.1298828125,0.01628255078177057,4.1875,6.977642868476432,1.0,0.51953125,1.186496956281129,3.151284763371617,0.11923461483742423,0.31287199764509954
no_learning,1.0,1,0.16680908203125,0.171875,0.023406246327907953,5.337890625,2.919674947753107,1.0,0.013671875,1.3171084337349397,2.7666880456578484,0.2215165247508162,0.41718123827634596
encourage,1.0,1,0.1873779296875,0.1953125,0.026235463340772487,5.99609375,4.30796686282647,1.0,0.166015625,1.5296462381664175,3.5115215197456724,0.3925512143334418,0.8355518571012261
punish,1.0,1,0.1400146484375,0.142578125,0.015681640959480863,4.48046875,7.71967412073032,1.0,0.546875,1.18308406395049,3.3416782594651506,0.11752413303444084,0.3344403273432789
no_learning,1.0,2,0.16827392578125,0.1689453125,0.021222600522908138,5.384765625,2.3356949798332742,1.0,0.00390625,1.3601381351751356,2.740142136076953,0.27213122426172176,0.4722139016381775
encourage,1.0,2,0.18896484375,0.197265625,0.026921970218926214,6.046875,4.501057818377253,1.0,0.1640625,1.5472263868065967,3.5286050798423796,0.3873607852725981,0.8457437793703766
punish,1.0,2,0.1378173828125,0.1357421875,0.014874055944666073,4.41015625,7.280092073633818,1.0,0.541015625,1.1909282700421941,3.1265829441414144,0.11004417875438163,0.33274147452947606
no_learning,1.0,3,0.16058349609375,0.162109375,0.026307143615314114,5.138671875,2.5422808629425635,1.0,0.01171875,1.2884427032321253,2.638273675484509,0.2186235718667113,0.39413166246416426
encourage,1.0,3,0.18695068359375,0.1953125,0.025027614481893428,5.982421875,4.338878067487203,1.0,0.21875,1.587869362363919,3.6144922317350687,0.4427857477407491,0.8777766142507928
punish,1.0,3,0.13226318359375,0.1337890625,0.01935488225546804,4.232421875,7.233189265256474,1.0,0.53125,1.1745257452574527,3.2082146522381465,0.118201739783196,0.3226428583837646
no_learning,1.0,4,0.16864013671875,0.171875,0.02197053687152871,5.396484375,2.2046265591661687,1.0,0.00390625,1.3239099185433636,2.652925579921056,0.2283356288903601,0.4217798546405116
encourage,1.0,4,0.19256591796875,0.1962890625,0.02294848826442965,6.162109375,4.984261347033993,1.0,0.20703125,1.5397755002440214,3.441479063766755,0.39592297974588064,0.829577871663314
punish,1.0,4,0.1378173828125,0.138671875,0.016615469100763166,4.41015625,7.465005231115779,1.0,0.52734375,1.1896733403582718,3.1994973060253407,0.11916697379019808,0.33241510064256746
no_learning,1.0,5,0.1651611328125,0.1640625,0.022241934503872372,5.28515625,2.251894682947215,1.0,0.0,1.3078782020299662,2.617875501367144,0.2238471589550705,0.42159182327862404
encourage,1.0,5,0.1900634765625,0.2021484375,0.030251525824661372,6.08203125,4.488821769019509,1.0,0.169921875,1.5190243902439025,3.4754151962991386,0.38262363619069456,0.8431029534413581
punish,1.0,5,0.13311767578125,0.1396484375,0.01737423374352571,4.259765625,7.453298762633118,1.0,0.560546875,1.1795565170362359,3.293470430230861,0.10759138525292794,0.3279217460267931
no_learning,1.0,6,0.1656494140625,0.1728515625,0.024736337281476544,5.30078125,3.6415783857619264,1.0,0.017578125,1.313649564375605,2.7081973992821657,0.24464388679479335,0.4433036479873863
encourage,1.0,6,0.18505859375,0.1962890625,0.02830768171999169,5.921875,4.481488618124004,1.0,0.16796875,1.6668499175371083,4.006069665794329,0.46685097577751977,0.9080669733999007
punish,1.0,6,0.13262939453125,0.13671875,0.020591112532338866,4.244140625,7.103377610702152,1.0,0.53125,1.1676518001074692,3.1234446239079157,0.11063834903101893,0.32104215458818747
no_learning,1.0,7,0.16534423828125,0.1650390625,0.021169170896694938,5.291015625,2.1165450694482884,1.0,0.001953125,1.3182481751824817,2.516583811456224,0.2267538554201279,0.4195687516845211
encourage,1.0,7,0.18743896484375,0.197265625,0.03082166613179562,5.998046875,4.310914121193176,1.0,0.20703125,1.5165432098765432,3.534795047261235,0.3684379189827629,0.8420342059792687
punish,1.0,7,0.132568359375,0.134765625,0.016678575393802315,4.2421875,7.121431226575438,1.0,0.513671875,1.1920965971459934,3.156988318691549,0.11989648360734592,0.32265952826581296
no_learning,1.0,8,0.16815185546875,0.171875,0.018134632675020447,5.380859375,2.0178560432980865,1.0,0.0,1.3571428571428572,2.5808827035902584,0.25918603666045603,0.4528549953967375
encourage,1.0,8,0.189697265625,0.197265625,0.029828150002342683,6.0703125,4.69737891300497,1.0,0.158203125,1.5409023301933564,3.3535226931408504,0.3860574161319519,0.8183104016945485
punish,1.0,8,0.13543701171875,0.134765625,0.014620818485865968,4.333984375,7.198346255373928,1.0,0.513671875,1.1759406465288818,3.4118458870015402,0.11614243495809995,0.32656347438195255
no_learning,1.0,9,0.1588134765625,0.162109375,0.025128404358201784,5.08203125,2.2554425007132055,1.0,0.0,1.3282286881061767,2.483523450080873,0.257758531389251,0.4424600901280872
encourage,1.0,9,0.19085693359375,0.197265625,0.02700259050993173,6.107421875,4.350173262730059,1.0,0.1640625,1.554947787170562,3.5626953487567974,0.4070001366323305,0.8462903271311657
punish,1.0,9,0.1328125,0.1376953125,0.02027396434768232,4.25,6.967558754685891,1.0,0.50390625,1.1736785329018338,3.0498052256001307,0.11499555060365352,0.3204125422779731
no_learning,1.0,10,0.156982421875,0.15625,0.027676330862463416,5.0234375,3.0096585244166407,1.0,0.0078125,1.2770605759682225,2.7108630098973876,0.1862507933464328,0.37989010589611494
encourage,1.0,10,0.18145751953125,0.181640625,0.02976657725735814,5.806640625,3.829842069472266,1.0,0.1640625,1.5316846986089645,3.568594049755294,0.3895624130185884,0.8534151542671033
punish,1.0,10,0.13739013671875,0.1396484375,0.020598347956652243,4.396484375,7.488860695418286,1.0,0.5390625,1.205032119914347,3.1511315333146355,0.11517342931422614,0.32821367044964544
no_learning,1.0,11,0.16162109375,0.162109375,0.024301498316658798,5.171875,1.9176783448678247,1.0,0.001953125,1.3233383308345827,2.449471421158469,0.2330946197119651,0.4354142409785847
encourage,1.0,11,0.18865966796875,0.19921875,0.029149447478559222,6.037109375,4.349994370029358,1.0,0.166015625,1.5137120470127325,3.462422906254581,0.3641970305772415,0.8322555017150235
punish,1.0,11,0.13702392578125,0.1416015625,0.019143548080520257,4.384765625,7.1890217372615,1.0,0.509765625,1.1859482303222397,3.182730937168534,0.11765075106456307,0.3289600764888877
no_learning,1.0,12,0.1630859375,0.166015625,0.02588811746447571,5.21875,2.0613159480050602,1.0,0.0,1.3313403089187843,2.3793191438343104,0.2471540085981246,0.44710279339992454
encourage,1.0,12,0.18505859375,0.1953125,0.02623120316125643,5.921875,4.159626213300301,1.0,0.212890625,1.589931830099633,3.5594182861196995,0.43557987390357267,0.8445080993661755
punish,1.0,12,0.13641357421875,0.140625,0.021267489781066153,4.365234375,7.426291603237672,1.0,0.55078125,1.1812896405919662,3.257724766955592,0.10942367444070088,0.3309090084359052
no_learning,1.0,13,0.15814208984375,0.1650390625,0.027657951582810047,5.060546875,2.4307289957804294,1.0,0.009765625,1.3335048893463717,2.3631674820651063,0.24781618114145154,0.4186081683861311
encourage,1.0,13,0.1915283203125,0.19921875,0.02453066636867311,6.12890625,4.402922544028107,1.0,0.162109375,1.622543950361944,3.7186961401048038,0.4297109736953887,0.8651359759708482
punish,1.0,13,0.1337890625,0.1396484375,0.022839874147512696,4.28125,7.139718897652764,1.0,0.533203125,1.1887201735357917,3.0884588921010083,0.11312097585049702,0.3243337077623805
no_learning,1.0,14,0.166015625,0.169921875,0.018682740693075187,5.3125,1.9833289565778038,1.0,0.001953125,1.3405618531296204,2.5431539464093285,0.24339036098883104,0.4517961296313465
encourage,1.0,14,0.19183349609375,0.1982421875,0.02552050603280419,6.138671875,4.384622074487605,1.0,0.169921875,1.5786037167252638,3.652321477042507,0.40303535978067784,0.8405520420593979
punish,1.0,14,0.13348388671875,0.1376953125,0.01933254250671102,4.271484375,7.387074817485664,1.0,0.53515625,1.188586956521739,3.232623305698933,0.11164639152674073,0.32097515065373367
no_learning,1.0,15,0.16070556640625,0.169921875,0.028232768006183885,5.142578125,2.58624357964819,1.0,0.005859375,1.3297979797979798,2.6293744969768316,0.24093342386164623,0.41036825607459415
encourage,1.0,15,0.1851806640625,0.1884765625,0.02935962315120045,5.92578125,4.071427615363982,1.0,0.162109375,1.5687693898655637,3.4064134587202592,0.4106709258907322,0.8069340147244641
punish,1.0,15,0.135986328125,0.1357421875,0.013343128341737997,4.3515625,7.081931061412117,1.0,0.5,1.1946380697050938,3.2326206432713835,0.1195080616501331,0.3284428145792778
no_learning,1.0,16,0.16839599609375,0.169921875,0.02137163231069447,5.388671875,2.595689898386166,1.0,0.0078125,1.327080327080327,2.662317015189624,0.2403383241173612,0.4511400346590064
encourage,1.0,16,0.19549560546875,0.19921875,0.026350722647028386,6.255859375,4.756878740857771,1.0,0.16796875,1.5586374695863747,3.592608556635866,0.3983451446091981,0.8513818328033558
punish,1.0,16,0.1356201171875,0.138671875,0.018866479200885335,4.33984375,7.509221828897182,1.0,0.57421875,1.1769067796610169,3.1637482242687716,0.11483263011140862,0.33048326077362933
no_learning,1.0,17,0.16363525390625,0.1640625,0.022041636379223538,5.236328125,2.659154403627962,1.0,0.0078125,1.354040404040404,2.5180823626072346,0.2602555842889907,0.43564113553200656
encourage,1.0,17,0.19390869140625,0.1982421875,0.025611430855437878,6.205078125,5.013549375207797,1.0,0.162109375,1.5505124450951684,3.4219807509282196,0.39763210185436193,0.8335845977578009
punish,1.0,17,0.13037109375,0.13671875,0.020681463461472042,4.171875,7.0844342741234465,1.0,0.509765625,1.1794588625069022,3.121442275568527,0.10938377363768667,0.3164419113903978
no_learning,1.0,18,0.164794921875,0.1650390625,0.01929019951511035,5.2734375,2.1312952478701184,1.0,0.001953125,1.330704780680138,2.641733498185417,0.23631694218814717,0.4344495253109902
encourage,1.0,18,0.1802978515625,0.1845703125,0.03191595961349481,5.76953125,3.941170087077369,1.0,0.1640625,1.485168426344897,3.4765047771600397,0.3551104427606302,0.8453349038370435
punish,1.0,18,0.13336181640625,0.1328125,0.015823886608893452,4.267578125,7.360199900275908,1.0,0.560546875,1.1836403033586131,3.237537153049723,0.11634833238703604,0.3245032318132193
no_learning,1.0,19,0.16729736328125,0.173828125,0.022585894425943866,5.353515625,2.1273028293782854,1.0,0.015625,1.3171552138395002,2.634097394331037,0.24115884767579635,0.43753277505550825
encourage,1.0,19,0.196044921875,0.203125,0.02365897755791009,6.2734375,4.829862905258673,1.0,0.16796875,1.5729676787463271,3.490591334714373,0.4074501235454787,0.8330389861525191
punish,1.0,19,0.134765625,0.13671875,0.01696382106058614,4.3125,7.235437961865197,1.0,0.505859375,1.1851851851851851,3.1738042391233847,0.11208356288311877,0.32458693983991027
no_learning,1.5,0,0.0631103515625,0.0654296875,0.022415446778847596,2.01953125,1.3875877558819254,1.0,0.158203125,1.1350164654226125,0.8168592242975008,0.18479371439259734,0.329959389032328
encourage,1.5,0,0.0821533203125,0.080078125,0.03159876750944805,2.62890625,1.513927649761024,1.0,0.103515625,1.252093023255814,1.2502404813032872,0.2614612411395121,0.5173291513613136
punish,1.5,0,0.04949951171875,0.046875,0.01987376293794981,1.583984375,2.766424203688917,1.0,0.533203125,1.0573663624511083,0.7796650533911309,0.10344286347587084,0.1765000097369068
no_learning,1.5,1,0.06805419921875,0.068359375,0.02600348375437646,2.177734375,2.271952875159025,1.0,0.28515625,1.1389172625127681,0.9444363282615147,0.17369650881942933,0.2973150979342757
encourage,1.5,1,0.09588623046875,0.0966796875,0.030871422745733797,3.068359375,2.3612295781752373,1.0,0.130859375,1.3059019118869493,1.4577100956959494,0.30408108511860665,0.6051396713443029
punish,1.5,1,0.0589599609375,0.0615234375,0.02060314002595571,1.88671875,3.51209675384925,1.0,0.5703125,1.0853932584269663,0.9578144679413555,0.09870070926051713,0.20043426748092474
no_learning,1.5,2,0.070556640625,0.0673828125,0.025412916521748492,2.2578125,1.8253685148056407,1.0,0.20703125,1.1389162561576354,0.9008995240624627,0.1900400338971317,0.35612980330294564
encourage,1.5,2,0.09564208984375,0.1044921875,0.030510680372809657,3.060546875,2.37381674754555,1.0,0.13671875,1.2971854304635762,1.4686849659209011,0.3098358868634491,0.6284424075162236
punish,1.5,2,0.05072021484375,0.0517578125,0.02093630417212943,1.623046875,2.7993609925396785,1.0,0.533203125,1.0905511811023623,0.7644116724516618,0.10788279391190202,0.19942700462725357
no_learning,1.5,3,0.0625,0.064453125,0.022944023680606895,2.0,1.9714762869484381,1.0,0.296875,1.1203501094091903,0.9330492331533178,0.1539520463070373,0.28728892374138976
encourage,1.5,3,0.09002685546875,0.103515625,0.03461414510951002,2.880859375,2.0943247447505864,1.0,0.1875,1.3146167557932265,1.3951128976670106,0.2939065195326085,0.5514883303619779
punish,1.5,3,0.0545654296875,0.05859375,0.020640714611982268,1.74609375,3.265884316109641,1.0,0.58984375,1.0810157194679564,0.8915233312610077,0.10008993655130212,0.1943573398334711
no_learning,1.5,4,0.06719970703125,0.06640625,0.023785158410137227,2.150390625,1.7351039694819759,1.0,0.169921875,1.1433021806853583,0.8342195138407569,0.16557202044799973,0.31595370743870765
encourage,1.5,4,0.09649658203125,0.1083984375,0.03167383546788562,3.087890625,2.1098008467713507,1.0,0.16796875,1.3208020050125313,1.3430318234193472,0.3268709861002298,0.590920076819891
punish,1.5,4,0.05413818359375,0.0546875,0.018336468468265095,1.732421875,3.1425574890559256,1.0,0.533203125,1.0856793145654835,0.7993558818624935,0.09403366676784031,0.20164810544828904
no_learning,1.5,5,0.06378173828125,0.064453125,0.020817104614935744,2.041015625,1.6202687565665947,1.0,0.166015625,1.1383442265795207,0.8235116232207853,0.16953088649557507,0.29278499284616366
encourage,1.5,5,0.0931396484375,0.09765625,0.027752411041680754,2.98046875,1.8059172960779344,1.0,0.126953125,1.260115606936416,1.3843218802716566,0.28976127651943195,0.6112522892946151
punish,1.5,5,0.05401611328125,0.0576171875,0.020914228658831902,1.728515625,3.2359261594064317,1.0,0.595703125,1.0727272727272728,0.9370711542142438,0.08482842112746511,0.1872578907206201
no_learning,1.5,6,0.06939697265625,0.078125,0.02433083653758911,2.220703125,2.300670990301576,1.0,0.33203125,1.1649590163934427,0.9052957071010623,0.1881362249342265,0.3280339968683863
encourage,1.5,6,0.095947265625,0.1064453125,0.03292460591305581,3.0703125,3.2857019649298307,1.0,0.2578125,1.3586862575626621,1.7368925907481987,0.3290535439464543,0.6388255742005263
punish,1.5,6,0.0548095703125,0.056640625,0.020226501936249072,1.75390625,3.1669041059386274,1.0,0.5859375,1.0577149587750294,0.8771994883114136,0.09358432688746422,0.19116431212253843
no_learning,1.5,7,0.0621337890625,0.0654296875,0.022489777998076613,1.98828125,1.7206975826386337,1.0,0.224609375,1.132369299221357,0.7847050578766941,0.16268778773019277,0.2861111879534482
encourage,1.5,7,0.08624267578125,0.087890625,0.02760024342757834,2.759765625,1.7729803496001753,1.0,0.12890625,1.234061135371179,1.215517343743787,0.24214130679376805,0.5350739028243996
punish,1.5,7,0.04791259765625,0.044921875,0.021210660844828717,1.533203125,2.6521790668222676,1.0,0.548828125,1.069482288828338,0.7270078193240821,0.10081304012833665,0.1744630326197652
no_learning,1.5,8,0.0662841796875,0.068359375,0.02105810190799998,2.12109375,1.620481812212324,1.0,0.150390625,1.1504237288135593,0.7745232660860346,0.20453565602246776,0.3563410293784664
encourage,1.5,8,0.09112548828125,0.09765625,0.028753130265533826,2.916015625,1.7474248194860513,1.0,0.16015625,1.308501314636284,1.322144845422788,0.32644369120520883,0.6335433463066702
punish,1.5,8,0.05023193359375,0.048828125,0.018440194498792712,1.607421875,2.881816578266473,1.0,0.548828125,1.0674448767833982,0.7521581512404611,0.10364235286632917,0.17720740521159084
no_learning,1.5,9,0.06231689453125,0.060546875,0.025013916791245722,1.994140625,1.6518115185228033,1.0,0.19140625,1.1510710259301014,0.7936295522556345,0.1873429134415268,0.29029186408142404
encourage,1.5,9,0.091796875,0.107421875,0.034989704252630136,2.9375,1.8645542362720373,1.0,0.087890625,1.3146853146853146,1.343727023288373,0.3143981502464239,0.5784546897190421
punish,1.5,9,0.04937744140625,0.0478515625,0.021469024029000416,1.580078125,2.8499989024377683,1.0,0.5703125,1.0602883355176933,0.8191085904712008,0.09599512613239322,0.1766084471302719
no_learning,1.5,10,0.06512451171875,0.0625,0.023277291467015446,2.083984375,2.198805016311328,1.0,0.255859375,1.1387406616862326,1.016205445908624,0.13572508697105892,0.26868210250564106
encourage,1.5,10,0.08953857421875,0.0947265625,0.028223794036422698,2.865234375,1.7420024688037499,1.0,0.076171875,1.2549187339606502,1.6227572190034296,0.24911433110681186,0.5642859008805254
punish,1.5,10,0.0560302734375,0.0625,0.018493148746495214,1.79296875,3.308386209547404,1.0,0.580078125,1.0787309048178613,0.9047160156159446,0.09249633432445586,0.1916948875538061
no_learning,1.5,11,0.06005859375,0.0625,0.025758860720917928,1.921875,1.5580405111469342,1.0,0.181640625,1.1310344827586207,0.7624117219441466,0.15937532115762293,0.3031963622219547
encourage,1.5,11,0.087890625,0.1064453125,0.035507146411519225,2.8125,2.086975982133,1.0,0.19140625,1.2811387900355873,1.327789565472405,0.27458569870028227,0.5902831509695603
punish,1.5,11,0.04913330078125,0.052734375,0.021612220466487246,1.572265625,2.7603944789546584,1.0,0.5703125,1.0564304461942258,0.7418612905999563,0.08980633679945624,0.1787280358378972
no_learning,1.5,12,0.05718994140625,0.060546875,0.019268461459483726,1.830078125,1.6215207927734028,1.0,0.224609375,1.1275571600481349,0.7020816592572349,0.17789180118044626,0.28608023972802565
encourage,1.5,12,0.09442138671875,0.095703125,0.03126757842619166,3.021484375,2.279649983359476,1.0,0.15234375,1.3605980650835532,1.3740894062999192,0.3586888454426846,0.6222928431459037
punish,1.5,12,0.04901123046875,0.0458984375,0.02254230852735128,1.568359375,2.7851473472420825,1.0,0.55859375,1.062169312169312,0.7233989038772204,0.09056557363351375,0.17645585367954053
no_learning,1.5,13,0.05596923828125,0.056640625,0.02281694643242936,1.791015625,1.5840012329559152,1.0,0.228515625,1.1223990208078336,0.7517427268945427,0.1653902608277494,0.2840023877337937
encourage,1.5,13,0.07904052734375,0.0849609375,0.0355507125459826,2.529296875,1.693023683565955,1.0,0.064453125,1.3028169014084507,1.292429137942245,0.29382181584896827,0.5201325718794478
punish,1.5,13,0.04864501953125,0.044921875,0.021958325269023228,1.556640625,2.746573654501115,1.0,0.5625,1.077027027027027,0.7437943468493378,0.10060560667839295,0.1809500805154122
no_learning,1.5,14,0.06451416015625,0.0673828125,0.02134232813174881,2.064453125,1.6410702055907707,1.0,0.189453125,1.1390086206896552,0.7844214589894858,0.18527532438715485,0.35486172456440307
encourage,1.5,14,0.0892333984375,0.0908203125,0.029024767838764485,2.85546875,2.008431780711866,1.0,0.126953125,1.2995555555555556,1.360212231771658,0.29265429546726807,0.5989697809546054
punish,1.5,14,0.050537109375,0.046875,0.02052959919742193,1.6171875,2.861711391780057,1.0,0.525390625,1.069767441860465,0.7901975590863856,0.09546251388314925,0.1886330359127748
no_learning,1.5,15,0.06475830078125,0.064453125,0.01968996410995281,2.072265625,1.7931761777481205,1.0,0.203125,1.1457883369330453,0.8850001040293138,0.18669361880779717,0.32953677975752826
encourage,1.5,15,0.09197998046875,0.099609375,0.028523146277565452,2.943359375,2.030700609297099,1.0,0.095703125,1.3025064822817631,1.4575583027792907,0.2970083196775019,0.5945057075660762
punish,1.5,15,0.05535888671875,0.0537109375,0.017884758899600388,1.771484375,3.0936754005762888,1.0,0.54296875,1.0888355342136855,0.8313360994792451,0.10738501899331097,0.19745963845071393
no_learning,1.5,16,0.06610107421875,0.068359375,0.0197865960669554,2.115234375,1.8667533082382255,1.0,0.220703125,1.14,0.8500436034237616,0.17984006385144366,0.321864791847037
encourage,1.5,16,0.0938720703125,0.1005859375,0.03177183285167574,3.00390625,2.038684561478538,1.0,0.087890625,1.296795952782462,1.4409324372440848,0.2938341340213312,0.6026637265723163
punish,1.5,16,0.0543212890625,0.0576171875,0.019368446841580116,1.73828125,3.2598797210784385,1.0,0.568359375,1.0787878787878789,0.8391425124072572,0.09706061915447754,0.20199693531167084
no_learning,1.5,17,0.0606689453125,0.0595703125,0.023594331544694258,1.94140625,1.6466361232709967,1.0,0.21484375,1.1425287356321838,0.808474146089435,0.19038729126615697,0.30993927706492524
encourage,1.5,17,0.08648681640625,0.0888671875,0.03553813575379909,2.767578125,2.13935491375823,1.0,0.15234375,1.320596458527493,1.252383998726612,0.3103382925963787,0.5867097456682421
punish,1.5,17,0.05133056640625,0.0556640625,0.019361040408566198,1.642578125,2.873502258268033,1.0,0.537109375,1.0782051282051281,0.8264892811752262,0.09627900876151971,0.1980964155357575
no_learning,1.5,18,0.06280517578125,0.0615234375,0.019155998284333654,2.009765625,1.7924271972853902,1.0,0.185546875,1.1370165745856353,0.8803211952738388,0.1628701485777716,0.30368048652116986
encourage,1.5,18,0.09375,0.0966796875,0.02980116117122486,3.0,2.0242668425877057,1.0,0.123046875,1.2885906040268456,1.4136974038310979,0.2813724504999827,0.6287329993851386
punish,1.5,18,0.051513671875,0.048828125,0.018959842104837817,1.6484375,3.006087167497601,1.0,0.5859375,1.0792838874680306,0.8881952940872013,0.09685769762946657,0.18354491344954105
no_learning,1.5,19,0.068603515625,0.0703125,0.024038865012670878,2.1953125,1.631279184365371,1.0,0.16796875,1.1376518218623481,0.8182570683766737,0.182186148509473,0.3300682979484189
encourage,1.5,19,0.09100341796875,0.09765625,0.02877488831615234,2.912109375,2.222507786946338,1.0,0.19140625,1.2710997442455243,1.2787280465440665,0.2761763941966853,0.5875718123527711
punish,1.5,19,0.05047607421875,0.05078125,0.018734412866956606,1.615234375,2.758934765234285,1.0,0.5078125,1.072632944228275,0.7483187779840594,0.10011977133026245,0.18782731560299898
no_learning,2.0,0,0.0177001953125,0.0126953125,0.015300723627219091,0.56640625,0.9140207656070717,1.0,0.640625,1.0247349823321554,0.24424879600477173,0.09175850251432965,0.1728829306812127
encourage,2.0,0,0.0203857421875,0.0185546875,0.01584423752134357,0.65234375,0.8525206049333574,1.0,0.546875,1.0603174603174603,0.3185575400009646,0.11438012777358171,0.21588480335630605
punish,2.0,0,0.01446533203125,0.009765625,0.012908177996111846,0.462890625,0.9325859983331882,1.0,0.72265625,1.021551724137931,0.16985242008951684,0.08504868070626911,0.13152649553240436
no_learning,2.0,1,0.02105712890625,0.0185546875,0.015477317017558194,0.673828125,1.1780290883331295,1.0,0.6484375,1.0615384615384615,0.2699610992611256,0.10742160052896725,0.15791558855791027
encourage,2.0,1,0.02838134765625,0.0244140625,0.021977996177301222,0.908203125,1.30853981931779,1.0,0.55078125,1.1177884615384615,0.4168554964456478,0.15717879868305185,0.258511565617623
punish,2.0,1,0.01837158203125,0.0166015625,0.012428262615712879,0.587890625,1.2469062667406519,1.0,0.740234375,1.0273037542662116,0.2241424067194171,0.08551732951666355,0.11809319956213382
no_learning,2.0,2,0.017333984375,0.015625,0.014523802458726413,0.5546875,0.8844012253178701,0.875,0.623046875,1.0441176470588236,0.2554277980227665,0.10811523750465182,0.1693432828609501
encourage,2.0,2,0.023681640625,0.0166015625,0.021753189993006225,0.7578125,0.9478272336474354,0.875,0.51953125,1.0868347338935573,0.3512266576731119,0.13779157480628204,0.2520825205463718
punish,2.0,2,0.01556396484375,0.015625,0.013115459562343931,0.498046875,1.0383261459207962,0.84375,0.73828125,1.02,0.20926865317108156,0.09042070488517719,0.13647179003575646
no_learning,2.0,3,0.02081298828125,0.01953125,0.01565251312278462,0.666015625,1.2102174648615263,0.90625,0.6796875,1.0364741641337385,0.32386540575849465,0.1030442648199544,0.16483108292600654
encourage,2.0,3,0.024658203125,0.0234375,0.019796477954378486,0.7890625,1.1312489209248997,0.90625,0.587890625,1.1160220994475138,0.42732852202132066,0.1456197733882216,0.23112405788343574
punish,2.0,3,0.01666259765625,0.0185546875,0.012284756215773702,0.533203125,1.2819628709483883,0.875,0.79296875,1.0459770114942528,0.2233748833468326,0.0792733573716853,0.11821614139654123
no_learning,2.0,4,0.01959228515625,0.017578125,0.014356501535645874,0.626953125,1.075061814061282,0.90625,0.638671875,1.02555910543131,0.21137747434001475,0.1006680268477492,0.16301206723280146
encourage,2.0,4,0.0250244140625,0.021484375,0.02073579046596667,0.80078125,1.0455258914290155,0.90625,0.521484375,1.0991957104557641,0.31372498608864385,0.1328393934953381,0.22920940772358953
punish,2.0,4,0.0167236328125,0.013671875,0.012225937507425998,0.53515625,1.1670669595554222,0.90625,0.74609375,1.0300751879699248,0.18307851965244265,0.08818344353081733,0.12659996713332045
no_learning,2.0,5,0.0181884765625,0.017578125,0.01161080554142303,0.58203125,0.9127511292917898,0.96875,0.623046875,1.0347222222222223,0.23670606237096053,0.09639017078656219,0.15030411746123598
encourage,2.0,5,0.021728515625,0.017578125,0.01697611432245358,0.6953125,0.9083690204667649,0.96875,0.521484375,1.0787878787878789,0.33346552831903664,0.12773449419170288,0.2312644091173289
punish,2.0,5,0.0186767578125,0.017578125,0.012400204932149871,0.59765625,1.2224440710461717,0.96875,0.724609375,1.0303030303030303,0.2207369466161171,0.07748137802241264,0.11799026555526097
no_learning,2.0,6,0.0216064453125,0.01953125,0.014533546020252268,0.69140625,1.13126915341175,0.9375,0.6328125,1.0535714285714286,0.24474519453021343,0.1167367159217095,0.1954974693030391
encourage,2.0,6,0.02813720703125,0.0263671875,0.02048954831579177,0.900390625,1.260828040381443,0.9375,0.5703125,1.1081730769230769,0.42736830193823505,0.1588029525295865,0.28524395058292346
punish,2.0,6,0.01800537109375,0.0185546875,0.01030879994685235,0.576171875,1.2382489028700912,0.9375,0.724609375,1.0207612456747406,0.18853450025664192,0.07877999999693658,0.12402100484157312
no_learning,2.0,7,0.0169677734375,0.0146484375,0.014172252881312575,0.54296875,0.9323344016625352,1.0,0.666015625,1.0570342205323193,0.22219869094976086,0.09611810841426896,0.14014429377113846
encourage,2.0,7,0.02227783203125,0.0146484375,0.01969450432444432,0.712890625,1.0632303756886883,1.0,0.6015625,1.0703812316715542,0.33722192897371966,0.11680142144652811,0.21243112292769428
punish,2.0,7,0.01458740234375,0.01171875,0.012079256811569898,0.466796875,1.0656529934693724,1.0,0.76953125,1.0391304347826087,0.17439575403234853,0.08625255666960477,0.10955856146234468
no_learning,2.0,8,0.0162353515625,0.0126953125,0.013675689165229734,0.51953125,0.9780847510688618,0.9375,0.69921875,1.0597609561752988,0.19681621654936104,0.1270551888215897,0.16154807684222167
encourage,2.0,8,0.02166748046875,0.013671875,0.019979949526785102,0.693359375,1.033479995984252,0.9375,0.609375,1.1305732484076434,0.2988686932603122,0.1625373543549052,0.23713297216612172
punish,2.0,8,0.01434326171875,0.013671875,0.011956505141699056,0.458984375,1.0763242859407471,0.9375,0.771484375,1.0262008733624455,0.14637343137993303,0.08612845958157767,0.11205710034093323
no_learning,2.0,9,0.0169677734375,0.013671875,0.01445541363715773,0.54296875,1.0068657738365316,0.90625,0.6875,1.0651340996168583,0.24438023491423422,0.1122490011599268,0.15291615665153963
encourage,2.0,9,0.02020263671875,0.01171875,0.020100406944131427,0.646484375,0.8915988884475234,0.90625,0.556640625,1.1533101045296168,0.3309079693780584,0.15293102743095346,0.21634673830330223
punish,2.0,9,0.01507568359375,0.01171875,0.013158562527199212,0.482421875,1.0985091076188145,0.90625,0.767578125,1.0378151260504203,0.18048791811073756,0.08368302518999451,0.11061449970131651
no_learning,2.0,10,0.021484375,0.0166015625,0.011990262849422534,0.6875,1.3448396744593758,1.0,0.6796875,1.0414201183431953,0.3708465404573808,0.0955934455330995,0.14185981623173016
encourage,2.0,10,0.0267333984375,0.0244140625,0.016168211738583505,0.85546875,1.292484803691493,1.0,0.548828125,1.0814814814814815,0.5137747742488887,0.12361631049671387,0.21640295674507593
punish,2.0,10,0.0196533203125,0.0166015625,0.010939434425407492,0.62890625,1.4627485015240786,1.0,0.765625,1.0353697749196142,0.23923459396475075,0.08473872776747186,0.11701124222369658
no_learning,2.0,11,0.01556396484375,0.015625,0.014389677225685382,0.498046875,0.8523841184012841,0.875,0.67578125,1.0323886639676114,0.22560238583429854,0.10349785406658661,0.15449756160544315
encourage,2.0,11,0.02001953125,0.01953125,0.018720985852227357,0.640625,0.962048392428884,0.875,0.603515625,1.0580645161290323,0.3059590416240255,0.12015020978624935,0.21490812434644171
punish,2.0,11,0.013916015625,0.013671875,0.012446383883330943,0.4453125,0.9906484125782214,0.875,0.765625,1.0224215246636772,0.17521926867787502,0.07789745588097927,0.11336214081995812
no_learning,2.0,12,0.014892578125,0.01171875,0.01328941542993831,0.4765625,0.9372069854593221,0.9375,0.732421875,1.0517241379310345,0.2051504540055759,0.09443162956384767,0.12643668121195942
encourage,2.0,12,0.01751708984375,0.0126953125,0.01585587166863743,0.560546875,0.8862260298184287,0.9375,0.642578125,1.0871212121212122,0.2856382976822378,0.11541387929433247,0.16792141662868054
punish,2.0,12,0.0137939453125,0.009765625,0.011080192555913044,0.44140625,1.0060774187213117,0.9375,0.779296875,1.0272727272727273,0.15679586921762,0.08640782723649858,0.10234340175816488
no_learning,2.0,13,0.0166015625,0.013671875,0.013990770294818752,0.53125,0.9073269463098734,0.90625,0.673828125,1.0381679389312977,0.2334895458919466,0.10172249086647057,0.14215728368176456
encourage,2.0,13,0.01971435546875,0.013671875,0.018213344701266104,0.630859375,0.8719057139247394,0.90625,0.587890625,1.0912162162162162,0.3474720384631704,0.1351077546056655,0.20762198501687076
punish,2.0,13,0.0142822265625,0.01171875,0.011569664256335769,0.45703125,0.9892534743549994,0.90625,0.75390625,1.0263157894736843,0.1643386796978399,0.08205901174399152,0.11206357948443099
no_learning,2.0,14,0.01824951171875,0.017578125,0.015713322872383077,0.583984375,0.8887190921522162,0.84375,0.626953125,1.07168458781362,0.19111629383672446,0.11381990918531384,0.19546455659189177
encourage,2.0,14,0.0255126953125,0.0185546875,0.023589278548990282,0.81640625,1.1273778581118832,0.875,0.578125,1.1389645776566757,0.359734266128097,0.1558006811057789,0.2804841341240908
punish,2.0,14,0.013916015625,0.013671875,0.011797323660497626,0.4453125,0.9018955190839735,0.84375,0.74609375,1.0410958904109588,0.13406518634008793,0.08703161642108075,0.1299131119923836
no_learning,2.0,15,0.0184326171875,0.013671875,0.012760289509457587,0.58984375,0.9701272342254584,0.96875,0.634765625,1.0863309352517985,0.26116424298742924,0.11625193300069717,0.17991618008430077
encourage,2.0,15,0.02459716796875,0.01953125,0.017806268070328268,0.787109375,0.9700544865042939,1.0,0.50390625,1.1225626740947074,0.3721185202139514,0.1511771781761749,0.2509377031172133
punish,2.0,15,0.01556396484375,0.01171875,0.01090174006256939,0.498046875,1.078915513514721,0.96875,0.736328125,1.0323886639676114,0.18866643242138947,0.08929168744475716,0.12535721258566687
no_learning,2.0,16,0.0186767578125,0.0185546875,0.012371330834716582,0.59765625,1.070846981055621,0.9375,0.646484375,1.0303030303030303,0.23963007176636075,0.09446166252723272,0.1611937254402705
encourage,2.0,16,0.025146484375,0.0263671875,0.018674763093030407,0.8046875,1.0847565521091587,0.9375,0.533203125,1.08994708994709,0.37513695479996173,0.13490164359529191,0.24643692903252792
punish,2.0,16,0.0159912109375,0.0166015625,0.010769203200409782,0.51171875,1.1641870214439076,0.9375,0.755859375,1.0155038759689923,0.19262844789821437,0.08288896250268767,0.11564714780578093
no_learning,2.0,17,0.01800537109375,0.015625,0.014775929362377089,0.576171875,0.9509753390382867,0.9375,0.640625,1.0350877192982457,0.22969360598531885,0.1021181155438897,0.1436354153791302
encourage,2.0,17,0.02471923828125,0.0166015625,0.022785577302884857,0.791015625,0.929800331257125,0.9375,0.49609375,1.091644204851752,0.35788402933062113,0.152538029047332,0.23379538601690456
punish,2.0,17,0.0166015625,0.017578125,0.012138479389312552,0.53125,1.114096466873493,0.9375,0.75390625,1.0187265917602997,0.19503575851718463,0.08386609829814927,0.11659736882234524
no_learning,2.0,18,0.0194091796875,0.0166015625,0.015324079067071053,0.62109375,1.0829756708767457,0.9375,0.646484375,1.06,0.29221801226448024,0.10120292459361672,0.14781212074136948
encourage,2.0,18,0.022216796875,0.021484375,0.018591593128413988,0.7109375,0.9219743060919594,0.96875,0.548828125,1.116564417177914,0.3655740031835202,0.14326586085002366,0.24045044553387734
punish,2.0,18,0.017333984375,0.015625,0.011777096772648767,0.5546875,1.2330639794202691,0.9375,0.751953125,1.0289855072463767,0.22547253976415102,0.08631584731539695,0.11798396510259339
no_learning,2.0,19,0.0167236328125,0.0166015625,0.013557500629766198,0.53515625,0.9655867584458361,0.9375,0.677734375,1.0538461538461539,0.1969280943420339,0.11726136044749376,0.15787860695524444
encourage,2.0,19,0.02154541015625,0.0146484375,0.021303193188569776,0.689453125,1.1487281068328286,0.9375,0.59765625,1.1170886075949367,0.2969426604190467,0.14444483721253265,0.2231890902597329
punish,2.0,19,0.015380859375,0.0126953125,0.012683569538926307,0.4921875,0.9722404357172921,0.9375,0.716796875,1.0413223140495869,0.14853844407734434,0.0948490508869109,0.12425413760650655
no_learning,2.43,0,0.00579833984375,0.00390625,0.00925784823253834,0.185546875,0.5437375122039442,0.59375,0.87109375,1.0,0.09956890061940157,0.07141216659179082,0.09535209826965275
encourage,2.43,0,0.0062255859375,0.005859375,0.009448431441903006,0.19921875,0.5756784168686868,0.59375,0.8671875,1.0,0.1275934521657352,0.07111406182204288,0.10637974983682393
punish,2.43,0,0.00567626953125,0.00390625,0.00978220485864977,0.181640625,0.5521750703804088,0.59375,0.880859375,1.0108695652173914,0.0656313590442659,0.06610090329969068,0.08941276241601401
no_learning,2.43,1,0.0062255859375,0.005859375,0.006826121230476472,0.19921875,0.561943626753109,0.75,0.86328125,1.00990099009901,0.10217659694205458,0.07936170498338965,0.09104290196148242
encourage,2.43,1,0.00732421875,0.005859375,0.008624766471023289,0.234375,0.6089742271845336,0.75,0.84375,1.0256410256410255,0.13556303289986962,0.09054311411955392,0.11125433568785544
punish,2.43,1,0.0064697265625,0.005859375,0.00734757830889267,0.20703125,0.606048109908312,0.75,0.865234375,1.0095238095238095,0.0737402898739675,0.07494407653363779,0.08124886164239246
no_learning,2.43,2,0.0057373046875,0.00390625,0.009160154948610649,0.18359375,0.5167925937558873,0.625,0.8671875,1.0217391304347827,0.11631491755110149,0.08108660034939999,0.08234383603959664
encourage,2.43,2,0.0054931640625,0.00390625,0.007955201543032772,0.17578125,0.5003508290674029,0.625,0.87109375,1.0227272727272727,0.131424802653132,0.08039562272866856,0.0824117880986264
punish,2.43,2,0.006103515625,0.00390625,0.009274130817003212,0.1953125,0.5563355797931228,0.625,0.8671875,1.0204081632653061,0.08988040303058567,0.08212640704167445,0.08174435743990341
no_learning,2.43,3,0.00872802734375,0.009765625,0.00862455050361403,0.279296875,0.735618026298455,0.78125,0.84375,1.0070422535211268,0.1359991951191204,0.08163303878351952,0.09958838592679488
encourage,2.43,3,0.00921630859375,0.009765625,0.009744048123695757,0.294921875,0.7427603669061,0.78125,0.8203125,1.0134228187919463,0.17698071991891473,0.09049116870702127,0.11103613056723362
punish,2.43,3,0.0074462890625,0.0078125,0.007587040641240397,0.23828125,0.6831248391754157,0.78125,0.861328125,1.0082644628099173,0.09272772023859935,0.07571077445182929,0.08647461041882668
no_learning,2.43,4,0.00506591796875,0.005859375,0.005957418960711648,0.162109375,0.5183072694233696,0.65625,0.8828125,1.0121951219512195,0.06365424185310892,0.07699702414802062,0.08218029774106587
encourage,2.43,4,0.00555419921875,0.005859375,0.006941659024369092,0.177734375,0.55344477316473,0.65625,0.873046875,1.0224719101123596,0.0792707418745544,0.08269883562852841,0.08843405341554972
punish,2.43,4,0.00531005859375,0.0068359375,0.006445208461962173,0.169921875,0.5416568853033111,0.625,0.8828125,1.0116279069767442,0.05161421614729397,0.07722759702066176,0.07789693754180875
no_learning,2.43,5,0.00616455078125,0.0068359375,0.006022101049926573,0.197265625,0.5174233259076744,0.75,0.8515625,1.01,0.08943635506777126,0.07227889505777634,0.08673391931060953
encourage,2.43,5,0.00616455078125,0.0078125,0.005759015499823422,0.197265625,0.5059724777034412,0.75,0.84375,1.01,0.11585328870760311,0.07298979731704452,0.09974370382684179
punish,2.43,5,0.006103515625,0.005859375,0.006190782389211898,0.1953125,0.5311925520409242,0.75,0.857421875,1.0,0.07057896551111753,0.07243474722199227,0.083021535332984
no_learning,2.43,6,0.00592041015625,0.0048828125,0.007250349743398319,0.189453125,0.5459779193591389,0.75,0.859375,1.0210526315789474,0.07746459299278491,0.07572179629228637,0.10601420516311859
encourage,2.43,6,0.0072021484375,0.005859375,0.008835563564061314,0.23046875,0.5942509194552731,0.75,0.833984375,1.0260869565217392,0.12205420938170766,0.08308866610508706,0.1294539268163099
punish,2.43,6,0.0050048828125,0.00390625,0.005119681878786809,0.16015625,0.5207926416395853,0.75,0.8828125,1.0123456790123457,0.054018257709099085,0.07022506053986938,0.08573001813868326
no_learning,2.43,7,0.005859375,0.00390625,0.006605346317611662,0.1875,0.5590169943749475,0.8125,0.875,1.0212765957446808,0.0773964168364282,0.07688570872959787,0.0814399456456108
encourage,2.43,7,0.00701904296875,0.00390625,0.00892178669366376,0.224609375,0.578200876566362,0.84375,0.84375,1.0176991150442478,0.10377652480348443,0.07323223620307281,0.1060361097974215
punish,2.43,7,0.005615234375,0.0048828125,0.00641769503324947,0.1796875,0.5580881671776871,0.8125,0.884765625,1.0,0.05854222391586261,0.07306716547491846,0.07533932209566316
no_learning,2.43,8,0.00482177734375,0.005859375,0.005899609076754973,0.154296875,0.509308942946454,0.59375,0.890625,1.025974025974026,0.06867696729428814,0.08733900362250424,0.09286567766354578
encourage,2.43,8,0.006103515625,0.005859375,0.008382951520209667,0.1953125,0.5492693122173766,0.59375,0.857421875,1.0638297872340425,0.10172688374803344,0.10493323158495582,0.12374937103588719
punish,2.43,8,0.00396728515625,0.005859375,0.0044614152535582255,0.126953125,0.4650857760163542,0.59375,0.90625,1.015625,0.04788983842890382,0.08042533660937684,0.07872635146942158
no_learning,2.43,9,0.00616455078125,0.00390625,0.008024904571987826,0.197265625,0.5174233259076744,0.71875,0.84765625,1.030612244897959,0.10328150370210148,0.09575449989736529,0.09838883423266326
encourage,2.43,9,0.0062255859375,0.00390625,0.008147679001936152,0.19921875,0.49544741360555866,0.71875,0.837890625,1.0408163265306123,0.14205988251243,0.105640613219815,0.11327382627071207
punish,2.43,9,0.005859375,0.00390625,0.008141275390885286,0.1875,0.5376453291901642,0.71875,0.8671875,1.0212765957446808,0.07013622954358961,0.08200640232911044,0.08371637641918077
no_learning,2.43,10,0.00921630859375,0.005859375,0.009085631938595,0.294921875,0.8437115695819777,0.90625,0.853515625,1.0413793103448277,0.1776607400426501,0.07671422469312779,0.08819499931574304
encourage,2.43,10,0.009521484375,0.0078125,0.00875849175520122,0.3046875,0.8574908322214004,0.90625,0.84375,1.04,0.23872101629462852,0.09067522578937487,0.09476294811299878
punish,2.43,10,0.00848388671875,0.005859375,0.008150193329723804,0.271484375,0.8164132587916854,0.90625,0.861328125,1.0451127819548873,0.10423396478936388,0.07273496859253475,0.08039880645335097
no_learning,2.43,11,0.00579833984375,0.00390625,0.008192136761968234,0.185546875,0.48688472165157776,0.625,0.849609375,1.0106382978723405,0.0878934457941751,0.07657973782931782,0.11018159976018134
encourage,2.43,11,0.00628662109375,0.005859375,0.009183509517982724,0.201171875,0.5121174198452777,0.65625,0.837890625,1.0098039215686274,0.12853113501399843,0.0771312599990726,0.11569874464496162
punish,2.43,11,0.00494384765625,0.00390625,0.006347362804965981,0.158203125,0.46390316472323656,0.625,0.876953125,1.0,0.05920859962241087,0.07077586664355986,0.09096828400274674
no_learning,2.43,12,0.00531005859375,0.005859375,0.006482094513068437,0.169921875,0.5195716325940865,0.65625,0.8828125,1.0116279069767442,0.07764852586724719,0.0716836698762395,0.07810353248202533
encourage,2.43,12,0.00555419921875,0.005859375,0.006889947334581025,0.177734375,0.5093389018554928,0.65625,0.87109375,1.0,0.10593800405157154,0.0774481228072551,0.08563912087577938
punish,2.43,12,0.00531005859375,0.00390625,0.006787537485795456,0.169921875,0.527036223988906,0.65625,0.88671875,1.0116279069767442,0.05966826627408686,0.07063077781324621,0.07787861205074031
no_learning,2.43,13,0.00579833984375,0.0048828125,0.007681462949031145,0.185546875,0.5065451432772151,0.75,0.865234375,1.0326086956521738,0.09178655297982305,0.08758699656489007,0.08771638238447939
encourage,2.43,13,0.00604248046875,0.005859375,0.008305940707542776,0.193359375,0.5113123087699037,0.75,0.85546875,1.03125,0.1397839384153238,0.0877734739474849,0.09762146858357455
punish,2.43,13,0.00506591796875,0.00390625,0.005585633916541481,0.162109375,0.4912216155027274,0.75,0.88671875,1.0246913580246915,0.05623400381102661,0.08535779783781018,0.07659021701205973
no_learning,2.43,14,0.0045166015625,0.0078125,0.006107176636400874,0.14453125,0.43594520042482116,0.59375,0.88671875,1.0277777777777777,0.05648290427331263,0.07393948390077132,0.09468493043194177
encourage,2.43,14,0.005615234375,0.0078125,0.007591949123762799,0.1796875,0.46659661630122223,0.59375,0.853515625,1.0337078651685394,0.08653307160455508,0.08164421433378836,0.11592209848320068
punish,2.43,14,0.00372314453125,0.005859375,0.004484734364641442,0.119140625,0.3896423186392995,0.59375,0.904296875,1.0166666666666666,0.03878024520359315,0.06688972522599947,0.08530050786157377
no_learning,2.43,15,0.00640869140625,0.005859375,0.008246524989255913,0.205078125,0.6051000641600399,0.6875,0.861328125,1.0606060606060606,0.11138834288291156,0.08556777969887118,0.11661772756278586
encourage,2.43,15,0.00775146484375,0.005859375,0.010769722068958498,0.248046875,0.6242152055202872,0.6875,0.822265625,1.0854700854700854,0.15927960130800528,0.10061682814031246,0.14049385961069472
punish,2.43,15,0.005615234375,0.005859375,0.007172085362093936,0.1796875,0.5753204779457707,0.6875,0.8828125,1.0337078651685394,0.07216657867994668,0.07666830466702935,0.09713952196009192
no_learning,2.43,16,0.00634765625,0.005859375,0.006712757365657969,0.203125,0.6356514252127498,0.78125,0.8671875,1.0097087378640777,0.08347057185976924,0.08436314913288824,0.09134151684339692
encourage,2.43,16,0.0064697265625,0.005859375,0.0067735275385767,0.20703125,0.6219530219586021,0.78125,0.859375,1.0192307692307692,0.10816459780418619,0.08793329168767813,0.10189262236158424
punish,2.43,16,0.0054931640625,0.005859375,0.006008786364374496,0.17578125,0.5799038300860216,0.75,0.88671875,1.0,0.06628963322803501,0.08005089610614818,0.07903129586730123
no_learning,2.43,17,0.00579833984375,0.005859375,0.005447879202758269,0.185546875,0.5614104845634202,0.75,0.875,1.0106382978723405,0.08298426531185821,0.07971652942982348,0.0799762753949705
encourage,2.43,17,0.00592041015625,0.005859375,0.005889497259442344,0.189453125,0.5635806405721673,0.75,0.87109375,1.0210526315789474,0.10959134681816829,0.08394157725116498,0.08353531271026442
punish,2.43,17,0.0059814453125,0.005859375,0.006018697771299341,0.19140625,0.5749357768141912,0.75,0.875,1.0208333333333333,0.06357759834922937,0.07533073952288233,0.07456240094136464
no_learning,2.43,18,0.00750732421875,0.01171875,0.008951799797259444,0.240234375,0.6486933559613196,0.65625,0.845703125,1.0,0.12055686079512994,0.08307299668166938,0.09221607483429961
encourage,2.43,18,0.00689697265625,0.0078125,0.008184857691935799,0.220703125,0.5897240927885127,0.6875,0.84765625,1.0,0.1407087874258909,0.09188918206554106,0.10347838878918592
punish,2.43,18,0.00677490234375,0.009765625,0.008096998453910636,0.216796875,0.6264600865100939,0.65625,0.865234375,1.009090909090909,0.09371960293072606,0.07489143727986093,0.08575968818262014
no_learning,2.43,19,0.0052490234375,0.005859375,0.007116814378490434,0.16796875,0.5331852389399369,0.59375,0.888671875,1.0238095238095237,0.0654057477968242,0.09090879608239055,0.09397809054439021
encourage,2.43,19,0.00579833984375,0.005859375,0.008177572142616036,0.185546875,0.5579206773168874,0.59375,0.880859375,1.0326086956521738,0.09173693875512215,0.0949472390532752,0.1062737711378199
punish,2.43,19,0.00439453125,0.005859375,0.0054153010285202235,0.140625,0.4716058835245803,0.59375,0.900390625,1.0,0.04210525738311867,0.08438121725553663,0.0809227706461431
