condition,family,schedule,feedback,half_life,seed,target_frames,checkpoint_frames,checkpoint,run_dir,label_suffix,label,frames,visited_cells,visited_cell_fraction,mean_spatial_information_bits,median_spatial_information_bits,max_spatial_information_bits,units_si_over_0_5_bits,mean_active_fraction,silent_units,map_cosine_mean,map_cosine_min,map_cosine_max,unique_peak_bins,mean_pre_threshold_logit,mean_pre_threshold_logit_std,mean_pre_threshold_above_fraction,active_units,active_unit_mean_si_bits,active_map_cosine_mean,active_unique_peak_bins,active_peak_bin_entropy,active_pairwise_peak_distance_bins,prethreshold_map_cosine_mean,prethreshold_unique_peak_bins,prethreshold_peak_bin_entropy,prethreshold_pairwise_peak_distance_bins
flat_t243_g001_r100_x0_o0,fixed_flat,simultaneous,encourage,none,8,100000000,100040704,/work/classic/fr_xl1014-train/IntrMotiv/SF_hipposlam/train_dir/intrmotiv_dg_structural_diversity_20260826/FSD_F16_L64_T2p43_G001_R100_X0_O0_S8_/00_FSD_F16_L64_T2p43_G001_R100_X0_O0_S8/checkpoint_p0/checkpoint_000006106_100040704.pth,/work/classic/fr_xl1014-train/IntrMotiv/SF_hipposlam/train_dir/intrmotiv_dg_structural_diversity_20260826/FSD_F16_L64_T2p43_G001_R100_X0_O0_S8_/00_FSD_F16_L64_T2p43_G001_R100_X0_O0_S8,flat_g001_r100_x0_o0_S8__100M,FSD_F16_L64_T2p43_G001_R100_X0_O0_S8__00_FSD_F16_L64_T2p43_G001_R100_X0_O0_S8__flat_g001_r100_x0_o0_S8__100M,10001,313,0.8670360110803325,0.35955018478163836,0.3818312512811451,0.40767365440282527,0,0.02041045895410459,0,0.8555908626352978,0.022667599655408634,0.9999104254052029,2,-0.040700048208236694,1.1816306114196777,0.020504199580041994,16,0.35955018478163836,0.8555908626352978,2,0.08432251665425347,1.8582585934148133,0.7787666740034825,2,0.08432251665425347,1.8582585934148133
flat_t243_g001_r100_x0_o0,fixed_flat,simultaneous,encourage,none,99,5000000,6356992,/work/classic/fr_xl1014-train/IntrMotiv/SF_hipposlam/train_dir/intrmotiv_dg_structural_diversity_20260826/FSD_F16_L64_T2p43_G001_R100_X0_O0_S99_/00_FSD_F16_L64_T2p43_G001_R100_X0_O0_S99/checkpoint_p0/milestones/checkpoint_000000388_6356992.pth,/work/classic/fr_xl1014-train/IntrMotiv/SF_hipposlam/train_dir/intrmotiv_dg_structural_diversity_20260826/FSD_F16_L64_T2p43_G001_R100_X0_O0_S99_/00_FSD_F16_L64_T2p43_G001_R100_X0_O0_S99,flat_g001_r100_x0_o0_S99__006M,FSD_F16_L64_T2p43_G001_R100_X0_O0_S99__00_FSD_F16_L64_T2p43_G001_R100_X0_O0_S99__flat_g001_r100_x0_o0_S99__006M,10001,291,0.8060941828254847,1.1254269182091585,1.5880350727960444,1.658209625690765,11,0.03550894910508949,1,0.48214912596984427,0.0,0.9998601155984844,6,0.29058706760406494,2.3120217323303223,0.035596440355964404,15,1.2004553794231028,0.551027572536965,5,0.35065585834791463,5.685655421361745,0.4707828524067324,6,0.4054101905467145,7.394214144548414
flat_t243_g001_r100_x0_o0,fixed_flat,simultaneous,encourage,none,99,25000000,23855104,/work/classic/fr_xl1014-train/IntrMotiv/SF_hipposlam/train_dir/intrmotiv_dg_structural_diversity_20260826/FSD_F16_L64_T2p43_G001_R100_X0_O0_S99_/00_FSD_F16_L64_T2p43_G001_R100_X0_O0_S99/checkpoint_p0/milestones/checkpoint_000001456_23855104.pth,/work/classic/fr_xl1014-train/IntrMotiv/SF_hipposlam/train_dir/intrmotiv_dg_structural_diversity_20260826/FSD_F16_L64_T2p43_G001_R100_X0_O0_S99_/00_FSD_F16_L64_T2p43_G001_R100_X0_O0_S99,flat_g001_r100_x0_o0_S99__023M,FSD_F16_L64_T2p43_G001_R100_X0_O0_S99__00_FSD_F16_L64_T2p43_G001_R100_X0_O0_S99__flat_g001_r100_x0_o0_S99__023M,10001,308,0.853185595567867,0.2536476032299355,0.3067638902012618,0.316897710762623,0,0.024078842115788424,0,0.5747348733017591,0.010513738920595206,0.9999641396959,5,0.0815468281507492,0.9129168391227722,0.024153834616538347,16,0.2536476032299355,0.5747348733017591,5,0.32781953111478324,5.4013385521913495,0.5379407734984799,5,0.32781953111478324,6.545405525522044
flat_t243_g001_r100_x0_o0,fixed_flat,simultaneous,encourage,none,99,50000000,48431104,/work/classic/fr_xl1014-train/IntrMotiv/SF_hipposlam/train_dir/intrmotiv_dg_structural_diversity_20260826/FSD_F16_L64_T2p43_G001_R100_X0_O0_S99_/00_FSD_F16_L64_T2p43_G001_R100_X0_O0_S99/checkpoint_p0/milestones/checkpoint_000002956_48431104.pth,/work/classic/fr_xl1014-train/IntrMotiv/SF_hipposlam/train_dir/intrmotiv_dg_structural_diversity_20260826/FSD_F16_L64_T2p43_G001_R100_X0_O0_S99_/00_FSD_F16_L64_T2p43_G001_R100_X0_O0_S99,flat_g001_r100_x0_o0_S99__048M,FSD_F16_L64_T2p43_G001_R100_X0_O0_S99__00_FSD_F16_L64_T2p43_G001_R100_X0_O0_S99__flat_g001_r100_x0_o0_S99__048M,10001,312,0.8642659279778393,0.38088805035404477,0.4589165302826083,0.4991180223092031,0,0.02251024897510249,0,0.5668131940822799,0.010297771685042083,0.9999888133988017,5,-0.09518067538738251,1.131371259689331,0.02259149085091491,16,0.38088805035404477,0.5668131940822799,5,0.32781953111478324,4.067348013253468,0.6264873013921283,5,0.32781953111478324,4.651101762168705
flat_t243_g001_r100_x0_o0,fixed_flat,simultaneous,encourage,none,99,75000000,76480512,/work/classic/fr_xl1014-train/IntrMotiv/SF_hipposlam/train_dir/intrmotiv_dg_structural_diversity_20260826/FSD_F16_L64_T2p43_G001_R100_X0_O0_S99_/00_FSD_F16_L64_T2p43_G001_R100_X0_O0_S99/checkpoint_p0/milestones/checkpoint_000004668_76480512.pth,/work/classic/fr_xl1014-train/IntrMotiv/SF_hipposlam/train_dir/intrmotiv_dg_structural_diversity_20260826/FSD_F16_L64_T2p43_G001_R100_X0_O0_S99_/00_FSD_F16_L64_T2p43_G001_R100_X0_O0_S99,flat_g001_r100_x0_o0_S99__076M,FSD_F16_L64_T2p43_G001_R100_X0_O0_S99__00_FSD_F16_L64_T2p43_G001_R100_X0_O0_S99__flat_g001_r100_x0_o0_S99__076M,10001,314,0.8698060941828255,0.11506588669322268,0.12202920390767417,0.12388513929575429,0,0.014686031396860314,0,0.5833154039605174,0.008140507535677721,0.9999582607025259,4,-0.09459512680768967,0.7090492248535156,0.014692280771922809,16,0.11506588669322268,0.5833154039605175,4,0.29656953111478324,4.955551092204151,0.6301731730877147,4,0.29656953111478324,4.592326123642505
flat_t243_g001_r100_x0_o0,fixed_flat,simultaneous,encourage,none,99,100000000,100040704,/work/classic/fr_xl1014-train/IntrMotiv/SF_hipposlam/train_dir/intrmotiv_dg_structural_diversity_20260826/FSD_F16_L64_T2p43_G001_R100_X0_O0_S99_/00_FSD_F16_L64_T2p43_G001_R100_X0_O0_S99/checkpoint_p0/checkpoint_000006106_100040704.pth,/work/classic/fr_xl1014-train/IntrMotiv/SF_hipposlam/train_dir/intrmotiv_dg_structural_diversity_20260826/FSD_F16_L64_T2p43_G001_R100_X0_O0_S99_/00_FSD_F16_L64_T2p43_G001_R100_X0_O0_S99,flat_g001_r100_x0_o0_S99__100M,FSD_F16_L64_T2p43_G001_R100_X0_O0_S99__00_FSD_F16_L64_T2p43_G001_R100_X0_O0_S99__flat_g001_r100_x0_o0_S99__100M,10001,312,0.8642659279778393,0.07731257204436963,0.0439955850709583,0.2736607532251314,0,0.012355014498550145,0,0.5728956076041779,0.0,0.9999511817782921,4,-0.195590078830719,0.5895836353302002,0.012373762623737627,16,0.07731257204436963,0.5728956076041779,4,0.29656953111478324,6.679798757912522,0.6117793969699206,4,0.29656953111478324,6.681885635792469
flat_t243_g001_r100_x0_o0,fixed_flat,simultaneous,encourage,none,123,100000000,100040704,/work/classic/fr_xl1014-train/IntrMotiv/SF_hipposlam/train_dir/intrmotiv_dg_structural_diversity_20260826/FSD_F16_L64_T2p43_G001_R100_X0_O0_S123_/00_FSD_F16_L64_T2p43_G001_R100_X0_O0_S123/checkpoint_p0/checkpoint_000006106_100040704.pth,/work/classic/fr_xl1014-train/IntrMotiv/SF_hipposlam/train_dir/intrmotiv_dg_structural_diversity_20260826/FSD_F16_L64_T2p43_G001_R100_X0_O0_S123_/00_FSD_F16_L64_T2p43_G001_R100_X0_O0_S123,flat_g001_r100_x0_o0_S123__100M,FSD_F16_L64_T2p43_G001_R100_X0_O0_S123__00_FSD_F16_L64_T2p43_G001_R100_X0_O0_S123__flat_g001_r100_x0_o0_S123__100M,10001,293,0.8116343490304709,0.11784619120160127,0.09229479713059247,0.5001016219193188,1,0.018910608939106087,2,0.3480909852192564,0.0,1.0,5,-0.04352202266454697,0.7426662445068359,0.018973102689731028,14,0.13468136137325862,0.45902107941000847,4,0.4180521152260062,7.9521270644977875,0.2007694319691856,8,0.6326597655573916,9.062502493347015
global_t243_ctrl_x0_o1_short,global_hrl,simultaneous,encourage,10000,8,100000000,100040704,/work/classic/fr_xl1014-train/IntrMotiv/SF_hipposlam/train_dir/intrmotiv_dg_structural_diversity_20260826/GSD_F16_L64_T2p43_CTRL_X0_O1_S8_/00_GSD_F16_L64_T2p43_CTRL_X0_O1_S8/checkpoint_p0/checkpoint_000006106_100040704.pth,/work/classic/fr_xl1014-train/IntrMotiv/SF_hipposlam/train_dir/intrmotiv_dg_structural_diversity_20260826/GSD_F16_L64_T2p43_CTRL_X0_O1_S8_/00_GSD_F16_L64_T2p43_CTRL_X0_O1_S8,global_ctrl_x0_o1_short_S8__100M,GSD_F16_L64_T2p43_CTRL_X0_O1_S8__00_GSD_F16_L64_T2p43_CTRL_X0_O1_S8__global_ctrl_x0_o1_short_S8__100M,10001,242,0.6703601108033241,0.14006253219423248,0.1582547582635246,0.20066496149147253,0,0.03080941905809419,0,0.15168918981858057,0.0,0.9999991410841002,12,0.002230537123978138,1.014715552330017,0.03080941905809419,16,0.14006253219423248,0.15168918981858054,12,0.8185993675869249,10.97613109613746,0.06578867804550342,13,0.875,10.68848243221665
global_t243_ctrl_x0_o1_short,global_hrl,simultaneous,encourage,10000,99,5000000,6324224,/work/classic/fr_xl1014-train/IntrMotiv/SF_hipposlam/train_dir/intrmotiv_dg_structural_diversity_20260826/GSD_F16_L64_T2p43_CTRL_X0_O1_S99_/00_GSD_F16_L64_T2p43_CTRL_X0_O1_S99/checkpoint_p0/milestones/checkpoint_000000386_6324224.pth,/work/classic/fr_xl1014-train/IntrMotiv/SF_hipposlam/train_dir/intrmotiv_dg_structural_diversity_20260826/GSD_F16_L64_T2p43_CTRL_X0_O1_S99_/00_GSD_F16_L64_T2p43_CTRL_X0_O1_S99,global_ctrl_x0_o1_short_S99__006M,GSD_F16_L64_T2p43_CTRL_X0_O1_S99__00_GSD_F16_L64_T2p43_CTRL_X0_O1_S99__global_ctrl_x0_o1_short_S99__006M,10001,310,0.8587257617728532,0.12836472466867033,0.11492280467434698,0.2426889287240378,0,0.030753174682531748,2,0.09808732995974047,0.0,0.997533479420308,12,-0.016365882009267807,1.024078607559204,0.030753174682531748,14,0.14670254247848039,0.1293459296172402,11,0.8732737098805868,7.624383153557527,-0.01808031471222702,13,0.8944548827786959,9.71954767412526
global_t243_ctrl_x0_o1_short,global_hrl,simultaneous,encourage,10000,99,25000000,23625728,/work/classic/fr_xl1014-train/IntrMotiv/SF_hipposlam/train_dir/intrmotiv_dg_structural_diversity_20260826/GSD_F16_L64_T2p43_CTRL_X0_O1_S99_/00_GSD_F16_L64_T2p43_CTRL_X0_O1_S99/checkpoint_p0/milestones/checkpoint_000001442_23625728.pth,/work/classic/fr_xl1014-train/IntrMotiv/SF_hipposlam/train_dir/intrmotiv_dg_structural_diversity_20260826/GSD_F16_L64_T2p43_CTRL_X0_O1_S99_/00_GSD_F16_L64_T2p43_CTRL_X0_O1_S99,global_ctrl_x0_o1_short_S99__023M,GSD_F16_L64_T2p43_CTRL_X0_O1_S99__00_GSD_F16_L64_T2p43_CTRL_X0_O1_S99__global_ctrl_x0_o1_short_S99__023M,10001,217,0.6011080332409973,0.20860651400211944,0.14932258613260713,0.5375231861248518,1,0.03144685531446856,1,0.08674523130823347,0.0,0.999951883093415,10,-0.00452394038438797,1.0640432834625244,0.03144685531446856,15,0.22251361493559405,0.09913740720940971,10,0.8035987149258061,8.499024516355423,0.03579304020955423,12,0.8514097655573916,9.001991864300475
global_t243_ctrl_x0_o1_short,global_hrl,simultaneous,encourage,10000,99,50000000,50724864,/work/classic/fr_xl1014-train/IntrMotiv/SF_hipposlam/train_dir/intrmotiv_dg_structural_diversity_20260826/GSD_F16_L64_T2p43_CTRL_X0_O1_S99_/00_GSD_F16_L64_T2p43_CTRL_X0_O1_S99/checkpoint_p0/milestones/checkpoint_000003096_50724864.pth,/work/classic/fr_xl1014-train/IntrMotiv/SF_hipposlam/train_dir/intrmotiv_dg_structural_diversity_20260826/GSD_F16_L64_T2p43_CTRL_X0_O1_S99_/00_GSD_F16_L64_T2p43_CTRL_X0_O1_S99,global_ctrl_x0_o1_short_S99__050M,GSD_F16_L64_T2p43_CTRL_X0_O1_S99__00_GSD_F16_L64_T2p43_CTRL_X0_O1_S99__global_ctrl_x0_o1_short_S99__050M,10001,311,0.8614958448753463,0.14029796862103222,0.14201469641318848,0.2231404771916532,0,0.03082191780821918,1,0.19568854215072626,0.0,0.999984644142895,12,0.03316623717546463,0.9407447576522827,0.03082191780821918,15,0.14965116652910102,0.22364404817225858,11,0.8377264515671149,8.860003318916414,0.04208592395776245,11,0.8201597655573917,9.183997799615918
global_t243_ctrl_x0_o1_short,global_hrl,simultaneous,encourage,10000,99,75000000,74285056,/work/classic/fr_xl1014-train/IntrMotiv/SF_hipposlam/train_dir/intrmotiv_dg_structural_diversity_20260826/GSD_F16_L64_T2p43_CTRL_X0_O1_S99_/00_GSD_F16_L64_T2p43_CTRL_X0_O1_S99/checkpoint_p0/milestones/checkpoint_000004534_74285056.pth,/work/classic/fr_xl1014-train/IntrMotiv/SF_hipposlam/train_dir/intrmotiv_dg_structural_diversity_20260826/GSD_F16_L64_T2p43_CTRL_X0_O1_S99_/00_GSD_F16_L64_T2p43_CTRL_X0_O1_S99,global_ctrl_x0_o1_short_S99__074M,GSD_F16_L64_T2p43_CTRL_X0_O1_S99__00_GSD_F16_L64_T2p43_CTRL_X0_O1_S99__global_ctrl_x0_o1_short_S99__074M,10001,287,0.7950138504155124,0.12800752131486737,0.07269280343519595,0.4183729212662825,0,0.030234476552344763,0,0.18133378890510907,1.99738060180777e-05,0.9998578516947316,11,-0.01778157614171505,0.9543735384941101,0.030234476552344763,16,0.12800752131486737,0.18133378890510912,11,0.8007048827786958,7.718840245204443,0.04267993774622226,12,0.8514097655573916,8.798267499841863
global_t243_ctrl_x0_o1_short,global_hrl,simultaneous,encourage,10000,99,100000000,100040704,/work/classic/fr_xl1014-train/IntrMotiv/SF_hipposlam/train_dir/intrmotiv_dg_structural_diversity_20260826/GSD_F16_L64_T2p43_CTRL_X0_O1_S99_/00_GSD_F16_L64_T2p43_CTRL_X0_O1_S99/checkpoint_p0/checkpoint_000006106_100040704.pth,/work/classic/fr_xl1014-train/IntrMotiv/SF_hipposlam/train_dir/intrmotiv_dg_structural_diversity_20260826/GSD_F16_L64_T2p43_CTRL_X0_O1_S99_/00_GSD_F16_L64_T2p43_CTRL_X0_O1_S99,global_ctrl_x0_o1_short_S99__100M,GSD_F16_L64_T2p43_CTRL_X0_O1_S99__00_GSD_F16_L64_T2p43_CTRL_X0_O1_S99__global_ctrl_x0_o1_short_S99__100M,10001,266,0.7368421052631579,0.14084377687338756,0.08466239928958152,0.47372988276181743,0,0.031596840315968405,0,0.1845708011277236,0.000842005039492917,0.9998840556606887,12,-0.032454848289489746,0.9683058261871338,0.031596840315968405,16,0.14084377687338756,0.1845708011277236,12,0.8514097655573916,13.107476323421247,0.10812625623579933,11,0.8201597655573916,11.269216883373439
global_t243_ctrl_x0_o1_short,global_hrl,simultaneous,encourage,10000,123,100000000,100040704,/work/classic/fr_xl1014-train/IntrMotiv/SF_hipposlam/train_dir/intrmotiv_dg_structural_diversity_20260826/GSD_F16_L64_T2p43_CTRL_X0_O1_S123_/00_GSD_F16_L64_T2p43_CTRL_X0_O1_S123/checkpoint_p0/checkpoint_000006106_100040704.pth,/work/classic/fr_xl1014-train/IntrMotiv/SF_hipposlam/train_dir/intrmotiv_dg_structural_diversity_20260826/GSD_F16_L64_T2p43_CTRL_X0_O1_S123_/00_GSD_F16_L64_T2p43_CTRL_X0_O1_S123,global_ctrl_x0_o1_short_S123__100M,GSD_F16_L64_T2p43_CTRL_X0_O1_S123__00_GSD_F16_L64_T2p43_CTRL_X0_O1_S123__global_ctrl_x0_o1_short_S123__100M,10001,308,0.853185595567867,0.2102071778158902,0.1934227887641259,0.4427820255885676,0,0.04312068793120688,1,0.12788036541051848,0.0,0.999999999129438,9,-0.05206114426255226,0.9963602423667908,0.04312068793120688,15,0.2242209896702829,0.14614898904059256,8,0.6928503702282215,13.692137714152842,0.20907368486475686,10,0.7694548827786959,13.293317003823628
global_t243_g001_r100_x1_o0,global_hrl,simultaneous,encourage,10000,8,100000000,100040704,/work/classic/fr_xl1014-train/IntrMotiv/SF_hipposlam/train_dir/intrmotiv_dg_structural_diversity_20260826/GSD_F16_L64_T2p43_G001_R100_X1_O0_S8_/00_GSD_F16_L64_T2p43_G001_R100_X1_O0_S8/checkpoint_p0/checkpoint_000006106_100040704.pth,/work/classic/fr_xl1014-train/IntrMotiv/SF_hipposlam/train_dir/intrmotiv_dg_structural_diversity_20260826/GSD_F16_L64_T2p43_G001_R100_X1_O0_S8_/00_GSD_F16_L64_T2p43_G001_R100_X1_O0_S8,global_g001_r100_x1_o0_S8__100M,GSD_F16_L64_T2p43_G001_R100_X1_O0_S8__00_GSD_F16_L64_T2p43_G001_R100_X1_O0_S8__global_g001_r100_x1_o0_S8__100M,10001,313,0.8670360110803325,0.03969710868456293,0.03058678418882086,0.1803971554896291,0,0.010773922607739225,0,0.8737124055521949,0.0,0.999927083933115,2,-0.3349519371986389,0.4677478075027466,0.010773922607739225,16,0.03969710868456293,0.8737124055521951,2,0.08432251665425347,1.1180339887498951,0.8218922956221114,3,0.16714111079989913,2.3525643316292473
global_t243_g001_r100_x1_o0,global_hrl,simultaneous,encourage,10000,99,5000000,6324224,/work/classic/fr_xl1014-train/IntrMotiv/SF_hipposlam/train_dir/intrmotiv_dg_structural_diversity_20260826/GSD_F16_L64_T2p43_G001_R100_X1_O0_S99_/00_GSD_F16_L64_T2p43_G001_R100_X1_O0_S99/checkpoint_p0/milestones/checkpoint_000000386_6324224.pth,/work/classic/fr_xl1014-train/IntrMotiv/SF_hipposlam/train_dir/intrmotiv_dg_structural_diversity_20260826/GSD_F16_L64_T2p43_G001_R100_X1_O0_S99_/00_GSD_F16_L64_T2p43_G001_R100_X1_O0_S99,global_g001_r100_x1_o0_S99__006M,GSD_F16_L64_T2p43_G001_R100_X1_O0_S99__00_GSD_F16_L64_T2p43_G001_R100_X1_O0_S99__global_g001_r100_x1_o0_S99__006M,10001,272,0.7534626038781164,0.08847705010279222,0.09873818536698042,0.20644453848359773,0,0.023535146485351467,3,0.32708320729541807,0.0,0.9973506862952686,5,-0.07427899539470673,0.818641185760498,0.023535146485351467,13,0.10889483089574427,0.5032049343006432,4,0.30945252499798226,6.582988221934047,0.40382736314185846,7,0.5874004381786454,10.20578969140405
global_t243_g001_r100_x1_o0,global_hrl,simultaneous,encourage,10000,99,25000000,23625728,/work/classic/fr_xl1014-train/IntrMotiv/SF_hipposlam/train_dir/intrmotiv_dg_structural_diversity_20260826/GSD_F16_L64_T2p43_G001_R100_X1_O0_S99_/00_GSD_F16_L64_T2p43_G001_R100_X1_O0_S99/checkpoint_p0/milestones/checkpoint_000001442_23625728.pth,/work/classic/fr_xl1014-train/IntrMotiv/SF_hipposlam/train_dir/intrmotiv_dg_structural_diversity_20260826/GSD_F16_L64_T2p43_G001_R100_X1_O0_S99_/00_GSD_F16_L64_T2p43_G001_R100_X1_O0_S99,global_g001_r100_x1_o0_S99__023M,GSD_F16_L64_T2p43_G001_R100_X1_O0_S99__00_GSD_F16_L64_T2p43_G001_R100_X1_O0_S99__global_g001_r100_x1_o0_S99__023M,10001,307,0.850415512465374,0.9639291738166517,0.28275281549583975,2.1889409603534125,7,0.07504874512548745,3,0.29768636869479864,0.0,0.9999075532677572,6,0.5755342245101929,1.983136534690857,0.07504874512548745,13,1.1863743677743404,0.45797902876122865,5,0.4926513143223633,8.704583943059484,0.265139973742078,5,0.49365043817864535,7.382458525375053
global_t243_g001_r100_x1_o0,global_hrl,simultaneous,encourage,10000,99,50000000,51347456,/work/classic/fr_xl1014-train/IntrMotiv/SF_hipposlam/train_dir/intrmotiv_dg_structural_diversity_20260826/GSD_F16_L64_T2p43_G001_R100_X1_O0_S99_/00_GSD_F16_L64_T2p43_G001_R100_X1_O0_S99/checkpoint_p0/milestones/checkpoint_000003134_51347456.pth,/work/classic/fr_xl1014-train/IntrMotiv/SF_hipposlam/train_dir/intrmotiv_dg_structural_diversity_20260826/GSD_F16_L64_T2p43_G001_R100_X1_O0_S99_/00_GSD_F16_L64_T2p43_G001_R100_X1_O0_S99,global_g001_r100_x1_o0_S99__051M,GSD_F16_L64_T2p43_G001_R100_X1_O0_S99__00_GSD_F16_L64_T2p43_G001_R100_X1_O0_S99__global_g001_r100_x1_o0_S99__051M,10001,298,0.8254847645429363,0.07428705860708666,0.013340634936183742,0.22303849101654027,0,0.011142635736426357,3,0.30512939279986157,0.0,0.99763729827124,6,-0.06630989909172058,0.6602838039398193,0.011142635736426357,13,0.09143022597795282,0.46942983507671004,5,0.4926513143223633,5.501339202001247,0.28957370389486775,6,0.5583646483360875,6.051238236669053
global_t243_g001_r100_x1_o0,global_hrl,simultaneous,encourage,10000,99,75000000,75464704,/work/classic/fr_xl1014-train/IntrMotiv/SF_hipposlam/train_dir/intrmotiv_dg_structural_diversity_20260826/GSD_F16_L64_T2p43_G001_R100_X1_O0_S99_/00_GSD_F16_L64_T2p43_G001_R100_X1_O0_S99/checkpoint_p0/milestones/checkpoint_000004606_75464704.pth,/work/classic/fr_xl1014-train/IntrMotiv/SF_hipposlam/train_dir/intrmotiv_dg_structural_diversity_20260826/GSD_F16_L64_T2p43_G001_R100_X1_O0_S99_/00_GSD_F16_L64_T2p43_G001_R100_X1_O0_S99,global_g001_r100_x1_o0_S99__075M,GSD_F16_L64_T2p43_G001_R100_X1_O0_S99__00_GSD_F16_L64_T2p43_G001_R100_X1_O0_S99__global_g001_r100_x1_o0_S99__075M,10001,303,0.8393351800554016,0.10821579046053581,0.004362264394167745,0.8857618022432525,1,0.01624212578742126,1,0.46013302346595275,0.0,1.0,6,-0.11579438298940659,0.7128420472145081,0.01624212578742126,15,0.1154301764912382,0.5258663125325175,5,0.35065585834791463,8.73516672402608,0.3411419403289102,5,0.3741601905467145,8.578174739568412
global_t243_g001_r100_x1_o0,global_hrl,simultaneous,encourage,10000,99,100000000,100040704,/work/classic/fr_xl1014-train/IntrMotiv/SF_hipposlam/train_dir/intrmotiv_dg_structural_diversity_20260826/GSD_F16_L64_T2p43_G001_R100_X1_O0_S99_/00_GSD_F16_L64_T2p43_G001_R100_X1_O0_S99/checkpoint_p0/checkpoint_000006106_100040704.pth,/work/classic/fr_xl1014-train/IntrMotiv/SF_hipposlam/train_dir/intrmotiv_dg_structural_diversity_20260826/GSD_F16_L64_T2p43_G001_R100_X1_O0_S99_/00_GSD_F16_L64_T2p43_G001_R100_X1_O0_S99,global_g001_r100_x1_o0_S99__100M,GSD_F16_L64_T2p43_G001_R100_X1_O0_S99__00_GSD_F16_L64_T2p43_G001_R100_X1_O0_S99__global_g001_r100_x1_o0_S99__100M,10001,278,0.7700831024930748,0.18600220716652904,0.2194494953771165,0.24714243445565195,0,0.022241525847415258,0,0.4635428973500693,0.00022227700601668043,0.999998719845432,7,-0.048875439912080765,0.8552751541137695,0.022241525847415258,16,0.18600220716652904,0.4635428973500693,7,0.4809487351738497,6.4264603931389415,0.3134727326669627,6,0.4496987351738497,6.035874560298258
global_t243_g001_r100_x1_o0,global_hrl,simultaneous,encourage,10000,123,100000000,100040704,/work/classic/fr_xl1014-train/IntrMotiv/SF_hipposlam/train_dir/intrmotiv_dg_structural_diversity_20260826/GSD_F16_L64_T2p43_G001_R100_X1_O0_S123_/00_GSD_F16_L64_T2p43_G001_R100_X1_O0_S123/checkpoint_p0/checkpoint_000006106_100040704.pth,/work/classic/fr_xl1014-train/IntrMotiv/SF_hipposlam/train_dir/intrmotiv_dg_structural_diversity_20260826/GSD_F16_L64_T2p43_G001_R100_X1_O0_S123_/00_GSD_F16_L64_T2p43_G001_R100_X1_O0_S123,global_g001_r100_x1_o0_S123__100M,GSD_F16_L64_T2p43_G001_R100_X1_O0_S123__00_GSD_F16_L64_T2p43_G001_R100_X1_O0_S123__global_g001_r100_x1_o0_S123__100M,10001,314,0.8698060941828255,0.11845398290865242,0.09902801305821984,0.3252777618440803,0,0.01864188581141886,0,0.8677388423914745,0.0002515676833002549,0.9999844865198241,2,-0.24163398146629333,0.6581722497940063,0.01864188581141886,16,0.11845398290865242,0.8677388423914745,2,0.08432251665425347,2.253469547164993,0.8112985241960343,2,0.08432251665425347,2.253469547164993
global_t243_manager_x1_o1_p010,global_hrl,simultaneous,encourage,10000,8,100000000,100040704,/work/classic/fr_xl1014-train/IntrMotiv/SF_hipposlam/train_dir/intrmotiv_hrl_manager_exploration_20260826/ME_GSD_CTRL_X1_O1_P010_S8_/00_ME_GSD_CTRL_X1_O1_P010_S8/checkpoint_p0/checkpoint_000006106_100040704.pth,/work/classic/fr_xl1014-train/IntrMotiv/SF_hipposlam/train_dir/intrmotiv_hrl_manager_exploration_20260826/ME_GSD_CTRL_X1_O1_P010_S8_/00_ME_GSD_CTRL_X1_O1_P010_S8,manager_ctrl_x1_o1_p010_S8__100M,ME_GSD_CTRL_X1_O1_P010_S8__00_ME_GSD_CTRL_X1_O1_P010_S8__manager_ctrl_x1_o1_p010_S8__100M,10001,285,0.7894736842105263,0.15810881275647842,0.19383847155662315,0.2883542862336106,0,0.025966153384661537,1,0.16665288736652234,0.0,0.9999621448297324,10,-0.021684587001800537,0.9624181985855103,0.025966153384661537,15,0.16864940027357692,0.19046044270459692,9,0.7336391504114536,11.995816251623832,0.2116116809725546,9,0.7130542503656206,12.363119290611353
global_t243_manager_x1_o1_p010,global_hrl,simultaneous,encourage,10000,99,5000000,4030464,/work/classic/fr_xl1014-train/IntrMotiv/SF_hipposlam/train_dir/intrmotiv_hrl_manager_exploration_20260826/ME_GSD_CTRL_X1_O1_P010_S99_/00_ME_GSD_CTRL_X1_O1_P010_S99/checkpoint_p0/milestones/checkpoint_000000246_4030464.pth,/work/classic/fr_xl1014-train/IntrMotiv/SF_hipposlam/train_dir/intrmotiv_hrl_manager_exploration_20260826/ME_GSD_CTRL_X1_O1_P010_S99_/00_ME_GSD_CTRL_X1_O1_P010_S99,manager_ctrl_x1_o1_p010_S99__004M,ME_GSD_CTRL_X1_O1_P010_S99__00_ME_GSD_CTRL_X1_O1_P010_S99__manager_ctrl_x1_o1_p010_S99__004M,10001,318,0.8808864265927978,0.10055641862783418,0.07416769773953523,0.2600738727989991,0,0.029997000299970003,1,0.12869081933795778,0.0,0.9923027167635197,14,-0.020973581820726395,0.994539201259613,0.029997000299970003,15,0.10726017986968979,0.14707522210052312,13,0.9317445267173826,11.205457875012785,0.023313375225664713,14,0.9375,9.796621556707485
global_t243_manager_x1_o1_p010,global_hrl,simultaneous,encourage,10000,99,25000000,25493504,/work/classic/fr_xl1014-train/IntrMotiv/SF_hipposlam/train_dir/intrmotiv_hrl_manager_exploration_20260826/ME_GSD_CTRL_X1_O1_P010_S99_/00_ME_GSD_CTRL_X1_O1_P010_S99/checkpoint_p0/milestones/checkpoint_000001556_25493504.pth,/work/classic/fr_xl1014-train/IntrMotiv/SF_hipposlam/train_dir/intrmotiv_hrl_manager_exploration_20260826/ME_GSD_CTRL_X1_O1_P010_S99_/00_ME_GSD_CTRL_X1_O1_P010_S99,manager_ctrl_x1_o1_p010_S99__025M,ME_GSD_CTRL_X1_O1_P010_S99__00_ME_GSD_CTRL_X1_O1_P010_S99__manager_ctrl_x1_o1_p010_S99__025M,10001,311,0.8614958448753463,0.156828968542218,0.1461856806559651,0.27265830511829203,0,0.02481001899810019,1,0.13655767040016423,0.0,0.9998571122378035,12,-0.018251996487379074,1.0080955028533936,0.02481001899810019,15,0.1672842331116992,0.15606590902875914,11,0.8293613167934564,11.680089369111421,0.09345065455156806,13,0.9062499999999999,10.441058596495301
global_t243_manager_x1_o1_p010,global_hrl,simultaneous,encourage,10000,99,50000000,51412992,/work/classic/fr_xl1014-train/IntrMotiv/SF_hipposlam/train_dir/intrmotiv_hrl_manager_exploration_20260826/ME_GSD_CTRL_X1_O1_P010_S99_/00_ME_GSD_CTRL_X1_O1_P010_S99/checkpoint_p0/milestones/checkpoint_000003138_51412992.pth,/work/classic/fr_xl1014-train/IntrMotiv/SF_hipposlam/train_dir/intrmotiv_hrl_manager_exploration_20260826/ME_GSD_CTRL_X1_O1_P010_S99_/00_ME_GSD_CTRL_X1_O1_P010_S99,manager_ctrl_x1_o1_p010_S99__051M,ME_GSD_CTRL_X1_O1_P010_S99__00_ME_GSD_CTRL_X1_O1_P010_S99__manager_ctrl_x1_o1_p010_S99__051M,10001,315,0.8725761772853186,0.1152682580048499,0.1149895810427258,0.2476303899595856,0,0.026966053394660534,1,0.16225787580363538,0.0,0.9984988120635236,13,0.034795474261045456,0.9412497282028198,0.026966053394660534,15,0.12295280853850656,0.18543757234701191,12,0.8634890534347651,12.434832146103881,0.10414951175549376,13,0.875,11.298242687552488
global_t243_manager_x1_o1_p010,global_hrl,simultaneous,encourage,10000,99,75000000,72941568,/work/classic/fr_xl1014-train/IntrMotiv/SF_hipposlam/train_dir/intrmotiv_hrl_manager_exploration_20260826/ME_GSD_CTRL_X1_O1_P010_S99_/00_ME_GSD_CTRL_X1_O1_P010_S99/checkpoint_p0/milestones/checkpoint_000004452_72941568.pth,/work/classic/fr_xl1014-train/IntrMotiv/SF_hipposlam/train_dir/intrmotiv_hrl_manager_exploration_20260826/ME_GSD_CTRL_X1_O1_P010_S99_/00_ME_GSD_CTRL_X1_O1_P010_S99,manager_ctrl_x1_o1_p010_S99__072M,ME_GSD_CTRL_X1_O1_P010_S99__00_ME_GSD_CTRL_X1_O1_P010_S99__manager_ctrl_x1_o1_p010_S99__072M,10001,317,0.8781163434903048,0.15231390994022317,0.12941708469895408,0.2892279138674842,0,0.024528797120287972,1,0.15017232924682222,0.0,0.9990395042737659,12,0.005714179947972298,1.0179104804992676,0.024528797120287972,15,0.16246817060290475,0.17162551913922544,11,0.8293613167934564,12.594842236580677,0.11396517303552182,11,0.8125,11.964994461158854
global_t243_manager_x1_o1_p010,global_hrl,simultaneous,encourage,10000,99,100000000,100040704,/work/classic/fr_xl1014-train/IntrMotiv/SF_hipposlam/train_dir/intrmotiv_hrl_manager_exploration_20260826/ME_GSD_CTRL_X1_O1_P010_S99_/00_ME_GSD_CTRL_X1_O1_P010_S99/checkpoint_p0/checkpoint_000006106_100040704.pth,/work/classic/fr_xl1014-train/IntrMotiv/SF_hipposlam/train_dir/intrmotiv_hrl_manager_exploration_20260826/ME_GSD_CTRL_X1_O1_P010_S99_/00_ME_GSD_CTRL_X1_O1_P010_S99,manager_ctrl_x1_o1_p010_S99__100M,ME_GSD_CTRL_X1_O1_P010_S99__00_ME_GSD_CTRL_X1_O1_P010_S99__manager_ctrl_x1_o1_p010_S99__100M,10001,310,0.8587257617728532,0.12918841059359215,0.1209544829795865,0.21036266599642003,0,0.02169158084191581,1,0.1563178413445301,0.0,0.9997774095891264,12,0.015106284990906715,0.9448354244232178,0.02169158084191581,15,0.13780097129983163,0.17864896153660587,12,0.8634890534347651,12.7809688784049,0.09316101599455855,11,0.7873493675869248,11.714851997877899
global_t243_manager_x1_o1_p010,global_hrl,simultaneous,encourage,10000,123,100000000,100040704,/work/classic/fr_xl1014-train/IntrMotiv/SF_hipposlam/train_dir/intrmotiv_hrl_manager_exploration_20260826/ME_GSD_CTRL_X1_O1_P010_S123_/00_ME_GSD_CTRL_X1_O1_P010_S123/checkpoint_p0/checkpoint_000006106_100040704.pth,/work/classic/fr_xl1014-train/IntrMotiv/SF_hipposlam/train_dir/intrmotiv_hrl_manager_exploration_20260826/ME_GSD_CTRL_X1_O1_P010_S123_/00_ME_GSD_CTRL_X1_O1_P010_S123,manager_ctrl_x1_o1_p010_S123__100M,ME_GSD_CTRL_X1_O1_P010_S123__00_ME_GSD_CTRL_X1_O1_P010_S123__manager_ctrl_x1_o1_p010_S123__100M,10001,291,0.8060941828254847,0.2708261774323313,0.35184777582063964,0.4007468148828185,0,0.03044695530446955,0,0.3189920396578175,0.0,0.999995400752675,8,0.05223385989665985,1.0891975164413452,0.03044695530446955,16,0.2708261774323313,0.3189920396578175,8,0.5542292966721748,6.760168915324052,0.310036988969587,8,0.5542292966721748,6.689848078757456
