run_name,worker_outcome,ppo_dg_gradient,goal_conditioning,seed,window_low,window_high,samples,run_state,max_env_steps,coverage_auc,dg_density,silent_fraction,usage_entropy,option_success,action_tv,action_sensitivity,target_num,target_count,shuffle_num,shuffle_count,correct,wrong,timeout,command_entropy,pair_coverage,candidate_pairs,candidate_sources,candidate_count,behavior_candidate_count,commanded_num,commanded_count,first_shuffle_num,first_shuffle_count,largest_scc,reachable_pairs,top3_incoming,ppo_dg_norm,encoder_dg_norm,gradient_ratio,gradient_cosine,row_conflict,target_rate,shuffle_rate,target_advantage,first_commanded_rate,first_shuffle_rate,first_advantage
DGP_C15_FIRST_JOINT_FILM_S8,FIRST,JOINT,FILM,8,1000000,5000000,122,running,29687808.0,78.90526066393443,0.029372418565573766,0.013831967213114754,0.9761542166393443,0.06641357613114754,0.0006344860429508196,0.0014380450881967212,19.81967213114754,975.6311475409836,19.16393442622951,949.6967213114754,17.18032786885246,250.58196721311475,0.0,0.9746696755737705,1.0,240.0,1.0,15.0,15.0,17.18032786885246,267.76229508196724,17.37704918032787,267.76229508196724,1.0,6.830601639344261e-05,0.01639344262295082,0.210353178147541,0.15757361032786885,1.3098227159836067,-0.030487411770491805,0.5524590218032788,0.0203147185092458,0.020179004513951822,0.006725504977222574,0.06416261058560627,0.06489729696635749,-0.01132075471698124
DGP_C15_FIRST_JOINT_FILM_S99,FIRST,JOINT,FILM,99,1000000,5000000,122,running,31064064.0,79.64484726229509,0.02849241162295082,0.010245901639344262,0.9745933298360656,0.0663818220737705,0.0005335843355737705,0.0016857190312295084,21.24590163934426,1020.983606557377,20.172131147540984,995.983606557377,16.672131147540984,241.3360655737705,0.1721311475409836,0.9735131968852458,0.999587293442623,239.95081967213116,1.0,14.996926229508198,14.994975278688525,16.672131147540984,258.0081967213115,17.770491803278688,258.0081967213115,1.0,0.001331967319672131,0.30327868852459017,0.39722919606557383,0.18714816090163933,1.9747616194262294,-0.003512469602459014,0.4971653032786885,0.020809248554913295,0.020253477080075712,0.0274407931359264,0.06461861041395305,0.06887568700956254,-0.06180811808118081
DGP_C15_FIRST_JOINT_FILM_S123,FIRST,JOINT,FILM,123,1000000,5000000,122,running,30670848.0,88.5546206147541,0.026941768499999998,0.0005122950819672131,0.9681223444262295,0.06952243066393443,0.0009441291190983606,0.0019248151213114755,19.39344262295082,1001.4754098360655,18.21311475409836,975.844262295082,17.016393442622952,241.01639344262296,0.08196721311475409,0.9740758195901641,0.9993805106557377,239.88524590163934,1.0,14.992827868852459,14.993823975409835,17.016393442622952,258.0327868852459,17.491803278688526,258.0327868852459,1.0,0.0005464481229508197,0.09016393393442623,0.2734932072131147,0.18219120098360658,1.445027238114754,-0.010160862500950817,0.5055327872131148,0.019364871501064005,0.018663956389171208,0.03755447651492938,0.06594663278271919,0.06778907242693774,-0.027179006560449914
DGP_C15_FIRST_JOINT_LEG_S8,FIRST,JOINT,LEG,8,1000000,5000000,122,running,30769152.0,82.49949751639343,0.031070896688524592,0.0,0.9874986946721311,0.067107785647541,0.0008102257909016395,0.0019186101991803277,21.737704918032787,917.4672131147541,21.18032786885246,890.7950819672132,17.901639344262296,259.3196721311475,0.07377049180327869,0.9752203936065575,1.0,240.0,1.0,15.0,15.0,17.901639344262296,277.22131147540983,18.040983606557376,277.22131147540983,1.0,0.0017759564180327872,0.4016393442622951,0.2147684753032787,0.17690436221311479,1.1656675609836067,0.004260604151639345,0.4994877049180328,0.02369316811249788,0.023776880112627328,-0.0035207310518838852,0.06457526388929954,0.06507791017415215,-0.007723761926397121
DGP_C15_FIRST_JOINT_LEG_S99,FIRST,JOINT,LEG,99,1000000,5000000,122,running,30670848.0,77.83186529508198,0.030295200049180324,0.0010245901639344263,0.9847325238524591,0.06829192401639346,0.0004188557200819672,0.0009294379787704918,20.729508196721312,989.8196721311475,19.71311475409836,964.2459016393443,16.83606557377049,241.9016393442623,0.00819672131147541,0.9754318390983607,0.9977880582786885,239.7622950819672,1.0,14.98514344262295,14.991134766393442,16.83606557377049,258.73770491803276,17.327868852459016,258.73770491803276,1.0,0.0008196721967213115,0.1721311475409836,0.34016759237704924,0.1644344495081967,1.9030431538524593,0.016633093192377046,0.46826210016393444,0.020942711870021034,0.020444074193712917,0.024390328052197097,0.06507001203826902,0.06697079135779002,-0.02838221381267736
DGP_C15_FIRST_JOINT_LEG_S123,FIRST,JOINT,LEG,123,1000000,5000000,122,running,29818880.0,75.98783862295083,0.030116847245901638,0.0,0.9764176913934427,0.06716426986885246,0.00054685825,0.0016524200344262296,20.885245901639344,977.3524590163935,20.31967213114754,951.4672131147541,17.057377049180328,248.62295081967213,0.13114754098360656,0.9753455567213114,0.9998283752459017,239.95901639344262,1.0,14.997438524590164,14.994411499999998,17.057377049180328,265.6803278688525,17.80327868852459,265.6803278688525,1.0,0.006250000295081967,0.5886768581967213,0.28024848655737705,0.19114902319672133,1.4529700312295082,-0.006726938389344259,0.5189549180327869,0.021369205867306288,0.021356145383747277,0.0006115562206723268,0.06420263474531823,0.06701015024835714,-0.04189686924493563
DGP_C15_FIRST_STOP_FILM_S8,FIRST,STOP,FILM,8,1000000,5000000,122,running,30736384.0,75.45196126229507,0.033328447172131154,0.0,0.9878668306557377,0.06759900682786886,0.0008186118165573771,0.002131644136065574,21.188524590163933,892.8032786885246,21.33606557377049,865.9262295081967,18.385245901639344,274.0081967213115,0.06557377049180328,0.9715862136885245,0.9998292351639344,240.0,1.0,15.0,15.0,18.385245901639344,292.39344262295083,19.40983606557377,292.39344262295083,1.0,0.004747268114754098,0.5655737704918032,0.0,0.15701547381967212,0.0,0.0,0.0,0.023732579276913756,0.024639588046534083,-0.03681103628467164,0.06287844808252971,0.06638259699484189,-0.05278716216216228
DGP_C15_FIRST_STOP_FILM_S99,FIRST,STOP,FILM,99,1000000,5000000,122,running,30834688.0,86.91516163114753,0.03427249096721312,0.0,0.9892949496721312,0.06675864903278689,0.0007186910118032785,0.0018038121204098363,21.057377049180328,895.0245901639345,20.42622950819672,867.9918032786885,18.57377049180328,273.844262295082,0.0,0.9702515821311474,0.9993852462295082,240.0,1.0,15.0,14.99928287704918,18.57377049180328,292.41803278688525,19.83606557377049,292.41803278688525,1.0,0.000990437237704918,0.23770491803278687,0.0,0.13883852422131143,0.0,0.0,0.0,0.023527149176229247,0.02353274469993862,-0.0002377760767270365,0.06351786965662229,0.06783461807988787,-0.06363636363636349
DGP_C15_FIRST_STOP_FILM_S123,FIRST,STOP,FILM,123,1000000,5000000,122,running,29884416.0,79.72136610655738,0.0342139573852459,0.0,0.9934075623770491,0.06887431510655737,0.0009753823953278689,0.002337212186885246,21.778688524590162,874.7377049180328,21.139344262295083,847.4590163934427,19.0327868852459,269.6393442622951,0.12295081967213115,0.9704880368852459,0.9992450499180329,239.97540983606558,1.0,14.998463114754099,14.99855844262295,19.0327868852459,288.672131147541,19.172131147540984,288.672131147541,1.0,0.0029713117131147542,0.5081967213114754,0.0,0.1604582054918033,0.0,0.0,0.0,0.0248973931295564,0.02494438533707322,-0.0018838791528359433,0.06593219376455221,0.06641490147083877,-0.007268063274903813
DGP_C15_FIRST_STOP_LEG_S8,FIRST,STOP,LEG,8,1000000,5000000,122,running,30244864.0,83.51409302459015,0.033519807491803284,0.0,0.9859427093442624,0.07031493527868853,0.0006218283960655738,0.0017739644999999998,21.729508196721312,881.7622950819672,20.19672131147541,854.7622950819672,18.57377049180328,261.172131147541,0.06557377049180328,0.9720073201639343,0.9996584704098361,240.0,1.0,15.0,15.0,18.57377049180328,279.74590163934425,18.33606557377049,279.74590163934425,1.0,0.0030054645819672134,0.4426229508196721,0.0,0.14614976150819675,0.0,0.0,0.0,0.024643272135719266,0.023628465396380933,0.0429484827860962,0.06639514782150077,0.06554543057224062,0.012963790791238106
DGP_C15_FIRST_STOP_LEG_S99,FIRST,STOP,LEG,99,1000000,5000000,122,running,29753344.0,82.00921275409837,0.03445984890983606,0.0,0.9933516062295082,0.06851337323770493,0.00048342991131147546,0.0011473684154918032,20.639344262295083,917.860655737705,19.868852459016395,891.2622950819672,18.098360655737704,261.95081967213116,0.040983606557377046,0.9726150172131147,0.9996914798360655,239.86885245901638,1.0,14.991803278688524,14.98830862704918,18.098360655737704,280.04918032786884,18.688524590163933,280.04918032786884,1.0,0.0016734974016393443,0.3114754098360656,0.0,0.13533261063934426,0.0,0.0,0.0,0.02248635904946463,0.022292935052513473,0.008676470661917124,0.06462565123221917,0.06673300942457414,-0.03157894736842104
DGP_C15_FIRST_STOP_LEG_S123,FIRST,STOP,LEG,123,1000000,5000000,122,running,30867456.0,59.546280442622944,0.03281590195901639,0.0,0.9863545453278687,0.06497207128688524,0.00040735890000000006,0.002218928624590164,21.4672131147541,915.5901639344262,21.352459016393443,888.6639344262295,18.39344262295082,283.4918032786885,0.09016393442622951,0.9677642530327869,0.999453551885246,240.0,1.0,15.0,15.0,18.39344262295082,301.88524590163934,20.25409836065574,301.88524590163934,1.0,0.0150956288852459,0.819759837704918,0.0,0.15862107154918034,0.0,0.0,0.0,0.02344631251007144,0.024027597148048738,-0.024192374892738844,0.060928590822698886,0.06709204452891665,-0.09186564144071241
DGP_C15_HIT_JOINT_FILM_S8,HIT,JOINT,FILM,8,1000000,5000000,122,running,30081024.0,80.7745448442623,0.030504070426229508,0.0,0.9859820719672132,0.5480578432786886,0.0002701990683442623,0.0005780707199672131,20.75409836065574,953.2131147540983,20.368852459016395,927.344262295082,17.295081967213115,0.0,14.459016393442623,0.9734434473770491,0.9784494540983607,240.0,1.0,15.0,14.998633204918033,17.295081967213115,17.295081967213115,0.0,17.295081967213115,15.844262295081966,0.9902663934426229,0.3082034306557377,0.22501841778688525,0.18285087,1.2082359394262294,0.008158862242622949,0.4979508196721312,0.02177277886698999,0.021964715033234338,-0.008738386359847361,1.0,0.0,
DGP_C15_HIT_JOINT_FILM_S99,HIT,JOINT,FILM,99,1000000,5000000,122,running,29884416.0,69.6620506557377,0.0289504253852459,0.0015368852459016393,0.9788764637704918,0.47306189852459013,0.00012689087081967212,0.000373986636852459,16.84426229508197,1143.327868852459,16.491803278688526,1120.1967213114754,14.245901639344263,0.0,16.057377049180328,0.9675200909836066,0.9718579243442622,240.0,1.0,15.0,14.999165393442622,14.245901639344263,14.245901639344263,0.0,14.245901639344263,14.778688524590164,0.9240437152459016,0.4118396200819672,0.33303486786885245,0.15197029872131143,2.0198958602459016,-0.0016134294065573804,0.520672327704918,0.014732661342356939,0.0147222384827021,0.000707967043672264,1.0,0.0,
DGP_C15_HIT_JOINT_FILM_S123,HIT,JOINT,FILM,123,1000000,5000000,122,running,29786112.0,86.47320740983606,0.028942921057377047,0.0,0.9809328640983607,0.5287775622131147,0.0002900668479016394,0.000512542106352459,19.10655737704918,1039.4262295081967,18.639344262295083,1014.8524590163935,15.844262295081966,0.0,14.319672131147541,0.9690143341803278,0.9703001748360657,239.74590163934425,1.0,14.984118852459016,14.985653659836066,15.844262295081966,15.844262295081966,0.0,15.844262295081966,15.155737704918034,0.9478825126229508,0.3538803720491804,0.25954137795081966,0.17508994983606557,1.4318006716393439,-0.009773671824098362,0.5,0.01838183108587651,0.01836655574580816,0.0008316932297898205,1.0,0.0,
DGP_C15_HIT_JOINT_LEG_S8,HIT,JOINT,LEG,8,1000000,5000000,122,running,26345472.0,72.96544195081968,0.029223082418032786,0.0,0.9712965494262294,0.5196273794262295,0.00013186284646721314,0.0003488396408196721,19.475409836065573,1036.9426229508197,18.83606557377049,1012.0491803278688,15.885245901639344,0.0,14.959016393442623,0.9704123164754099,0.9728179940163935,239.9262295081967,1.0,14.995389344262295,14.9916243852459,15.885245901639344,15.885245901639344,0.0,15.885245901639344,15.262295081967213,0.954200818852459,0.3445855989344262,0.2320548126229508,0.1760344131967213,1.2878912059016394,-7.174790409836258e-05,0.5051229508196722,0.018781569399321775,0.018611808536486595,0.00912113739523912,1.0,0.0,
DGP_C15_HIT_JOINT_LEG_S99,HIT,JOINT,LEG,99,1000000,5000000,122,running,30670848.0,83.86552647540982,0.03085902487704918,0.011270491803278689,0.9776529210655739,0.5120478054098361,7.815491380327868e-05,0.0001691501743852459,19.68032786885246,1081.483606557377,19.07377049180328,1057.122950819672,15.672131147540984,0.0,15.147540983606557,0.9605073818852458,0.952920206147541,238.47540983606558,1.0,14.904713114754099,14.947374512295083,15.672131147540984,15.672131147540984,0.0,15.672131147540984,13.737704918032787,0.8630122935245901,0.3833539014754098,0.38796137688524596,0.14814326726229507,2.4368546918032785,0.00030087315655737704,0.49419399295081967,0.01819752768282793,0.018043095627631445,0.008559066491893308,1.0,0.0,
DGP_C15_HIT_JOINT_LEG_S123,HIT,JOINT,LEG,123,1000000,5000000,122,running,29655040.0,79.40405181967213,0.02908100066393443,0.007172131147540984,0.9665858909016394,0.5007561749180328,0.0001332139018852459,0.00034866253803278685,20.188524590163933,1059.9016393442623,19.704918032786885,1035.2704918032787,15.655737704918034,0.0,15.80327868852459,0.9640915974590165,0.9621584813114754,240.0,1.0,15.0,14.998587286885245,15.655737704918034,15.655737704918034,0.0,15.655737704918034,13.844262295081966,0.8672814167213113,0.3541603931967213,0.279794922704918,0.19822269295081968,1.4127035058196724,0.00023929320459016533,0.4899102287704918,0.019047545395489838,0.019033593818040744,0.000732997540163316,1.0,0.0,
DGP_C15_HIT_STOP_FILM_S8,HIT,STOP,FILM,8,1000000,5000000,122,running,25427968.0,80.76253371311475,0.033081054639344264,0.0,0.9869588655737705,0.5737881705737705,0.00024158476274590166,0.0006363461229836067,21.516393442622952,900.4918032786885,20.991803278688526,873.5327868852459,18.352459016393443,0.0,13.844262295081966,0.9653866812295082,0.9644342233606557,239.91803278688525,1.0,14.994877049180328,14.996796467213116,18.352459016393443,18.352459016393443,0.0,18.352459016393443,15.180327868852459,0.9481215829508196,0.31401342245901637,0.0,0.16009216048360658,0.0,0.0,0.0,0.02389404696886947,0.024030927738315302,-0.005696025177903907,1.0,0.0,
DGP_C15_HIT_STOP_FILM_S99,HIT,STOP,FILM,99,1000000,5000000,122,running,23330816.0,85.8816483032787,0.033033277147540986,0.0015368852459016393,0.9831665636065574,0.5622348186885248,0.00016916240986885247,0.00040401138180327874,21.065573770491802,951.5409836065573,20.5,925.3196721311475,17.74590163934426,0.0,14.221311475409836,0.9653139637704917,0.955737706967213,240.0,1.0,15.0,14.99913718852459,17.74590163934426,17.74590163934426,0.0,17.74590163934426,15.19672131147541,0.9510928940983607,0.30365637188524586,0.0,0.1471236883032787,0.0,0.0,0.0,0.022138377782371994,0.02215450575343922,-0.0007279770195153246,1.0,0.0,
DGP_C15_HIT_STOP_FILM_S123,HIT,STOP,FILM,123,1000000,5000000,122,running,24543232.0,67.19197931967213,0.03393579701639344,0.0,0.9940475749180328,0.5661367760655738,0.0002037923737622951,0.0007734008758196721,21.614754098360656,886.7540983606557,20.885245901639344,859.5081967213115,18.5,0.0,14.614754098360656,0.9598633078688525,0.9572062836885247,240.0,1.0,15.0,15.0,18.5,18.5,0.0,18.5,15.836065573770492,0.9897540983606558,0.27614016770491795,0.0,0.14969672848360654,0.0,0.0,0.0,0.02437513865266583,0.024299065420560748,0.0031307060904783857,1.0,0.0,
DGP_C15_HIT_STOP_LEG_S8,HIT,STOP,LEG,8,1000000,5000000,122,running,24248320.0,84.1304249262295,0.03214551575409837,0.0,0.985146587704918,0.5754302963934426,0.0001466569713770492,0.00034303778008196726,20.62295081967213,933.9344262295082,20.057377049180328,907.311475409836,18.0327868852459,0.0,13.581967213114755,0.9592231129508196,0.9620560114754098,240.0,1.0,15.0,14.99968518032787,18.0327868852459,18.0327868852459,0.0,18.0327868852459,15.549180327868852,0.9726775941803278,0.3196015716393443,0.0,0.15378115369672135,0.0,0.0,0.0,0.022081797437247676,0.022106385285296137,-0.001112250950625393,1.0,0.0,
DGP_C15_HIT_STOP_LEG_S99,HIT,STOP,LEG,99,1000000,5000000,122,running,23986176.0,86.94294070491804,0.03278963687704918,0.0,0.9839243520491803,0.5421000474590164,7.53943238852459e-05,0.0001593769875409836,20.983606557377048,995.655737704918,20.401639344262296,970.1311475409836,16.9672131147541,0.0,14.565573770491802,0.958591914180328,0.9523608799180328,239.79508196721312,1.0,14.98719262295082,14.983044778688525,16.9672131147541,16.9672131147541,0.0,16.9672131147541,14.844262295081966,0.9251024583606557,0.31674546901639344,0.0,0.14808921674590164,0.0,0.0,0.0,0.0210751625915864,0.021029774578390618,0.002158273880996431,1.0,0.0,
DGP_C15_HIT_STOP_LEG_S123,HIT,STOP,LEG,123,1000000,5000000,122,running,26148864.0,79.56375359016394,0.031375822500000004,0.0,0.9853880189344263,0.5416301649999999,9.991451100000001e-05,0.00026678517434426224,20.057377049180328,986.0081967213115,19.540983606557376,960.1967213114754,17.30327868852459,0.0,14.942622950819672,0.961132080409836,0.9633257252459017,239.95081967213116,1.0,14.996926229508198,14.990963983606557,17.30327868852459,17.30327868852459,0.0,17.30327868852459,14.844262295081966,0.927493168852459,0.32146737196721314,0.0,0.1588244853442623,0.0,0.0,0.0,0.02034199828751465,0.020351020965649117,-0.0004433526037683766,1.0,0.0,
DGP_C15_FIRST_JOINT_FILM_S8,FIRST,JOINT,FILM,8,5000000,10000000,153,running,29687808.0,71.98957576470589,0.036576414346405225,0.0,0.9852975528104574,0.06784407764705883,0.001735232576862745,0.007998437224836601,22.15686274509804,787.2222222222222,20.73856209150327,758.8888888888889,20.49019607843137,303.0522875816994,0.0915032679738562,0.9677753307189542,1.0,240.0,1.0,15.0,15.0,20.49019607843137,323.5424836601307,21.215686274509803,323.5424836601307,1.0,0.0048747279281045755,0.7385620911111112,0.25176550810457515,0.11507197169281046,2.2191306464052287,-0.0031046191060130706,0.5,0.028145626634563492,0.027327534234777365,0.029936561153220076,0.06333077451416104,0.06557310815724617,-0.03419593345656191
DGP_C15_FIRST_JOINT_FILM_S99,FIRST,JOINT,FILM,99,5000000,10000000,153,running,31064064.0,60.374543542483664,0.03521429328104576,0.0,0.9888045539215687,0.06484581607189543,0.0006418428766666667,0.007033620607843136,21.92156862745098,817.718954248366,22.431372549019606,789.8300653594771,19.73202614379085,318.11764705882354,0.16339869281045752,0.9641758284313725,1.0,240.0,1.0,15.0,15.0,19.73202614379085,337.8496732026144,21.986928104575163,337.8496732026144,1.0,0.012472767529411765,0.9063972954248365,0.2732837084640523,0.15677806454901963,1.7326180156209152,0.014239233343594771,0.5040849673202614,0.026808194323440785,0.02840025156399987,-0.05605785698663224,0.05840475131067304,0.0650790272968215,-0.10255648038049936
DGP_C15_FIRST_JOINT_FILM_S123,FIRST,JOINT,FILM,123,5000000,10000000,153,running,30670848.0,78.94859690196078,0.03405263070588235,0.0,0.985142029738562,0.06704923240522875,0.0026323941287581696,0.007531234994771242,21.38562091503268,827.0130718954248,20.58169934640523,798.9411764705883,19.601307189542485,292.67973856209153,0.026143790849673203,0.9699585645751635,1.0,240.0,1.0,15.0,15.0,19.601307189542485,312.281045751634,20.862745098039216,312.281045751634,1.0,0.0016339870588235293,0.3006535947712418,0.2228003659477124,0.13845608653594774,1.6151284124183005,0.012838987970588234,0.4918300653594771,0.025858866856867377,0.025761219915247303,0.0037904626388549634,0.06276816174469955,0.06680759329412503,-0.06046365914786955
DGP_C15_FIRST_JOINT_LEG_S8,FIRST,JOINT,LEG,8,5000000,10000000,153,running,30769152.0,72.94443006535948,0.03595449407843137,0.0,0.9922060133333335,0.06618197224836603,0.0009601734799346406,0.0034222727934640528,22.516339869281047,796.8496732026143,22.333333333333332,768.5098039215686,20.352941176470587,305.62745098039215,0.20261437908496732,0.9691922795424835,1.0,240.0,1.0,15.0,15.0,20.352941176470587,325.98039215686276,22.019607843137255,325.98039215686276,1.0,0.00800653648366013,0.9809011819607841,0.16546277088235292,0.14607462699346407,1.1513756756862745,0.010305147517895425,0.4791666666666667,0.028256697124296657,0.029060570495484002,-0.02766199553144577,0.06243609022556391,0.06754887218045112,-0.07569011576135343
DGP_C15_FIRST_JOINT_LEG_S99,FIRST,JOINT,LEG,99,5000000,10000000,153,running,30670848.0,80.4045550261438,0.036051232823529414,0.0,0.9895487686274509,0.06847053817647059,0.0006245542443790849,0.0022109120352941177,22.444444444444443,802.9542483660131,21.215686274509803,774.7777777777778,20.18954248366013,293.8888888888889,0.1111111111111111,0.9712618773202614,1.0,240.0,1.0,15.0,15.0,20.18954248366013,314.078431372549,20.326797385620914,314.078431372549,1.0,0.0033769065359477127,0.6405228758169934,0.23283635816993464,0.13749145927450981,1.7062107506535948,0.002217636428300656,0.5024509803921569,0.027952332888353467,0.027382930800313815,0.020794052038912048,0.06428184958588255,0.06471885795147127,-0.006752411575562722
DGP_C15_FIRST_JOINT_LEG_S123,FIRST,JOINT,LEG,123,5000000,10000000,153,running,29818880.0,44.575134522875814,0.03797802893464053,0.0,0.9904635126143789,0.06499399220261437,0.0004328184155555556,0.003322379179084967,22.30718954248366,790.8627450980392,22.372549019607842,762.3267973856209,20.54248366013072,335.22222222222223,0.40522875816993464,0.9578483380392157,1.0,240.0,1.0,15.0,15.0,20.54248366013072,355.7647058823529,23.084967320261438,355.7647058823529,1.0,0.027151416424836605,0.865550956732026,0.20121656527450982,0.1325562469542484,1.4780192080392158,-0.004535862689542485,0.49673202614379086,0.02820614535296937,0.029347714256318803,-0.03889805159540294,0.0577417695473251,0.0648883009994121,-0.11013590033975085
DGP_C15_FIRST_STOP_FILM_S8,FIRST,STOP,FILM,8,5000000,10000000,153,running,30736384.0,60.39764754901961,0.03583022977777778,0.0,0.9926737799346406,0.06940697732026144,0.0010883183028758169,0.006090941373202614,21.522875816993466,790.9607843137255,21.45098039215686,763.0326797385621,20.03267973856209,302.1307189542484,0.1503267973856209,0.9682914324183006,1.0,240.0,1.0,15.0,15.0,20.03267973856209,322.16339869281046,20.26797385620915,322.16339869281046,1.0,0.0114379091372549,0.9345915801960784,0.0,0.12330029637254904,0.0,0.0,0.0,0.027211052992554764,0.028112793805249094,-0.032075816403774216,0.06218173703110101,0.06291209348562618,-0.01160915833602072
DGP_C15_FIRST_STOP_FILM_S99,FIRST,STOP,FILM,99,5000000,10000000,153,running,30834688.0,70.94604774509804,0.03465779624183006,0.0,0.9954463213725491,0.06743536592156864,0.0012259214491503268,0.005230238222222222,21.54248366013072,785.8235294117648,20.65359477124183,757.5882352941177,20.052287581699346,292.3529411764706,0.05228758169934641,0.9719183264705884,1.0,240.0,1.0,15.0,15.0,20.052287581699346,312.4052287581699,20.947712418300654,312.4052287581699,1.0,0.002777778,0.5882352941176471,0.0,0.12177959610457517,0.0,0.0,0.0,0.027413894918947693,0.027262296071986266,0.005560751250046181,0.06418678605799406,0.06705301477049248,-0.042745709828392986
DGP_C15_FIRST_STOP_FILM_S123,FIRST,STOP,FILM,123,5000000,10000000,153,running,29884416.0,66.2285725620915,0.0357552322875817,0.0,0.994210650261438,0.06545609896732027,0.0017014480241830069,0.008297195381699346,21.633986928104576,770.4771241830065,21.320261437908496,741.9869281045752,20.34640522875817,308.90849673202615,0.12418300653594772,0.9679657654248368,1.0,240.0,1.0,15.0,15.0,20.34640522875817,329.2549019607843,22.0,329.2549019607843,1.0,0.005582788973856208,0.7005886011764706,0.0,0.1253815717124183,0.0,0.0,0.0,0.028078688190833284,0.028734012191254713,-0.02280656095151512,0.0617952993488963,0.06681753215817056,-0.07516339869281052
DGP_C15_FIRST_STOP_LEG_S8,FIRST,STOP,LEG,8,5000000,10000000,153,running,30244864.0,66.85198152287582,0.034141390862745105,0.0,0.9935697789542484,0.06716580494771242,0.00048289103614379086,0.003314496106535948,21.77124183006536,782.8104575163399,21.607843137254903,754.2091503267974,20.398692810457515,300.29411764705884,0.16993464052287582,0.9696366816993462,1.0,240.0,1.0,15.0,15.0,20.398692810457515,320.6928104575163,21.464052287581698,320.6928104575163,1.0,0.005882353248366013,0.8306966901960785,0.0,0.1325004654901961,0.0,0.0,0.0,0.02781163897470151,0.02864966982685408,-0.029250977662823252,0.06360820119838585,0.06693025720458158,-0.049634591961023045
DGP_C15_FIRST_STOP_LEG_S99,FIRST,STOP,LEG,99,5000000,10000000,153,running,29753344.0,72.7398364509804,0.035332773352941174,0.0,0.9961880712418301,0.07014535892810457,0.0005571553688235295,0.0017399199640522876,21.104575163398692,818.7843137254902,20.666666666666668,790.9084967320262,19.673202614379086,279.4052287581699,0.08496732026143791,0.9728160550326796,1.0,240.0,1.0,15.0,15.0,19.673202614379086,299.078431372549,19.647058823529413,299.078431372549,1.0,0.004711329267973856,0.7254901956862746,0.0,0.1112201757385621,0.0,0.0,0.0,0.025775500103772532,0.026130287829830838,-0.013577643245600735,0.06577940951506807,0.06569199501737363,0.0013306719893544372
DGP_C15_FIRST_STOP_LEG_S123,FIRST,STOP,LEG,123,5000000,10000000,153,running,30867456.0,45.543786437908494,0.031762216640522874,0.0,0.9938968536601307,0.06661607344444445,0.0003444571996078431,0.0029817153300653594,20.633986928104576,859.7320261437909,20.522875816993466,832.4183006535948,19.026143790849673,297.32026143790847,0.3333333333333333,0.9666914056862743,1.0,240.0,1.0,15.0,15.0,19.026143790849673,316.34640522875816,21.88888888888889,316.34640522875816,1.0,0.0284586064248366,0.8387095439215687,0.0,0.12103357931372548,0.0,0.0,0.0,0.024000486547715888,0.024654522613065326,-0.026528036077358097,0.06014338546724241,0.06919278527303155,-0.13078530904747687
DGP_C15_HIT_JOINT_FILM_S8,HIT,JOINT,FILM,8,5000000,10000000,153,running,30081024.0,62.79687079738562,0.037162032816993464,0.0,0.9934935603267973,0.5318920924836601,0.0004761941271895424,0.0025378542624836602,21.45751633986928,835.0261437908497,20.529411764705884,807.3267973856209,19.18954248366013,0.0,17.38562091503268,0.9949317454248365,1.0,240.0,1.0,15.0,15.0,19.18954248366013,19.18954248366013,0.0,19.18954248366013,16.0,1.0,0.2740856116993464,0.18206204333333334,0.14129866274509803,1.291913804248366,-0.00515863307509804,0.5040849673202614,0.025696819793517484,0.025428874442402508,0.010537051166848999,1.0,0.0,
DGP_C15_HIT_JOINT_FILM_S99,HIT,JOINT,FILM,99,5000000,10000000,153,running,29884416.0,85.58508280392158,0.03310838085620915,0.0,0.9881489006535948,0.542860738627451,0.0004970330782352941,0.0020063004800653594,20.313725490196077,937.4901960784314,19.66013071895425,911.0326797385621,17.725490196078432,0.0,15.418300653594772,0.9956837310457516,1.0,240.0,1.0,15.0,15.0,17.725490196078432,17.725490196078432,0.0,17.725490196078432,15.947712418300654,0.9967320261437909,0.2985305152287582,0.18304221649673202,0.14230055173202613,1.3014056618300653,-0.005639195877777777,0.511437908496732,0.02166820045176943,0.021580049932562344,0.004084815349480575,1.0,0.0,
DGP_C15_HIT_JOINT_FILM_S123,HIT,JOINT,FILM,123,5000000,10000000,153,running,29786112.0,83.559392751634,0.03488238968627451,0.0,0.994791406013072,0.5476077592156864,0.0009047800265359476,0.0019557858674509802,21.84313725490196,829.9150326797386,21.098039215686274,802.2091503267974,19.464052287581698,0.0,16.575163398692812,0.9953271608496732,1.0,240.0,1.0,15.0,15.0,19.464052287581698,19.464052287581698,0.0,19.464052287581698,16.0,1.0,0.2569786693464052,0.21995569248366018,0.13845934198039214,1.6020986274509805,-0.004131279479084966,0.5061274509803921,0.0263197271946888,0.026299923414101582,0.0007529976523277249,1.0,0.0,
DGP_C15_HIT_JOINT_LEG_S8,HIT,JOINT,LEG,8,5000000,10000000,153,running,26345472.0,52.487954941176476,0.03578914069281046,0.0,0.9927524527450978,0.549969750980392,0.0002508242532679739,0.001131045509019608,21.758169934640524,824.718954248366,21.045751633986928,797.0326797385621,19.398692810457515,0.0,16.37908496732026,0.9949621791503268,1.0,240.0,1.0,15.0,15.0,19.398692810457515,19.398692810457515,0.0,19.398692810457515,15.869281045751634,0.9918572984313726,0.2649722734640523,0.18309698329411764,0.14066934085620914,1.3086336618954248,0.0014237822045751651,0.4852941176470588,0.026382526826330223,0.026405130139569973,-0.0008560197628367794,1.0,0.0,
DGP_C15_HIT_JOINT_LEG_S99,HIT,JOINT,LEG,99,5000000,10000000,153,running,30670848.0,83.87354481699346,0.035516875960784317,0.0,0.9952283262745099,0.5586846558823529,0.00018944569589542483,0.0004960312407843137,22.098039215686274,837.8823529411765,21.41176470588235,810.1699346405229,19.555555555555557,0.0,15.856209150326798,0.9945732937908498,1.0,240.0,1.0,15.0,15.0,19.555555555555557,19.555555555555557,0.0,19.555555555555557,15.993464052287582,0.9995915032679739,0.2546437233986928,0.17467263437908498,0.1340050440261438,1.3181185028758169,0.002780582740261438,0.4758986928104575,0.026373677805859776,0.026428732776146376,-0.002083148320160544,1.0,0.0,
DGP_C15_HIT_JOINT_LEG_S123,HIT,JOINT,LEG,123,5000000,10000000,153,running,29655040.0,42.336114045751636,0.03431432380392157,0.0,0.983917090980392,0.44914228509803916,0.00011014351668300654,0.0006990275132679738,18.41176470588235,1072.4967320261437,17.901960784313726,1047.9084967320262,15.568627450980392,0.0,19.359477124183005,0.9946264841830066,1.0,240.0,1.0,15.0,15.0,15.568627450980392,15.568627450980392,0.0,15.568627450980392,14.411764705882353,0.9018790835294118,0.35569450712418305,0.1565876156339869,0.14352827465359477,1.0862371924183005,-0.01604493175372549,0.5191993464052288,0.017167198888428443,0.017083515249797294,0.004898502293440021,1.0,0.0,
DGP_C15_HIT_STOP_FILM_S8,HIT,STOP,FILM,8,5000000,10000000,153,running,25427968.0,66.1399395620915,0.035042756464052284,0.0,0.995068927973856,0.5407641958823529,0.00034331419281045754,0.002373077877777778,21.18954248366013,807.6601307189543,20.516339869281047,779.6209150326797,19.797385620915033,0.0,17.26797385620915,0.9949108105228757,1.0,240.0,1.0,15.0,15.0,19.797385620915033,19.797385620915033,0.0,19.797385620915033,16.0,1.0,0.2636629084313726,0.0,0.12675057592810454,0.0,0.0,0.0,0.026235716829055126,0.02631578947368421,-0.003042760495905128,1.0,0.0,
DGP_C15_HIT_STOP_FILM_S99,HIT,STOP,FILM,99,5000000,10000000,153,running,23330816.0,70.64051549019608,0.03553722104575163,0.0,0.9943133084313726,0.5208735575816994,0.0003803165941176471,0.0017092665926797385,20.986928104575163,850.4248366013072,20.124183006535947,822.8692810457517,19.254901960784313,0.0,18.30718954248366,0.9951217073202615,1.0,240.0,1.0,15.0,15.0,19.254901960784313,19.254901960784313,0.0,19.254901960784313,16.0,1.0,0.2632395482352941,0.0,0.1221204266470588,0.0,0.0,0.0,0.02467816931176267,0.02445611164504881,0.00907984351465041,1.0,0.0,
DGP_C15_HIT_STOP_FILM_S123,HIT,STOP,FILM,123,5000000,10000000,153,running,24543232.0,45.269843751633985,0.03370736315032679,0.0,0.9931469617647058,0.5061447557516339,0.0003001603015686275,0.002432465811111111,19.640522875816995,929.8562091503268,19.065359477124183,903.3202614379085,17.797385620915033,0.0,17.679738562091504,0.9943674777777778,1.0,240.0,1.0,15.0,15.0,17.797385620915033,17.797385620915033,0.0,17.797385620915033,15.88888888888889,0.9930555555555556,0.30529347091503267,0.0,0.12850889181699346,0.0,0.0,0.0,0.021122107571625384,0.021105869414216254,0.0007693669040798046,1.0,0.0,
DGP_C15_HIT_STOP_LEG_S8,HIT,STOP,LEG,8,5000000,10000000,153,running,24248320.0,71.01411771895425,0.03367106117647059,0.0,0.9954346640522875,0.5349871460130718,0.00020906711666666668,0.0007831362646405229,21.26143790849673,820.2026143790849,20.666666666666668,792.3464052287582,19.58823529411765,0.0,17.705882352941178,0.9942135571895425,1.0,240.0,1.0,15.0,15.0,19.58823529411765,19.58823529411765,0.0,19.58823529411765,16.0,1.0,0.24534045424836598,0.0,0.12815009659477122,0.0,0.0,0.0,0.025922177686049198,0.026082867960636483,-0.0061607594237640395,1.0,0.0,
DGP_C15_HIT_STOP_LEG_S99,HIT,STOP,LEG,99,5000000,10000000,153,running,23986176.0,82.6066117124183,0.03401094320261438,0.0,0.98902137,0.5188734688235294,0.00013699901564705882,0.0003290547833333333,20.41830065359477,895.0457516339869,19.745098039215687,868.0,18.54248366013072,0.0,17.61437908496732,0.995066987124183,1.0,240.0,1.0,15.0,15.0,18.54248366013072,18.54248366013072,0.0,18.54248366013072,15.0,0.9375,0.26016384398692816,0.0,0.13655025894771242,0.0,0.0,0.0,0.022812577587591826,0.02274780880093973,0.002847253870422062,1.0,0.0,
DGP_C15_HIT_STOP_LEG_S123,HIT,STOP,LEG,123,5000000,10000000,153,running,26148864.0,64.59766424183007,0.032414854006535945,0.0,0.9909831656862745,0.4866169094117648,0.00013843794750980392,0.0005257740283006536,19.00653594771242,955.8627450980392,18.18300653594771,929.8562091503268,17.392156862745097,0.0,18.69934640522876,0.9951329999346404,1.0,240.0,1.0,15.0,15.0,17.392156862745097,17.392156862745097,0.0,17.392156862745097,14.49673202614379,0.9060457516339869,0.28870449045751634,0.0,0.13335928284967322,0.0,0.0,0.0,0.019884168564141488,0.019554643349171986,0.016851507290899015,1.0,0.0,
DGP_C15_FIRST_JOINT_FILM_S8,FIRST,JOINT,FILM,8,10000000,15000000,152,running,29687808.0,42.46984013157894,0.03562104081578948,0.0,0.9780207757236843,0.06940260648026315,0.0016127920427631579,0.013473719875,22.18421052631579,759.2302631578947,21.68421052631579,730.5065789473684,20.69736842105263,312.5,0.24342105263157895,0.9637674445394736,1.0,240.0,1.0,15.0,15.0,20.69736842105263,333.19736842105266,22.80263157894737,333.19736842105266,1.5592105263157894,0.015707237355263158,0.9708124588815789,0.21624361677631582,0.10825084528289475,2.033764207894737,0.00663870938638158,0.5086348684210527,0.02921934438446141,0.029683799093995693,-0.015646740771407264,0.06211744264107728,0.06843580934328476,-0.09232544720138491
DGP_C15_FIRST_JOINT_FILM_S99,FIRST,JOINT,FILM,99,10000000,15000000,152,running,31064064.0,43.97425191447369,0.035257841500000005,0.0,0.9946186009210526,0.07077789434210525,0.0005985773019078947,0.010644544860526316,22.20394736842105,745.0986842105264,21.532894736842106,716.5657894736842,21.164473684210527,308.3355263157895,0.13157894736842105,0.9649280868421052,1.0,240.0,1.0,15.0,15.0,21.164473684210527,329.5,23.414473684210527,329.5,1.0,0.014884869078947368,0.9849092895394737,0.13541491103289474,0.12393274529605262,1.1023168723026318,-0.020271151646085526,0.5201480263157895,0.029800008829632244,0.03005012945518647,-0.008323445858269274,0.06423209008865106,0.0710606181614887,-0.09609440854172524
DGP_C15_FIRST_JOINT_FILM_S123,FIRST,JOINT,FILM,123,10000000,15000000,152,running,30670848.0,53.762299967105264,0.03619786315131579,0.0,0.9926499392105266,0.06869886638157896,0.0021110902318421053,0.014476846605263157,22.20394736842105,753.6644736842105,22.13157894736842,725.2697368421053,20.532894736842106,308.88157894736844,0.013157894736842105,0.9658567777631578,1.0,240.0,1.0,15.0,15.0,20.532894736842106,329.4144736842105,21.25657894736842,329.4144736842105,1.0,0.003289473940789473,0.6513157894736842,0.26142103894736846,0.14206996103947367,1.8540858611842101,0.014160366997368423,0.5164473684210527,0.029461316200668664,0.030514962672689834,-0.03452884682582813,0.062331489285214994,0.0645283697150047,-0.034045187248529896
DGP_C15_FIRST_JOINT_LEG_S8,FIRST,JOINT,LEG,8,10000000,15000000,152,running,30769152.0,52.19011704605263,0.035909552375,0.0,0.9938420903947369,0.06804986028289474,0.0006477934986842106,0.0048293096447368416,22.05263157894737,746.8092105263158,22.342105263157894,718.078947368421,20.875,313.79605263157896,0.09210526315789473,0.9655323211184211,1.0,240.0,1.0,15.0,15.0,20.875,334.67105263157896,22.644736842105264,334.67105263157896,1.0,0.008196272394736841,0.992126361644737,0.19243744796052634,0.13144182156578949,1.4757939102631579,-0.02441363582078947,0.5287828947368421,0.029529137118442496,0.031113717154689045,-0.05092866366202542,0.06237468055828583,0.06766266954983291,-0.07815223707147012
DGP_C15_FIRST_JOINT_LEG_S99,FIRST,JOINT,LEG,99,10000000,15000000,152,running,30670848.0,54.63235108552632,0.036042866006578946,0.0,0.9916948615789475,0.06677254803289473,0.0005367227670394737,0.003736185443421053,21.70394736842105,753.6644736842105,21.625,724.9473684210526,20.592105263157894,312.4736842105263,0.17105263157894737,0.9661681156578947,1.0,240.0,1.0,15.0,15.0,20.592105263157894,333.0657894736842,22.81578947368421,333.0657894736842,1.0,0.011348684815789475,0.9729743559868421,0.1553932145855263,0.12442263588815788,1.2585838832894736,-0.02790226657236842,0.5337171052631579,0.028797891006223975,0.029829751706112965,-0.03459166237972844,0.061825939240706354,0.06850235057085292,-0.09746251441753184
DGP_C15_FIRST_JOINT_LEG_S123,FIRST,JOINT,LEG,123,10000000,15000000,152,running,29818880.0,41.424565822368415,0.03382793225657895,0.0,0.9912986781578946,0.07069006173684211,0.0004138756529868422,0.003855185151973684,22.18421052631579,785.6907894736842,22.54605263157895,757.3947368421053,20.69078947368421,306.30263157894734,0.2565789473684211,0.9630107554605264,1.0,240.0,1.0,15.0,15.0,20.69078947368421,326.99342105263156,21.907894736842106,326.99342105263156,1.0,0.024917763657894734,0.9219792017763158,0.12349236694736844,0.124844742375,0.9953902578947369,-0.012733801134407896,0.5226151315789473,0.02823529411764706,0.02976790243563462,-0.05148526407936971,0.0632758586000845,0.06699796792950123,-0.05555555555555547
DGP_C15_FIRST_STOP_FILM_S8,FIRST,STOP,FILM,8,10000000,15000000,152,running,30736384.0,49.41197842763159,0.032756002335526314,0.0,0.9912838532236842,0.0643419922763158,0.0007513275764473683,0.009868027818421051,20.42105263157895,833.5855263157895,21.69078947368421,805.6842105263158,19.55263157894737,319.32236842105266,0.17105263157894737,0.9644290349342106,1.0,240.0,1.0,15.0,15.0,19.55263157894737,338.875,22.888157894736842,338.875,1.0,0.023793860473684213,0.9050001867763159,0.0,0.11974239599342107,0.0,0.0,0.0,0.02449784933506965,0.026922197543767963,-0.09005016045800118,0.05769865460404978,0.06754159467277564,-0.14573153204943956
DGP_C15_FIRST_STOP_FILM_S99,FIRST,STOP,FILM,99,10000000,15000000,152,running,30834688.0,52.70366971710526,0.031952707434210526,0.0,0.9956053030263156,0.06675918417763158,0.0011624089276973686,0.01003242476513158,20.592105263157894,811.0657894736842,21.00657894736842,783.0855263157895,19.592105263157894,292.7894736842105,0.05921052631578947,0.9708009946710526,1.0,240.0,1.0,15.0,15.0,19.592105263157894,312.38157894736844,21.480263157894736,312.38157894736844,1.0,0.007538377703947368,0.8537430825,0.0,0.12677979901973685,0.0,0.0,0.0,0.025388945669278566,0.026825395491854927,-0.05354813214263754,0.06271850385409208,0.0687628996251211,-0.08790199081163841
DGP_C15_FIRST_STOP_FILM_S123,FIRST,STOP,FILM,123,10000000,15000000,152,running,29884416.0,42.98425884210526,0.032402640828947366,0.0,0.9920770044736842,0.06853323121710526,0.0009615868999342105,0.012373422605263158,21.717105263157894,791.4473684210526,21.519736842105264,763.2565789473684,20.539473684210527,304.38157894736844,0.07236842105263158,0.9659216441447369,1.0,240.0,1.0,15.0,15.0,20.539473684210527,324.92105263157896,22.263157894736842,324.92105263157896,1.0,0.009457237361842105,0.9979054831578946,0.0,0.12874057702631578,0.0,0.0,0.0,0.02743973399833749,0.028194630004740765,-0.026774460465568972,0.06321373613023407,0.06851866850247024,-0.07742316784869974
DGP_C15_FIRST_STOP_LEG_S8,FIRST,STOP,LEG,8,10000000,15000000,152,running,30244864.0,44.03460280263158,0.03197499324999999,0.0,0.9951368006578949,0.071360167875,0.0003642807753947369,0.004298783269078947,21.54605263157895,792.4144736842105,20.94078947368421,764.078947368421,20.486842105263158,297.5131578947368,0.07236842105263158,0.967396580986842,1.0,240.0,1.0,15.0,15.0,20.486842105263158,318.0,21.31578947368421,318.0,1.0,0.012554825361842105,0.9943649671710526,0.0,0.12069597096710527,0.0,0.0,0.0,0.027190382491884397,0.027406578267608058,-0.007888462894296566,0.0644240317775571,0.06703078450844091,-0.03888888888888897
DGP_C15_FIRST_STOP_LEG_S99,FIRST,STOP,LEG,99,10000000,15000000,152,running,29753344.0,55.47351828947369,0.03427385028289474,0.0,0.9926680184868422,0.06715123821052632,0.0004390033753289473,0.002453692835526316,21.19078947368421,811.9671052631579,20.56578947368421,784.1315789473684,19.93421052631579,304.79605263157896,0.11842105263157894,0.9672025138157894,1.0,240.0,1.0,15.0,15.0,19.93421052631579,324.73026315789474,21.269736842105264,324.73026315789474,1.0,0.01570723740131579,0.9318640736842106,0.0,0.11022263294736842,0.0,0.0,0.0,0.02609808862492809,0.026227472564352115,-0.0049331455444884265,0.061386981097672155,0.06549970623391883,-0.06278997834828326
DGP_C15_FIRST_STOP_LEG_S123,FIRST,STOP,LEG,123,10000000,15000000,152,running,30867456.0,43.65935528289473,0.03056937779605263,0.0,0.995319096513158,0.06619001699999999,0.0003532435146710526,0.0038519186092105264,20.289473684210527,856.5131578947369,20.907894736842106,829.3421052631579,19.164473684210527,308.05263157894734,0.34868421052631576,0.962853640986842,1.0,240.0,1.0,15.0,15.0,19.164473684210527,327.2171052631579,22.625,327.2171052631579,1.0,0.037088816236842105,0.7221929218421053,0.0,0.12832884258552632,0.0,0.0,0.0,0.0236884553345111,0.025210217356814217,-0.060362907656240083,0.05856806803787924,0.06914369584011902,-0.15295143937191036
DGP_C15_HIT_JOINT_FILM_S8,HIT,JOINT,FILM,8,10000000,15000000,152,running,30081024.0,44.73938969078947,0.036016564743421055,0.0,0.9942843520394736,0.498282120986842,0.00039362091961184215,0.005115302350657895,19.901315789473685,905.8684210526316,19.217105263157894,878.9671052631579,18.282894736842106,0.0,18.92763157894737,0.9949687696710526,1.0,240.0,1.0,15.0,15.0,18.282894736842106,18.282894736842106,0.0,18.282894736842106,15.967105263157896,0.9979440789473685,0.29906066460526315,0.13968896249999999,0.1223739434473684,1.1491076592105265,-0.006601138144078945,0.4917763157894737,0.021969322836475614,0.021863281513139675,0.004850201616450445,1.0,0.0,
DGP_C15_HIT_JOINT_FILM_S99,HIT,JOINT,FILM,99,10000000,15000000,152,running,29884416.0,65.89681614473683,0.03403774061842105,0.0,0.9871577944736843,0.5238415678947369,0.0007073795053947368,0.006239837394078947,20.86842105263158,864.1644736842105,20.164473684210527,836.6513157894736,19.125,0.0,17.907894736842106,0.9956534484868421,1.0,240.0,1.0,15.0,15.0,19.125,19.125,0.0,19.125,15.953947368421053,0.9971217105263158,0.2706417139473684,0.23166976621710528,0.13672735861842106,1.7101773294078948,-0.0070817561732368405,0.49712171052631576,0.02414866809284904,0.02410140676726612,0.0019609363901158527,1.0,0.0,
DGP_C15_HIT_JOINT_FILM_S123,HIT,JOINT,FILM,123,10000000,15000000,152,running,29786112.0,62.98965096710526,0.03599548346710526,0.0,0.9932949005263157,0.5225542946052633,0.0007287301645394735,0.0035151936539473683,21.95394736842105,831.546052631579,21.19736842105263,804.0592105263158,19.54605263157895,0.0,18.361842105263158,0.9958494499342104,1.0,240.0,1.0,15.0,15.0,19.54605263157895,19.54605263157895,0.0,19.54605263157895,16.0,1.0,0.2605189075,0.25639540138157896,0.14230162642763156,1.8225092105263156,-0.007862179374473685,0.4909539473684211,0.02640136081332331,0.026362944598541938,0.001457205003704276,1.0,0.0,
DGP_C15_HIT_JOINT_LEG_S8,HIT,JOINT,LEG,8,10000000,15000000,152,running,26345472.0,40.666232230263155,0.03578928894736842,0.0,0.9933755476973684,0.5096788850657895,0.00022677916384868422,0.001735604322368421,20.401315789473685,883.5723684210526,19.67763157894737,856.3815789473684,18.789473684210527,0.0,18.55921052631579,0.9954770378289474,1.0,240.0,1.0,15.0,15.0,18.789473684210527,18.789473684210527,0.0,18.789473684210527,16.0,1.0,0.28228269506578946,0.14056561796710526,0.12583901025,1.123039920263158,-0.01163495948230263,0.5004111842105263,0.02308958102201738,0.02297764461857571,0.004871535150786421,1.0,0.0,
DGP_C15_HIT_JOINT_LEG_S99,HIT,JOINT,LEG,99,10000000,15000000,152,running,30670848.0,56.593329749999995,0.03687226138815789,0.0,0.9939300613157895,0.5386936867763158,0.00020407872540789476,0.0010551648498684212,21.67105263157895,794.7697368421053,20.960526315789473,766.4736842105264,20.282894736842106,0.0,17.769736842105264,0.9949161701973686,1.0,240.0,1.0,15.0,15.0,20.282894736842106,20.282894736842106,0.0,20.282894736842106,16.0,1.0,0.2599540376973684,0.17819040835526315,0.12231742842105264,1.465902227368421,-0.004806648829802633,0.49506578947368424,0.02726708331608791,0.027346700542470646,-0.002911401551316417,1.0,0.0,
DGP_C15_HIT_JOINT_LEG_S123,HIT,JOINT,LEG,123,10000000,15000000,152,running,29655040.0,37.03476415131579,0.030577007059210525,0.0,0.9872616073684212,0.4241594203289473,9.296352313289475e-05,0.0008293430440131578,15.506578947368421,1143.8618421052631,15.085526315789474,1120.782894736842,14.30921052631579,0.0,19.86842105263158,0.9950496917105262,1.0,240.0,1.0,15.0,15.0,14.30921052631579,14.30921052631579,0.0,14.30921052631579,14.0,0.8834429813157894,0.3549868664473684,0.11077312157236842,0.1361886035263158,0.819887175,-0.015978784321710526,0.5049342105263158,0.013556339040761041,0.013459811339582881,0.007171549343659045,1.0,0.0,
DGP_C15_HIT_STOP_FILM_S8,HIT,STOP,FILM,8,10000000,15000000,152,running,25427968.0,47.33633364473684,0.03320734128289474,0.0,0.9949207281578949,0.5031579553289474,0.00029464417253947375,0.0050124428276315785,19.67763157894737,897.0328947368421,18.973684210526315,870.0723684210526,18.717105263157894,0.0,19.026315789473685,0.9947501316447369,1.0,240.0,1.0,15.0,15.0,18.717105263157894,18.717105263157894,0.0,18.717105263157894,15.677631578947368,0.9798519736842105,0.2869272539473684,0.0,0.11987708781578947,0.0,0.0,0.0,0.021936354502049886,0.021807018472450115,0.005930935939874926,1.0,0.0,
DGP_C15_HIT_STOP_FILM_S99,HIT,STOP,FILM,99,10000000,15000000,152,running,23330816.0,54.280008736842106,0.03262931423026316,0.0,0.9945115311842107,0.49357235828947366,0.00044370974782894745,0.0034919840184210525,18.519736842105264,943.4473684210526,17.75657894736842,917.421052631579,17.56578947368421,0.0,18.54605263157895,0.9953989515131577,1.0,240.0,1.0,15.0,15.0,17.56578947368421,17.56578947368421,0.0,17.56578947368421,15.381578947368421,0.9620065779605262,0.29486147460526313,0.0,0.12093284977631577,0.0,0.0,0.0,0.019629856907757107,0.01935488497504446,0.01420684923042348,1.0,0.0,
DGP_C15_HIT_STOP_FILM_S123,HIT,STOP,FILM,123,10000000,15000000,152,running,24543232.0,35.47211261184211,0.03261766932236842,0.0,0.9950046351315789,0.47739834381578955,0.0003444716011842105,0.004574524054605264,18.95394736842105,983.6776315789474,18.230263157894736,957.828947368421,16.960526315789473,0.0,19.111842105263158,0.9945990571710527,1.0,240.0,1.0,15.0,15.0,16.960526315789473,16.960526315789473,0.0,16.960526315789473,15.93421052631579,0.9958881578947368,0.31334285210526314,0.0,0.13800143904605264,0.0,0.0,0.0,0.019268454176392297,0.019032900611305723,0.012376125420770157,1.0,0.0,
DGP_C15_HIT_STOP_LEG_S8,HIT,STOP,LEG,8,10000000,15000000,152,running,24248320.0,58.91284140789473,0.03188886144736842,0.0,0.9950727520394737,0.5240899826315789,0.00020492377414473684,0.0011543411659210526,20.50657894736842,839.6907894736842,19.730263157894736,812.2105263157895,19.361842105263158,0.0,18.230263157894736,0.9947865147368422,1.0,240.0,1.0,15.0,15.0,19.361842105263158,19.361842105263158,0.0,19.361842105263158,16.0,1.0,0.2706859695394737,0.0,0.12481209179605263,0.0,0.0,0.0,0.024421583759685974,0.024292055469155003,0.005332125587126146,1.0,0.0,
DGP_C15_HIT_STOP_LEG_S99,HIT,STOP,LEG,99,10000000,15000000,152,running,23986176.0,70.67995544078947,0.034774378776315784,0.0,0.9926573105263158,0.51850631125,0.00020247818690789473,0.0007303027897368421,20.5,865.5131578947369,19.598684210526315,838.3618421052631,19.105263157894736,0.0,18.24342105263158,0.994994064868421,1.0,240.0,1.0,15.0,15.0,19.105263157894736,19.105263157894736,0.0,19.105263157894736,15.026315789473685,0.9391447368421053,0.2796301264473684,0.0,0.12099116283552633,0.0,0.0,0.0,0.023685370711017194,0.023377357157991385,0.013175721744085767,1.0,0.0,
DGP_C15_HIT_STOP_LEG_S123,HIT,STOP,LEG,123,10000000,15000000,152,running,26148864.0,51.6432251118421,0.030734614361842105,0.0,0.9902665696710526,0.48785139046052634,0.0001741397612631579,0.0008557507631578948,18.31578947368421,971.2697368421053,17.855263157894736,945.3157894736842,17.42763157894737,0.0,18.644736842105264,0.9948751543421054,1.0,240.0,1.0,15.0,15.0,17.42763157894737,17.42763157894737,0.0,17.42763157894737,14.901315789473685,0.9313322368421053,0.31499684973684206,0.0,0.13844834497368422,0.0,0.0,0.0,0.018857572493954602,0.01888814653972496,-0.0016186895684050517,1.0,0.0,
DGP_C15_FIRST_JOINT_FILM_S8,FIRST,JOINT,FILM,8,15000000,20000000,153,running,29687808.0,28.707952503267972,0.032758725300653595,0.0,0.9860522981699346,0.06250770389542484,0.0015156709705228758,0.018105716519607844,21.104575163398692,833.8104575163399,21.320261437908496,806.1307189542483,19.666666666666668,330.69934640522877,0.39869281045751637,0.9592878864705883,1.0,240.0,1.0,15.0,15.0,19.666666666666668,350.36601307189545,23.954248366013072,350.36601307189545,1.0784313725490196,0.02617102460784314,0.8064280963398692,0.20943081333333333,0.11148355215686274,1.907516530718954,-0.01794290303895425,0.5228758169934641,0.025310998408754202,0.0264476479268352,-0.04297733852270824,0.05613177629369847,0.06836921240159684,-0.17899045020463844
DGP_C15_FIRST_JOINT_FILM_S99,FIRST,JOINT,FILM,99,15000000,20000000,153,running,31064064.0,41.35923437254902,0.03355477522222222,0.0,0.994850689607843,0.06653757086274509,0.0006599529822875817,0.012807281019607843,21.098039215686274,776.9019607843137,21.41176470588235,748.4967320261438,20.359477124183005,312.03921568627453,0.13725490196078433,0.9651393955555556,1.0,240.0,1.0,15.0,15.0,20.359477124183005,332.39869281045753,22.22222222222222,332.39869281045753,1.0,0.01827342098039216,0.9192709611764706,0.1175052510980392,0.11523659600653595,1.0268360584313725,-0.013971464109267973,0.5191993464052288,0.027156630154964414,0.02860635696821516,-0.05067848432645772,0.06125017205104509,0.06685412037674263,-0.08382352941176463
DGP_C15_FIRST_JOINT_FILM_S123,FIRST,JOINT,FILM,123,15000000,20000000,153,running,30670848.0,53.177892032679736,0.03516602360130719,0.0,0.993629811633987,0.0648970888627451,0.0019547546479738564,0.01727119804901961,21.751633986928105,764.3333333333334,21.901960784313726,735.6797385620915,20.37908496732026,315.4967320261438,0.0,0.9669265793464054,1.0,240.0,1.0,15.0,15.0,20.37908496732026,335.87581699346407,22.941176470588236,335.87581699346407,1.0,0.0010348584705882353,0.24183006535947713,0.2841148496732026,0.13847222315686275,2.056107416339869,0.008478210082352942,0.5102124183006536,0.028458308748706636,0.02977105340310415,-0.044094665936833644,0.060674463406565605,0.06830255502150266,-0.11168091168091177
DGP_C15_FIRST_JOINT_LEG_S8,FIRST,JOINT,LEG,8,15000000,20000000,153,running,30769152.0,46.95272258169935,0.033809487320261435,0.0,0.9957251828758169,0.06681773376470587,0.0006450186218300654,0.005696435488235295,21.92156862745098,774.9934640522875,22.084967320261438,746.3790849673203,20.88888888888889,317.22222222222223,0.11764705882352941,0.9663792524183008,1.0,240.0,1.0,15.0,15.0,20.88888888888889,338.1111111111111,22.254901960784313,338.1111111111111,1.0,0.02293028382352941,0.9623530430065358,0.15539976855555557,0.12550314452941178,1.2514897904575164,-0.0348712642379085,0.5273692810457516,0.02828613355373016,0.029589477740025922,-0.044047556288319245,0.061781137035819916,0.0658212677118169,-0.06138032305433183
DGP_C15_FIRST_JOINT_LEG_S99,FIRST,JOINT,LEG,99,15000000,20000000,153,running,30670848.0,56.268549751633984,0.03304275814379085,0.0,0.9942384849673203,0.06864745035947711,0.0005476024533333334,0.004201114330718954,21.33986928104575,774.0522875816994,21.366013071895424,745.6143790849674,20.333333333333332,300.078431372549,0.09803921568627451,0.9685559893464053,1.0,240.0,1.0,15.0,15.0,20.333333333333332,320.4117647058824,21.673202614379086,320.4117647058824,1.0,0.00620915079738562,0.874787794379085,0.14226897177124181,0.12162741739869283,1.1765568095424837,-0.006603026308496733,0.4918300653594771,0.027569028117875538,0.02865558078173897,-0.03791766330403068,0.06346000856740713,0.06764171919303184,-0.06182147165259355
DGP_C15_FIRST_JOINT_LEG_S123,FIRST,JOINT,LEG,123,15000000,20000000,153,running,29818880.0,39.98295084313725,0.03262528552941177,0.0,0.9917375300000001,0.06849966487581699,0.00032134693190849674,0.0042317372176470585,21.640522875816995,782.0261437908497,21.019607843137255,753.5032679738562,20.41830065359477,305.9934640522876,0.13071895424836602,0.9646501063398691,1.0,240.0,1.0,15.0,15.0,20.41830065359477,326.4117647058824,21.19607843137255,326.4117647058824,1.0,0.02453703780392157,0.8481378958823529,0.11760509788888888,0.13257861356209152,0.8945362440522877,-0.015313775459477123,0.5073529411764706,0.02767237776849143,0.027895841645993444,-0.008010651922169432,0.06255381349992992,0.06493662521775695,-0.03669441874807278
DGP_C15_FIRST_STOP_FILM_S8,FIRST,STOP,FILM,8,15000000,20000000,153,running,30736384.0,44.002916647058825,0.03108205358169935,0.0,0.9926486402614378,0.0729781278235294,0.0006440543709803922,0.012309111689542483,21.49673202614379,801.3660130718954,20.77777777777778,773.0718954248366,20.287581699346404,295.6862745098039,0.20261437908496732,0.9662834978431372,1.0,240.0,1.0,15.0,15.0,20.287581699346404,315.9738562091503,20.66013071895425,315.9738562091503,1.0,0.026742919928104573,0.8554736974509803,0.0,0.129224595248366,0.0,0.0,0.0,0.026825110717810276,0.02687690226580994,-0.0019269909711860933,0.06420651994042693,0.06538557008108556,-0.01803226826953508
DGP_C15_FIRST_STOP_FILM_S99,FIRST,STOP,FILM,99,15000000,20000000,153,running,30834688.0,42.75090453594771,0.03017829443137255,0.0,0.9958116113725489,0.06679102544444443,0.001043096768235294,0.014483919630718954,20.254901960784313,841.3921568627451,20.712418300653596,813.7320261437909,19.326797385620914,303.57516339869284,0.12418300653594772,0.9669137420915033,1.0,240.0,1.0,15.0,15.0,19.326797385620914,322.9019607843137,21.529411764705884,322.9019607843137,1.0,0.01372549051633987,0.9856054368627452,0.0,0.1266950878366013,0.0,0.0,0.0,0.024073081494255553,0.025453610814370968,-0.05423707191028382,0.05985345316168731,0.06667476317707069,-0.10230722525804503
DGP_C15_FIRST_STOP_FILM_S123,FIRST,STOP,FILM,123,15000000,20000000,153,running,29884416.0,41.77341005882353,0.03072641407843137,0.0,0.9911961745751634,0.06887368363398692,0.0010719597250980393,0.014549453666666667,21.424836601307188,816.9542483660131,21.22222222222222,788.9281045751634,20.052287581699346,305.0,0.0718954248366013,0.9665038044444446,1.0,240.0,1.0,15.0,15.0,20.052287581699346,325.0522875816994,21.333333333333332,325.0522875816994,1.0,0.01105664568627451,0.9954552177777779,0.0,0.14268735425490198,0.0,0.0,0.0,0.026225258812422995,0.026900071247493912,-0.025085897686378256,0.06168942151086804,0.065630466692136,-0.060049019607843035
DGP_C15_FIRST_STOP_LEG_S8,FIRST,STOP,LEG,8,15000000,20000000,153,running,30244864.0,40.63275181699346,0.030993492810457515,0.0,0.9955267044444444,0.07148950769281046,0.0003969706616078431,0.005479631802614378,21.287581699346404,778.2352941176471,21.431372549019606,749.8562091503268,20.516339869281047,295.57516339869284,0.013071895424836602,0.9668949870588236,1.0,240.0,1.0,15.0,15.0,20.516339869281047,316.09150326797385,21.248366013071895,316.09150326797385,1.0,0.010348584614379085,1.000000003137255,0.0,0.11971070599346406,0.0,0.0,0.0,0.02735365751238767,0.02858064291193083,-0.042930643769072185,0.0649063314172284,0.06722219924734296,-0.03445093817287004
DGP_C15_FIRST_STOP_LEG_S99,FIRST,STOP,LEG,99,15000000,20000000,153,running,29753344.0,47.892525450980386,0.03236159781045752,0.0,0.9957635932679738,0.06796128690522876,0.0003596287009150327,0.0032341010771241834,21.202614379084967,802.4705882352941,21.483660130718953,774.4575163398692,20.07843137254902,310.65359477124184,0.13725490196078433,0.9641790784967319,1.0,240.0,1.0,15.0,15.0,20.07843137254902,330.73202614379085,21.640522875816995,330.73202614379085,1.0,0.02905773504575163,0.8092156154248366,0.0,0.11285680304575163,0.0,0.0,0.0,0.026421671634983466,0.027740269385274956,-0.04753370387208378,0.060709062882890005,0.06543219635587526,-0.0721836303231651
DGP_C15_FIRST_STOP_LEG_S123,FIRST,STOP,LEG,123,15000000,20000000,153,running,30867456.0,37.696381895424835,0.029045952718954243,0.0,0.9943908558169935,0.06268769495751633,0.00035724286895424837,0.0046776084875817,19.464052287581698,889.6993464052288,20.431372549019606,862.5098039215686,18.516339869281047,316.11764705882354,0.3333333333333333,0.9615338952941176,1.0,240.0,1.0,15.0,15.0,18.516339869281047,334.63398692810455,22.745098039215687,334.63398692810455,1.0,0.03327886771241831,0.6996458006535947,0.0,0.14169262630718954,0.0,0.0,0.0,0.021877112044900237,0.02368827862144221,-0.07645834488380843,0.05533311197484326,0.06797007754057696,-0.185919540229885
DGP_C15_HIT_JOINT_FILM_S8,HIT,JOINT,FILM,8,15000000,20000000,153,running,30081024.0,45.346336653594776,0.03382544422875817,0.0,0.9947709935947712,0.5083769006535946,0.0004209293978039216,0.006906048160784315,19.464052287581698,896.8169934640523,18.758169934640524,869.5424836601308,18.73202614379085,0.0,18.366013071895424,0.9943808513725492,1.0,240.0,1.0,15.0,15.0,18.73202614379085,18.73202614379085,0.0,18.73202614379085,15.732026143790849,0.9834150324183006,0.2958082800653595,0.1571385841895425,0.1260720934771242,1.2538491625490196,-0.01736689267366013,0.5163398692810458,0.021703482906138633,0.021572459410703546,0.006073646631597152,1.0,0.0,
DGP_C15_HIT_JOINT_FILM_S99,HIT,JOINT,FILM,99,15000000,20000000,153,running,29884416.0,56.34022305228759,0.03154819463398693,0.0,0.9873466615032678,0.49016527882352945,0.0004687976511764706,0.009074637662745097,18.830065359477125,945.3790849673203,18.202614379084967,919.0849673202614,17.627450980392158,0.0,18.679738562091504,0.9951015651633988,1.0,240.0,1.0,15.0,15.0,17.627450980392158,17.627450980392158,0.0,17.627450980392158,15.88888888888889,0.9930555555555556,0.28844902666666666,0.19216508036601304,0.13465400389542484,1.4406357711764706,-0.01416720806732026,0.525136165751634,0.019918005019254302,0.019805148627506756,0.005698336017069927,1.0,0.0,
DGP_C15_HIT_JOINT_FILM_S123,HIT,JOINT,FILM,123,15000000,20000000,153,running,29786112.0,49.37296590849673,0.033049539640522874,0.0,0.9939821338562091,0.5005013893464053,0.00039417066104575167,0.004299407938562092,20.241830065359476,938.8692810457517,19.529411764705884,912.1111111111111,18.0,0.0,18.37908496732026,0.9951551901960785,1.0,240.0,1.0,15.0,15.0,18.0,18.0,0.0,18.0,15.947712418300654,0.9967320261437909,0.30595059516339873,0.18126425694117648,0.14341821300653593,1.2710631673856208,-0.02316391447385621,0.5151143790849673,0.021559795888532306,0.021411220109922396,0.006939155164775279,1.0,0.0,
DGP_C15_HIT_JOINT_LEG_S8,HIT,JOINT,LEG,8,15000000,20000000,153,running,26345472.0,38.43083716993464,0.03294302740522876,0.0,0.9947784701960783,0.5204611200653595,0.00022218725509150325,0.002383163012418301,19.836601307189543,885.0130718954248,19.065359477124183,857.9346405228758,18.88235294117647,0.0,17.88235294117647,0.9954113845751635,1.0,240.0,1.0,15.0,15.0,18.88235294117647,18.88235294117647,0.0,18.88235294117647,15.92156862745098,0.9950980392156863,0.28267941137254904,0.14886784021568628,0.12319580263398694,1.2134716651633988,-0.012838818014379085,0.5126633986928104,0.022413907700488157,0.022222391516333494,0.00861816263177162,1.0,0.0,
DGP_C15_HIT_JOINT_LEG_S99,HIT,JOINT,LEG,99,15000000,20000000,153,running,30670848.0,43.060044862745094,0.033444273764705885,0.0,0.9935913812418302,0.517813726013072,0.00019936266110457518,0.0014356889181045749,19.73856209150327,872.5228758169935,18.980392156862745,845.1372549019608,18.705882352941178,0.0,18.11111111111111,0.9950631205228759,1.0,240.0,1.0,15.0,15.0,18.705882352941178,18.705882352941178,0.0,18.705882352941178,16.0,1.0,0.28759866254901956,0.1519269905098039,0.11492963013725489,1.3288198279084968,-0.011952337146405229,0.5130718954248366,0.02262240067118116,0.022458354600714586,0.007304456331870046,1.0,0.0,
DGP_C15_HIT_JOINT_LEG_S123,HIT,JOINT,LEG,123,15000000,20000000,153,running,29655040.0,40.448599169934646,0.029115764137254904,0.0,0.9864598318954249,0.44089938039215687,0.00010669947124183007,0.001281697493986928,16.22875816993464,1107.1699346405228,15.84967320261438,1083.2091503267975,14.875816993464053,0.0,19.30065359477124,0.9944510179738564,1.0,240.0,1.0,15.0,15.0,14.875816993464053,14.875816993464053,0.0,14.875816993464053,15.183006535947712,0.9515522875816994,0.35682888647058825,0.13442659316339872,0.14332729365359476,0.9439232830065358,-0.007235599841830064,0.5118464052287581,0.01465787469671836,0.014632144861251063,0.0017584459224042615,1.0,0.0,
DGP_C15_HIT_STOP_FILM_S8,HIT,STOP,FILM,8,15000000,20000000,153,running,25427968.0,43.145658483660135,0.03196048118300654,0.0,0.9925276135294118,0.508967485751634,0.0002777970312026144,0.007091623531372549,19.745098039215687,878.1307189542483,18.947712418300654,851.0130718954248,18.633986928104576,0.0,18.555555555555557,0.9943312205228758,1.0,240.0,1.0,15.0,15.0,18.633986928104576,18.633986928104576,0.0,18.633986928104576,15.209150326797385,0.9505718954248366,0.29668622555555557,0.0,0.13135714923529412,0.0,0.0,0.0,0.02248537445852003,0.02226488998118352,0.009902787641117738,1.0,0.0,
DGP_C15_HIT_STOP_FILM_S99,HIT,STOP,FILM,99,15000000,20000000,153,running,23330816.0,48.33098409803922,0.030128628620915032,0.0,0.9949929067320262,0.49383406738562086,0.00041891892529411764,0.0054125653875817,18.33986928104575,954.2222222222222,17.77124183006536,928.0653594771242,17.686274509803923,0.0,18.444444444444443,0.9952332201960784,1.0,240.0,1.0,15.0,15.0,17.686274509803923,17.686274509803923,0.0,17.686274509803923,15.92156862745098,0.9951797384313725,0.2947797634640523,0.0,0.12652941967320264,0.0,0.0,0.0,0.019219704649442452,0.019148696423792553,0.0037082537671686566,1.0,0.0,
DGP_C15_HIT_STOP_FILM_S123,HIT,STOP,FILM,123,15000000,20000000,153,running,24543232.0,45.44515915686275,0.031661289169934645,0.0,0.9958246529411766,0.5129176177124183,0.0004897020863398693,0.005543998284967319,19.41830065359477,917.8496732026143,18.69281045751634,891.1176470588235,18.143790849673202,0.0,17.764705882352942,0.9946461806535948,1.0,240.0,1.0,15.0,15.0,18.143790849673202,18.143790849673202,0.0,18.143790849673202,15.882352941176471,0.9926470588235294,0.31152158196078433,0.0,0.13893117829411764,0.0,0.0,0.0,0.021156297398722504,0.020976815484703794,0.008556204069659179,1.0,0.0,
DGP_C15_HIT_STOP_LEG_S8,HIT,STOP,LEG,8,15000000,20000000,153,running,24248320.0,53.439602882352936,0.03039012235947712,0.0,0.9942535064705884,0.5160986979738562,0.0002740817521960784,0.001602217089869281,19.633986928104576,881.281045751634,18.96078431372549,854.0980392156863,18.784313725490197,0.0,18.11111111111111,0.9947258853594771,1.0,240.0,1.0,15.0,15.0,18.784313725490197,18.784313725490197,0.0,18.784313725490197,15.882352941176471,0.9926470588235294,0.28234337183006536,0.0,0.13213326796732028,0.0,0.0,0.0,0.02227891660980747,0.02219977501779196,0.003564972705898173,1.0,0.0,
DGP_C15_HIT_STOP_LEG_S99,HIT,STOP,LEG,99,15000000,20000000,153,running,23986176.0,63.3200345359477,0.03113291625490196,0.0,0.994602367973856,0.5127879418300654,0.00021502689650980392,0.0009710423444444445,19.790849673202615,903.4248366013072,19.0,876.3006535947712,18.666666666666668,0.0,18.333333333333332,0.9944997847058823,1.0,240.0,1.0,15.0,15.0,18.666666666666668,18.666666666666668,0.0,18.666666666666668,15.941176470588236,0.9963235294117647,0.2741051424836602,0.0,0.1330052721895425,0.0,0.0,0.0,0.021906470656325963,0.02168205617793159,0.010350239689111529,1.0,0.0,
DGP_C15_HIT_STOP_LEG_S123,HIT,STOP,LEG,123,15000000,20000000,153,running,26148864.0,45.98850294117646,0.029548395673202613,0.0,0.9885337390849674,0.4846442673856209,0.00015509734465359476,0.0011147973537254901,18.320261437908496,975.4771241830065,17.66013071895425,949.7973856209151,17.169934640522875,0.0,18.640522875816995,0.9951960947058826,1.0,240.0,1.0,15.0,15.0,17.169934640522875,17.169934640522875,0.0,17.169934640522875,14.816993464052288,0.9268246175163398,0.304987205751634,0.0,0.14915622555555552,0.0,0.0,0.0,0.01878082118353345,0.018593576889463868,0.010070375118392816,1.0,0.0,
DGP_C15_FIRST_JOINT_FILM_S8,FIRST,JOINT,FILM,8,20000000,23000000,91,running,29687808.0,29.51683667032967,0.031065217648351646,0.0,0.9905430205494503,0.06386819463736264,0.0014129610020879116,0.02228073208241758,20.274725274725274,851.5494505494505,20.967032967032967,823.8351648351648,19.593406593406595,336.7032967032967,0.6483516483516484,0.9571966751648353,1.0,240.0,1.0,15.0,15.0,19.593406593406595,356.2967032967033,23.824175824175825,356.2967032967033,1.1758241758241759,0.051602564736263734,0.5972439614285714,0.27210103065934066,0.12611958957142855,2.1864488659340657,-0.00985903404065934,0.5034340659340659,0.023809216554180484,0.025450519548079874,-0.0644899602461444,0.05499182678962465,0.06686611356136077,-0.1775830258302583
DGP_C15_FIRST_JOINT_FILM_S99,FIRST,JOINT,FILM,99,20000000,23000000,91,running,31064064.0,38.49755847252747,0.03292712534065934,0.0,0.993755083846154,0.06522944463736265,0.0006897608125274726,0.014348107467032968,21.373626373626372,776.6593406593406,22.054945054945055,748.4505494505495,20.285714285714285,313.64835164835165,0.13186813186813187,0.9662692264835164,1.0,240.0,1.0,15.0,15.0,20.285714285714285,333.9340659340659,22.747252747252748,333.9340659340659,1.0,0.019551282978021972,0.9403551114285714,0.14016206942857143,0.11900346765934065,1.1811219394505494,-0.011765065309890108,0.5144230769230769,0.027519950195257232,0.029467471259304937,-0.06609053918845298,0.06074766355140187,0.06811899433987101,-0.10821256038647353
DGP_C15_FIRST_JOINT_FILM_S123,FIRST,JOINT,FILM,123,20000000,23000000,91,running,30670848.0,57.79296525274725,0.034708547043956046,0.0,0.9944293347252747,0.07063418253846154,0.0018577880764835161,0.021183631439560438,22.24175824175824,736.3956043956044,22.032967032967033,707.4505494505495,21.395604395604394,307.8021978021978,0.0,0.9678722598901097,1.0,240.0,1.0,15.0,15.0,21.395604395604394,329.1978021978022,21.21978021978022,329.1978021978022,1.0,0.00013736264835164836,0.03296703296703297,0.38774052582417584,0.15633231410989012,2.5417933274725275,-0.011118603706593415,0.4807692307692308,0.030203545633617858,0.031144179688713535,-0.030202563191496057,0.06499315685816337,0.06445905798310912,0.008285862247540132
DGP_C15_FIRST_JOINT_LEG_S8,FIRST,JOINT,LEG,8,20000000,23000000,91,running,30769152.0,39.87655506593407,0.03255051837362637,0.0,0.9959124365934064,0.0662403129120879,0.0006356456802197802,0.006655204794505497,20.483516483516482,771.1648351648352,20.252747252747252,743.1428571428571,19.835164835164836,316.6263736263736,0.0989010989010989,0.9652102084615386,1.0,240.0,1.0,15.0,15.0,19.835164835164836,336.46153846153845,22.164835164835164,336.46153846153845,1.0,0.02586996365934066,0.9210150997802198,0.1919319588351648,0.13556458367032967,1.4330190792307693,-0.020518238955164837,0.5240384615384616,0.026561787505699954,0.027252831751101648,-0.025356786836426948,0.058952250310275005,0.06587628192566464,-0.10510659395141286
DGP_C15_FIRST_JOINT_LEG_S99,FIRST,JOINT,LEG,99,20000000,23000000,91,running,30670848.0,49.9585082967033,0.03148609192307693,0.0,0.9946277400000001,0.06724236961538461,0.000520496602087912,0.004562998603296703,21.164835164835164,789.4505494505495,20.923076923076923,761.054945054945,20.21978021978022,301.97802197802196,0.054945054945054944,0.9682452713186813,1.0,240.0,1.0,15.0,15.0,20.21978021978022,322.1978021978022,21.846153846153847,322.1978021978022,1.0,0.00782967091208791,0.9999999997802199,0.14566454596703296,0.13076390950549452,1.1175599343956042,-0.043912643212087904,0.5288461538461539,0.02680957683741648,0.02749220284163105,-0.024829803859182875,0.06275579809004093,0.06780354706684857,-0.07444668008048283
DGP_C15_FIRST_JOINT_LEG_S123,FIRST,JOINT,LEG,123,20000000,23000000,91,running,29818880.0,41.07467347252747,0.03127884078021977,0.0,0.9920062275824175,0.07156559828571428,0.00032842070005494506,0.004371672528571428,21.626373626373628,777.4395604395604,21.065934065934066,749.065934065934,20.791208791208792,295.34065934065933,0.08791208791208792,0.9666097601098902,1.0,240.0,1.0,15.0,15.0,20.791208791208792,316.13186813186815,22.054945054945055,316.13186813186815,1.0,0.024496337659340665,0.8919635701098901,0.1450246644945055,0.14315956040659342,1.0179074242857142,-0.004052499096263734,0.5137362637362637,0.02781743395479667,0.02812293699112448,-0.010863127006408457,0.06576751946607341,0.06976501668520578,-0.057299451918286004
DGP_C15_FIRST_STOP_FILM_S8,FIRST,STOP,FILM,8,20000000,23000000,91,running,30736384.0,41.090653967032964,0.029655708065934067,0.0,0.9943870998901098,0.06616858658241759,0.0005796389670329671,0.013397896824175822,20.23076923076923,841.4065934065934,20.406593406593405,814.1758241758242,19.252747252747252,307.57142857142856,0.16483516483516483,0.9664671973626373,1.0,240.0,1.0,15.0,15.0,19.252747252747252,326.8241758241758,23.274725274725274,326.8241758241758,1.0,0.025778388692307697,0.8577666316483517,0.0,0.13309228927472527,0.0,0.0,0.0,0.024043987044196007,0.02506411121608854,-0.040700592296993965,0.05890857738475505,0.07121482129047443,-0.17280453257790374
DGP_C15_FIRST_STOP_FILM_S99,FIRST,STOP,FILM,99,20000000,23000000,91,running,30834688.0,38.97623554945054,0.029329404725274726,0.0,0.9957099176923075,0.06554747652307692,0.0011297249716483518,0.016515052307692308,19.725274725274726,849.6043956043956,19.945054945054945,822.5604395604396,19.21978021978022,305.3956043956044,0.054945054945054944,0.9673441461538461,1.0,240.0,1.0,15.0,15.0,19.21978021978022,324.61538461538464,21.208791208791208,324.61538461538464,1.0,0.015979853725274724,0.9801048341758241,0.0,0.13470200513186814,0.0,0.0,0.0,0.023217011149339058,0.024247525149292612,-0.04249976002122502,0.059207853757616793,0.06533513879485443,-0.09378238341968903
DGP_C15_FIRST_STOP_FILM_S123,FIRST,STOP,FILM,123,20000000,23000000,91,running,29884416.0,39.40940072527473,0.029410896725274718,0.0,0.9925163513186814,0.0679164725934066,0.0011281145678021976,0.01552901117582418,20.571428571428573,819.6373626373627,20.75824175824176,791.5934065934066,19.593406593406595,297.94505494505495,0.04395604395604396,0.9690111276923077,1.0,240.0,1.0,15.0,15.0,19.593406593406595,317.53846153846155,20.593406593406595,317.53846153846155,1.0,0.006730769758241759,1.0,0.0,0.14887306913186815,0.0,0.0,0.0,0.025098207462426428,0.026223363642673702,-0.04290663072742851,0.06170404208194906,0.06485326688815062,-0.048559231590181495
DGP_C15_FIRST_STOP_LEG_S8,FIRST,STOP,LEG,8,20000000,23000000,91,running,30244864.0,51.820976791208786,0.030279809274725275,0.0,0.9948219774725274,0.06935143975824175,0.0005607678628571428,0.006232364015384615,20.64835164835165,801.934065934066,19.604395604395606,774.2197802197802,20.0989010989011,302.42857142857144,0.02197802197802198,0.9666461208791207,1.0,240.0,1.0,15.0,15.0,20.0989010989011,322.5274725274725,23.065934065934066,322.5274725274725,1.0,0.008608059296703297,1.0,0.0,0.13146267786813187,0.0,0.0,0.0,0.02574819118614339,0.0253214863598944,0.01685149205636005,0.062316865417376494,0.07151618398637138,-0.1286326822296332
DGP_C15_FIRST_STOP_LEG_S99,FIRST,STOP,LEG,99,20000000,23000000,91,running,29753344.0,43.40709954945054,0.03071979896703297,0.0,0.994972266043956,0.07284083396703298,0.0003091398083406594,0.003820056794505494,20.912087912087912,779.945054945055,20.835164835164836,752.0439560439561,20.406593406593405,295.72527472527474,0.2087912087912088,0.9635984854945054,1.0,240.0,1.0,15.0,15.0,20.406593406593405,316.13186813186815,20.923076923076923,316.13186813186815,1.0,0.03795787586813186,0.7647288292307693,0.0,0.11609662407692307,0.0,0.0,0.0,0.026812257837266644,0.02770471681571103,-0.03221325034220468,0.06455088987764182,0.06618464961067853,-0.024684873949579966
DGP_C15_FIRST_STOP_LEG_S123,FIRST,STOP,LEG,123,20000000,23000000,91,running,30867456.0,34.5062945054945,0.028351165395604394,0.0,0.9945570663736266,0.06496003765934065,0.00036045443428571434,0.005335081065934066,18.78021978021978,915.7912087912088,19.395604395604394,889.3186813186813,18.087912087912088,326.2307692307692,0.4175824175824176,0.9588015414285714,1.0,240.0,1.0,15.0,15.0,18.087912087912088,344.31868131868134,22.75824175824176,344.31868131868134,1.0,0.05109890153846154,0.5883590308791208,0.0,0.13656297370329673,0.0,0.0,0.0,0.02050709768770174,0.021809509687623567,-0.0597176194502399,0.05253247374972074,0.06609644783455143,-0.20521487204249156
DGP_C15_HIT_JOINT_FILM_S8,HIT,JOINT,FILM,8,20000000,23000000,91,running,30081024.0,50.51261382417583,0.03226714084615384,0.0,0.9940105515384615,0.5294912490109891,0.0004380517221538462,0.007217278229670329,19.483516483516482,891.3186813186813,18.725274725274726,864.3736263736264,18.47252747252747,0.0,17.054945054945055,0.9949931417582415,1.0,240.0,1.0,15.0,15.0,18.47252747252747,18.47252747252747,0.0,18.47252747252747,15.571428571428571,0.973443223076923,0.30050529142857135,0.188216981978022,0.13413248519780221,1.4211239745054944,-0.03287109969527472,0.5384615384615384,0.02185920355073357,0.021663403595311347,0.009038282214554716,1.0,0.0,
DGP_C15_HIT_JOINT_FILM_S99,HIT,JOINT,FILM,99,20000000,23000000,91,running,29884416.0,56.851507296703296,0.028863927879120874,0.0,0.9912161465934066,0.501559110989011,0.0004524606548351648,0.009348547963736263,18.967032967032967,968.4725274725274,18.571428571428573,942.7032967032967,17.692307692307693,0.0,18.021978021978022,0.9945405714285712,1.0,240.0,1.0,15.0,15.0,17.692307692307693,17.692307692307693,0.0,17.692307692307693,15.516483516483516,0.9697802197802198,0.29340402307692304,0.18733672835164836,0.1453234429010989,1.301162325054945,-0.016286976236263736,0.5302197802197802,0.01958448219128343,0.019700184179236704,-0.0058731424488518424,1.0,0.0,
DGP_C15_HIT_JOINT_FILM_S123,HIT,JOINT,FILM,123,20000000,23000000,91,running,29786112.0,48.03640294505494,0.03202803057142857,0.0,0.9957323207692308,0.5088442737362638,0.0004180880978021977,0.004998924941758243,20.318681318681318,892.0769230769231,19.560439560439562,865.2197802197802,18.52747252747253,0.0,18.252747252747252,0.9951765292307693,1.0,240.0,1.0,15.0,15.0,18.52747252747253,18.52747252747253,0.0,18.52747252747253,15.87912087912088,0.992445054945055,0.2912205443956044,0.2056365563736264,0.14276969317582416,1.4443962498901097,-0.02373707602901099,0.529532967032967,0.022776826519173676,0.022607480789991745,0.007490694374797435,1.0,0.0,
DGP_C15_HIT_JOINT_LEG_S8,HIT,JOINT,LEG,8,20000000,23000000,91,running,26345472.0,38.27352684615384,0.032002543285714294,0.0,0.9943715783516482,0.5160716405494505,0.00024439656691208793,0.003086389795604396,19.54945054945055,868.945054945055,19.01098901098901,842.2417582417582,18.46153846153846,0.0,17.934065934065934,0.9945824941758241,1.0,240.0,1.0,15.0,15.0,18.46153846153846,18.46153846153846,0.0,18.46153846153846,15.87912087912088,0.992445054945055,0.2949254713186813,0.1587998086043956,0.13015712273626376,1.2232725994505496,-0.04089840583879121,0.4945054945054945,0.022497913346991427,0.022571890819894577,-0.0032774158573346535,1.0,0.0,
DGP_C15_HIT_JOINT_LEG_S99,HIT,JOINT,LEG,99,20000000,23000000,91,running,30670848.0,38.42986509890109,0.0300930149010989,0.0,0.9949394026373626,0.48712951263736265,0.00019143766536263736,0.001799541536263736,18.912087912087912,941.7582417582418,18.285714285714285,915.3736263736264,17.967032967032967,0.0,19.46153846153846,0.9942876865934066,1.0,240.0,1.0,15.0,15.0,17.967032967032967,17.967032967032967,0.0,17.967032967032967,16.0,1.0,0.283584697032967,0.18504023278021978,0.12281063909890111,1.5123571421978022,-0.023579783954615387,0.5247252747252747,0.020081680280046674,0.01997623020684522,0.005278777432456749,1.0,0.0,
DGP_C15_HIT_JOINT_LEG_S123,HIT,JOINT,LEG,123,20000000,23000000,91,running,29655040.0,38.839060824175824,0.027120401604395602,0.0,0.98430953978022,0.4450040736263735,0.000153674414032967,0.0018824608835164834,15.659340659340659,1126.1648351648353,15.307692307692308,1103.0549450549452,14.714285714285714,0.0,18.483516483516482,0.9949766039560439,1.0,240.0,1.0,15.0,15.0,14.714285714285714,14.714285714285714,0.0,14.714285714285714,12.582417582417582,0.8324175813186813,0.3909361496703297,0.20020931600000003,0.16478182065934063,1.2090483216483516,0.004096039448351651,0.5357142857142857,0.013905016539651252,0.013877542887883799,0.001979720184575262,1.0,0.0,
DGP_C15_HIT_STOP_FILM_S8,HIT,STOP,FILM,8,20000000,23000000,91,running,25427968.0,40.691655219780216,0.030560839219780218,0.0,0.9918680005494506,0.48066715780219776,0.00020826744706593407,0.007042536963736264,18.571428571428573,960.5054945054945,17.725274725274726,934.7912087912088,17.274725274725274,0.0,19.428571428571427,0.9934051604395602,1.0,240.0,1.0,15.0,15.0,17.274725274725274,17.274725274725274,0.0,17.274725274725274,14.89010989010989,0.9326007265934066,0.32340149329670326,0.0,0.14347356457142857,0.0,0.0,0.0,0.019335057089902297,0.018961747349117156,0.01968751792289436,1.0,0.0,
DGP_C15_HIT_STOP_FILM_S99,HIT,STOP,FILM,99,20000000,23000000,91,running,23330816.0,47.68708227472527,0.028701279164835166,0.0,0.9951274136263736,0.48129135802197803,0.0003603491915384615,0.005920992109890109,17.52747252747253,977.0,17.0,951.054945054945,17.263736263736263,0.0,19.01098901098901,0.9946936140659339,1.0,240.0,1.0,15.0,15.0,17.263736263736263,17.263736263736263,0.0,17.263736263736263,13.571428571428571,0.8599816736263737,0.30548119230769233,0.0,0.14089625259340657,0.0,0.0,0.0,0.017940094705703714,0.017874887343146996,0.0036479873302093235,1.0,0.0,
DGP_C15_HIT_STOP_FILM_S123,HIT,STOP,FILM,123,20000000,23000000,91,running,24543232.0,43.38816414285715,0.0312892368901099,0.0,0.9944396862637362,0.48902972868131867,0.00031773134395604396,0.005810025017582417,18.857142857142858,941.934065934066,18.12087912087912,915.6483516483516,17.934065934065934,0.0,19.208791208791208,0.994023544945055,1.0,240.0,1.0,15.0,15.0,17.934065934065934,17.934065934065934,0.0,17.934065934065934,15.912087912087912,0.9945054945054945,0.3014396061538462,0.0,0.13349247235164835,0.0,0.0,0.0,0.02001959960800784,0.019790216504248476,0.011590732406091764,1.0,0.0,
DGP_C15_HIT_STOP_LEG_S8,HIT,STOP,LEG,8,20000000,23000000,91,running,24248320.0,53.56678245054944,0.02945851758241758,0.0,0.9937738384615384,0.4895451324175824,0.0003567285747252747,0.0020614679054945053,18.53846153846154,902.8131868131868,17.78021978021978,876.0989010989011,18.087912087912088,0.0,19.24175824175824,0.9950215483516484,1.0,240.0,1.0,15.0,15.0,18.087912087912088,18.087912087912088,0.0,18.087912087912088,15.923076923076923,0.9951923076923077,0.28489633813186815,0.0,0.1460844999010989,0.0,0.0,0.0,0.02053410584741224,0.020294763248667295,0.01179331809946893,1.0,0.0,
DGP_C15_HIT_STOP_LEG_S99,HIT,STOP,LEG,99,20000000,23000000,91,running,23986176.0,55.404588582417574,0.02974591937362637,0.0,0.9943225316483514,0.5101104676923077,0.00017706313456043957,0.0011720329102197801,18.75824175824176,904.967032967033,18.263736263736263,878.3516483516484,18.417582417582416,0.0,18.208791208791208,0.9939879472527473,1.0,240.0,1.0,15.0,15.0,18.417582417582416,18.417582417582416,0.0,18.417582417582416,16.0,1.0,0.2785539124175824,0.0,0.12608597105494504,0.0,0.0,0.0,0.020728094035360405,0.02079319404478919,-0.003130832583419285,1.0,0.0,
DGP_C15_HIT_STOP_LEG_S123,HIT,STOP,LEG,123,20000000,23000000,91,running,26148864.0,35.35255982417582,0.029222090131868134,0.0,0.9925749625274723,0.49983371538461546,0.00014820794279670328,0.0015122435989010992,18.86813186813187,934.8571428571429,18.087912087912088,908.6483516483516,17.824175824175825,0.0,18.384615384615383,0.9953344149450549,1.0,240.0,1.0,15.0,15.0,17.824175824175825,17.824175824175825,0.0,17.824175824175825,15.461538461538462,0.9666208786813187,0.31406025538461535,0.0,0.15693783274725273,0.0,0.0,0.0,0.020182903893172843,0.019906393991800404,0.013890506813355463,1.0,0.0,
