base,recruitment,goal_conditioning,coverage_auc__mean,coverage_auc__sd,coverage_auc__n,dg_density__mean,dg_density__sd,dg_density__n,dg_silent_fraction__mean,dg_silent_fraction__sd,dg_silent_fraction__n,dg_usage_entropy__mean,dg_usage_entropy__sd,dg_usage_entropy__n,recruitment_total__mean,recruitment_total__sd,recruitment_total__n,repeat_assignments__mean,repeat_assignments__sd,repeat_assignments__n,bad_source_assignments__mean,bad_source_assignments__sd,bad_source_assignments__n,duplicate_assignments__mean,duplicate_assignments__sd,duplicate_assignments__n,predictive_assignments__mean,predictive_assignments__sd,predictive_assignments__n,attempt_coverage__mean,attempt_coverage__sd,attempt_coverage__n,fully_tested_count__mean,fully_tested_count__sd,fully_tested_count__n,zero_outdegree_count__mean,zero_outdegree_count__sd,zero_outdegree_count__n,untested_zero_outdegree_count__mean,untested_zero_outdegree_count__sd,untested_zero_outdegree_count__n,bad_source_count__mean,bad_source_count__sd,bad_source_count__n,reliable_out_degree_mean__mean,reliable_out_degree_mean__sd,reliable_out_degree_mean__n,predictive_event_count__mean,predictive_event_count__sd,predictive_event_count__n,predictive_context_groups__mean,predictive_context_groups__sd,predictive_context_groups__n,predictive_eligible_count__mean,predictive_eligible_count__sd,predictive_eligible_count__n,predictive_reliability_gap__mean,predictive_reliability_gap__sd,predictive_reliability_gap__n,largest_scc__mean,largest_scc__sd,largest_scc__n,reachable_pair_fraction__mean,reachable_pair_fraction__sd,reachable_pair_fraction__n,reciprocal_fraction__mean,reciprocal_fraction__sd,reciprocal_fraction__n,top3_incoming_share__mean,top3_incoming_share__sd,top3_incoming_share__n,target_hit_lift__mean,target_hit_lift__sd,target_hit_lift__n,target_action_sensitivity__mean,target_action_sensitivity__sd,target_action_sensitivity__n,target_value_span__mean,target_value_span__sd,target_value_span__n,decoder_parameter_count__mean,decoder_parameter_count__sd,decoder_parameter_count__n,film_modulation_norm_mean__mean,film_modulation_norm_mean__sd,film_modulation_norm_mean__n,film_modulation_norm_max__mean,film_modulation_norm_max__sd,film_modulation_norm_max__n,behavior_replay_mismatch__mean,behavior_replay_mismatch__sd,behavior_replay_mismatch__n,option_success_fraction__mean,option_success_fraction__sd,option_success_fraction__n
C05,directional,legacy,39.819740640039555,7.352966311859016,3,0.024456760339569627,0.0026333537935143325,3,0.00027412280701754384,0.0004747946292677843,3,0.9578301786330709,0.016457401826438865,3,0.2543859649122807,0.4406094159605039,3,0.0,0.0,3,0.0,0.0,3,0.0021929824561403508,0.0037983570341422745,3,0.0,0.0,3,0.2078124978334496,0.04190951855063905,3,0.0,0.0,3,12.013157894736842,3.1973751895098386,3,12.013157894736842,3.1973751895098386,3,0.0,0.0,3,0.31606359649122806,0.2576988035902666,3,0.0,0.0,3,0.0,0.0,3,0.0,0.0,3,0.0,0.0,3,1.155701754385965,0.13805342750471175,3,0.024250731616599585,0.020093900361286665,3,0.03855123995035364,0.033588672295513086,3,0.6767945388952891,0.501821588473899,3,3.2240405717309106,3.7677756889842864,3,0.016915250869810973,0.009224909774357751,3,0.0029732810153769895,0.0029379985344947135,3,165760.0,0.0,3,0.0,0.0,3,0.0,0.0,3,0.0,0.0,3,0.21023509842792953,0.09637764125562161,3
C05,directional,target_id_film,41.16813011703362,13.727040765383117,3,0.02662692153662966,0.0010635084601038328,3,0.0,0.0,3,0.9707734595265305,0.0042488554339461864,3,0.0,0.0,3,0.0,0.0,3,0.0,0.0,3,0.0,0.0,3,0.0,0.0,3,0.1936403508379794,0.005615705108856043,3,0.0,0.0,3,12.625,0.9090619880189376,3,12.625,0.9090619880189376,3,0.0,0.0,3,0.25671600877192985,0.06324266244108757,3,0.0,0.0,3,0.0,0.0,3,0.0,0.0,3,0.0,0.0,3,1.0767543859649125,0.13294249619497966,3,0.017434210937241453,0.003854619098518272,3,0.035087719494313524,0.06077371288587598,3,0.9991407955163404,0.001488184461391366,3,0.9933609201719887,0.1648518537758992,3,0.029694985460976073,0.02020045782488441,3,0.008980401017317107,0.0044624726944620585,3,167808.0,0.0,3,0.21118762837559504,0.02050988981934093,3,0.7771702646686319,0.18796367551597545,3,0.0,0.0,3,0.2193070392496067,0.08164465524484846,3
C05,monitor,legacy,44.50793121130757,12.202959216744782,3,0.025704233269942433,0.0019796232282727395,3,0.0,0.0,3,0.9602664859409918,0.0013094181402491705,3,0.0,0.0,3,0.0,0.0,3,0.0,0.0,3,0.0,0.0,3,0.0,0.0,3,0.19199561425729803,0.05164592340397657,3,0.0,0.0,3,12.93640350877193,3.094101632506712,3,12.93640350877193,3.094101632506712,3,0.0,0.0,3,0.20970394736842105,0.220124155755191,3,429.8684210526315,71.87039549264148,3,136.83771929824562,40.76049179070726,3,6.758771929824562,3.0650999714068665,3,0.6014358570570485,0.11955277485325325,3,1.125,0.21650635094610965,3,0.017452485883902562,0.02056793232005121,3,0.030649540749819654,0.053086561807340345,3,0.9244940654750455,0.096488303097205,3,1.0791739558703022,0.07089247382015446,3,0.018313405340896885,0.006952692941687146,3,0.0022873988044713705,0.0007110219824791341,3,165760.0,0.0,3,0.0,0.0,3,0.0,0.0,3,0.0,0.0,3,0.2664071461512593,0.10264969291162665,3
C05,monitor,target_id_film,33.76497345956362,4.4319787248538685,3,0.02296648527446546,0.005345506648971559,3,0.0,0.0,3,0.9648305610345121,0.01875560764285276,3,0.0,0.0,3,0.0,0.0,3,0.0,0.0,3,0.0,0.0,3,0.0,0.0,3,0.17193896048947385,0.016806351046351614,3,0.0,0.0,3,11.11842105263158,3.0226021264728917,3,11.11842105263158,3.0226021264728917,3,0.0,0.0,3,0.3441611842105263,0.24605209560964003,3,310.9429824561403,17.45260987065609,3,87.73684210526316,18.900443308860993,3,3.0548245614035086,0.6226873186184511,3,0.6263936307738748,0.09116760146365427,3,1.394736842105263,0.5322039056883339,3,0.027457968487093847,0.021690188495291418,3,0.09652147429031238,0.10133384412362897,3,0.9829716219713814,0.02949401421805916,3,1.1389338448643684,0.29682794162072673,3,0.050716380586667935,0.025267987660573053,3,0.015089201660246769,0.00936746470687749,3,167808.0,0.0,3,0.270393251784538,0.0771863705276294,3,1.0113157369849974,0.35112960767596246,3,0.0,0.0,3,0.24640609718565096,0.09602418299127344,3
C05,predictive,legacy,57.383317065891625,32.839959385162956,3,0.026650679738898026,0.0019649086231433143,3,0.0,0.0,3,0.9738928318807952,0.007094856879879257,3,0.3333333333333333,0.5773502691896257,3,0.0,0.0,3,0.0,0.0,3,0.0,0.0,3,0.0,0.0,3,0.18913560020819045,0.007066858911257453,3,0.0,0.0,3,12.942982456140351,2.8729015988180366,3,12.942982456140351,2.8729015988180366,3,0.0,0.0,3,0.21025219298245612,0.18920744693656302,3,366.21271929824564,85.08191332040738,3,133.6578947368421,27.11534767052838,3,7.2368421052631575,0.9463399022160676,3,0.6357443772517798,0.13396704986220545,3,1.2258771929824561,0.3912307745166543,3,0.017653509354619148,0.017739813016841893,3,0.0735797840579037,0.1274439243982357,3,0.6775898507289719,0.5583223498303624,3,0.9639187615952993,0.048525212638835157,3,0.012394801776839845,0.009081843673705653,3,0.0027037035424176507,0.0012406821132953615,3,165760.0,0.0,3,0.0,0.0,3,0.0,0.0,3,0.0,0.0,3,0.2823229409313123,0.14477673843693892,3
C05,predictive,target_id_film,31.409056587760134,1.4819168195004604,3,0.02367688390751427,0.0018396759108726818,3,0.0,0.0,3,0.9644714296206661,0.010503502034664021,3,0.3333333333333333,0.5773502691896257,3,0.0,0.0,3,0.0,0.0,3,0.0,0.0,3,0.0,0.0,3,0.17739280734821947,0.007490697198626829,3,0.0,0.0,3,9.487810042347247,4.998806226774027,3,9.487810042347247,4.998806226774027,3,0.0,0.0,3,0.4486785390199637,0.37497075683850856,3,312.64649122807015,153.74325619363955,3,97.15161826981246,50.49210448019483,3,3.8014367816091954,4.311026457789404,3,0.4646143135113818,0.15646129715805782,3,1.3333333333333333,0.5773502691896257,3,0.032610973294179814,0.02901087288286463,3,0.05035635250571527,0.08721976102374719,3,1.0000000066726191,5.436823702253836e-09,3,1.005542220873899,0.036392388366695796,3,0.03456955494709016,0.008405810378404517,3,0.010500651221045987,0.0024223715442110876,3,167808.0,0.0,3,0.23432851007407676,0.10168547757037258,3,1.0201011066374026,0.36470877185999984,3,0.0,0.0,3,0.24332317804672043,0.14346538724019844,3
C13,directional,legacy,47.52340642001226,10.121364911908355,3,0.014192480789987664,0.0004936854790230675,3,0.30290570175438597,0.04969775427444051,3,0.7229907364960303,0.022892096024101805,3,0.0,0.0,3,0.0,0.0,3,0.0,0.0,3,0.0,0.0,3,0.0,0.0,3,0.17542946028212705,0.041152510584114524,3,0.0,0.0,3,15.410087719298247,0.3956312965464402,3,15.410087719298247,0.3956312965464402,3,0.0,0.0,3,0.03686951754385965,0.024726956034152533,3,0.0,0.0,3,0.0,0.0,3,0.0,0.0,3,0.0,0.0,3,1.0,0.0,3,0.002457967962407948,0.0016607258548951517,3,0.0,0.0,3,0.581140350877193,0.39965864358759357,3,20.476284472696612,17.687038008194136,3,0.01088438219308604,0.009246856995349927,3,0.005532386163395131,0.0032937936946485103,3,165760.0,0.0,3,0.0,0.0,3,0.0,0.0,3,0.0,0.0,3,0.019962422901012918,0.005472254182556741,3
C13,directional,target_id_film,44.06130927186425,12.839083663653795,3,0.015545627527069629,0.0018177184165510728,3,0.28741776315789475,0.04955409504994351,3,0.7469710013584087,0.026350273411358323,3,0.0,0.0,3,0.0,0.0,3,0.0,0.0,3,0.0,0.0,3,0.0,0.0,3,0.12346491183301338,0.006480730381569721,3,0.0,0.0,3,15.971491228070176,0.043804790253154126,3,15.971491228070176,0.043804790253154126,3,0.0,0.0,3,0.0017817982456140348,0.0027377993908221186,3,0.0,0.0,3,0.0,0.0,3,0.0,0.0,3,0.0,0.0,3,1.0,0.0,3,0.00010964912852566494,0.0001667424026189421,3,0.0,0.0,3,0.02631578947368421,0.04001817454143566,3,46.8397719154886,28.868473433878528,3,0.021176379687651143,0.007899665908379937,3,0.022536935658488227,0.0015965601066654555,3,167808.0,0.0,3,0.4689287019141934,0.020579200183978474,3,1.683240147536261,0.4248168771897465,3,0.0,0.0,3,0.017386428080499172,0.01107131836158233,3
C13,monitor,legacy,32.7528669504728,7.988186112663293,3,0.01826856289690698,0.0031972464657274717,3,0.23346125730994152,0.0707652862251039,3,0.7525903775590902,0.05914015305704713,3,0.0,0.0,3,0.0,0.0,3,0.0,0.0,3,0.0,0.0,3,0.0,0.0,3,0.1408016576665884,0.02887275676223079,3,0.0,0.0,3,15.942982456140351,0.09875728288769887,3,15.942982456140351,0.09875728288769887,3,0.0,0.0,3,0.0035635964912280704,0.006172330180481197,3,7.165204678362573,2.1722089926539048,3,5.891812865497076,1.7978100848989924,3,0.0029239766081871343,0.0050644760455230324,3,0.0007309941520467836,0.0012661190113807581,3,1.0,0.0,3,0.0002284356844284686,0.00039566221169187824,3,0.0,0.0,3,0.054824561403508776,0.09495892585355688,3,14.392550858380327,24.137010846091066,3,0.015364562702495933,0.008783811429145295,3,0.01124309305998916,0.0032670467984155863,3,165760.0,0.0,3,0.0,0.0,3,0.0,0.0,3,0.0,0.0,3,0.02863293458103088,0.009105618867986713,3
C13,monitor,target_id_film,41.21519653777177,5.156434088780666,3,0.01615872299462034,0.0037267084090780093,3,0.30290570175438597,0.1070519757003867,3,0.7104462135517807,0.06662290830974052,3,0.0,0.0,3,0.0,0.0,3,0.0,0.0,3,0.0,0.0,3,0.0,0.0,3,0.18612938586687833,0.07070668294496531,3,0.0,0.0,3,15.892543859649123,0.12418943100673466,3,15.892543859649123,0.12418943100673466,3,0.0,0.0,3,0.006716008771929825,0.0077618394379209265,3,6.4035087719298245,2.32094534203237,3,5.105263157894737,1.522695911643287,3,0.05482456140350877,0.08932198181761535,3,0.014839181398744123,0.02429175637895882,3,1.0,0.0,3,0.0004477339414797985,0.0004997262290552714,3,0.0,0.0,3,0.10307017543859649,0.1128693792320857,3,17.268784724633424,15.86613702402995,3,0.01821676168790937,0.006876367458801236,3,0.01865401184145492,0.006411718439573968,3,167808.0,0.0,3,0.4201933506288027,0.016600711462214195,3,1.3359790807753278,0.16075581754424115,3,0.0,0.0,3,0.053732961514278456,0.06858343555414283,3
C13,predictive,legacy,34.155301151026094,3.846434552864295,3,0.016135872926974635,0.0024582380734924428,3,0.25668877802951084,0.023768979035137847,3,0.7433694039863258,0.028906081397479428,3,3.3333333333333335,2.0816659994661326,3,0.0,0.0,3,0.0,0.0,3,0.0,0.0,3,0.0,0.0,3,0.08312656165603681,0.02341590385366697,3,0.0,0.0,3,15.962719298245615,0.06457206958041846,3,15.962719298245615,0.06457206958041846,3,0.0,0.0,3,0.0023300438596491227,0.004035754348776167,3,6.440528058556988,1.7685627339575387,3,5.381099686301847,1.4339945032043044,3,0.0,0.0,3,0.0,0.0,3,1.0,0.0,3,0.00015533626541135867,0.0002690503039504772,3,0.0,0.0,3,0.03728070175438596,0.06457206958041867,3,23.262129755651955,21.30466883715317,3,0.019708948837688634,0.006622363098086873,3,0.015654709280579677,0.009222504441435731,3,165760.0,0.0,3,0.0,0.0,3,0.0,0.0,3,0.0,0.0,3,0.015486632606588746,0.014831444249153789,3
C13,predictive,target_id_film,40.353690936068375,3.5424763444527354,3,0.013286724425198739,0.0011102680989979515,3,0.32250548245614036,0.0814252025315987,3,0.6997014859266448,0.022717768744180227,3,1.6666666666666667,0.5773502691896257,3,0.0,0.0,3,0.0,0.0,3,0.0,0.0,3,0.0,0.0,3,0.07944992861073268,0.021081990395902077,3,0.0,0.0,3,16.0,0.0,3,16.0,0.0,3,0.0,0.0,3,0.0,0.0,3,5.256578947368421,0.5325697514562809,3,4.326754385964912,0.49984127212771534,3,0.0,0.0,3,0.0,0.0,3,1.0,0.0,3,0.0,0.0,3,0.0,0.0,3,0.0,0.0,3,19.922507506844244,18.84606472497167,3,0.021219260341144703,0.002797980042925283,3,0.024313668626474966,0.003092710429184795,3,167808.0,0.0,3,0.2771170896788438,0.08445303500760959,3,1.5649058986128423,0.045255211343810636,3,0.0,0.0,3,0.009104025876966486,0.002677522186859493,3
C15,directional,legacy,35.6890009103924,10.398783780024518,3,0.02833296123303865,0.0008792562874125939,3,0.0,0.0,3,0.9771026702303636,0.0012478946228636496,3,0.0,0.0,3,0.0,0.0,3,0.0,0.0,3,0.0,0.0,3,0.0,0.0,3,0.9767818033956646,0.011530867155130292,3,11.035087719298247,2.3967632885437746,3,0.19956140350877194,0.34565049010694704,3,0.1293859649122807,0.2241030650143942,3,0.07017543859649122,0.12154742509255279,3,3.4849232456140355,1.342856266266711,3,0.0,0.0,3,0.0,0.0,3,0.0,0.0,3,0.0,0.0,3,11.491228070175438,4.213169058249234,3,0.7453307718561407,0.2229935670885237,3,0.27539199540032105,0.05704400254129316,3,0.491029248556547,0.05759629836918012,3,4.915335723966883,7.0900570306653545,3,0.006373564538622751,0.0008583502012786763,3,0.016001396121665543,0.0018506067510466895,3,165760.0,0.0,3,0.0,0.0,3,0.0,0.0,3,0.0,0.0,3,0.1487774101020605,0.011624064749989301,3
C15,directional,target_id_film,63.590491312586174,6.985182457479376,3,0.028666178385416668,0.0010488487827644479,3,0.0,0.0,3,0.9774284438605894,0.0031288091878506424,3,0.0,0.0,3,0.0,0.0,3,0.0,0.0,3,0.0,0.0,3,0.0,0.0,3,0.9776589938423089,0.005811599052032095,3,11.324561403508772,1.1141818524681442,3,0.0,0.0,3,0.0,0.0,3,0.0,0.0,3,5.207648026315789,0.5874795037441829,3,0.0,0.0,3,0.0,0.0,3,0.0,0.0,3,0.0,0.0,3,14.646929824561404,0.27096425914172756,3,0.9154331140350878,0.016935266196357972,3,0.3453863384692292,0.052019521571941736,3,0.482657772668621,0.033714450486918346,3,0.8177424243144822,0.03588304331299741,3,0.011489507198571676,0.001341267537147667,3,0.023942484461657476,0.0018231634390480991,3,167808.0,0.0,3,0.734378454847294,0.05376487397664951,3,1.745932093837805,0.04267178013289714,3,0.0,0.0,3,0.1725890069644441,0.018522662870686716,3
C15,monitor,legacy,38.79709031366867,15.089869286052037,3,0.027841534530907347,0.0007327960375248739,3,0.0,0.0,3,0.9775796448975278,0.0028879355547964487,3,0.0,0.0,3,0.0,0.0,3,0.0,0.0,3,0.0,0.0,3,0.0,0.0,3,0.9665204711389124,0.013875120490242527,3,10.197368421052632,2.121901766167124,3,0.3552631578947369,0.6153338395310486,3,0.19956140350877194,0.34565049010694704,3,0.15570175438596492,0.2696833494241015,3,4.165570175438597,1.2240213139603533,3,11.679824561403509,2.624499798449048,3,9.416666666666666,2.523241459067514,3,0.08991228070175439,0.053582419837151826,3,0.02895322288468219,0.017672860135488966,3,12.67763157894737,2.834060556556113,3,0.7940606718654172,0.17498746247166438,3,0.3875839882121797,0.029341287234960718,3,0.43697156835543477,0.012690377549009061,3,1.9336148261239654,2.0214526152281236,3,0.007652760075870901,0.0018478649722208009,3,0.015442574020996464,0.0038240555011308393,3,165760.0,0.0,3,0.0,0.0,3,0.0,0.0,3,0.0,0.0,3,0.13713924198313374,0.0012322601234622426,3
C15,monitor,target_id_film,65.55831969833335,4.7133833709832365,3,0.028964527866296597,0.0017966981967741634,3,0.0,0.0,3,0.9774543832530055,0.0023786504498604383,3,0.0,0.0,3,0.0,0.0,3,0.0,0.0,3,0.0,0.0,3,0.0,0.0,3,0.9706871376225822,0.017121277846800155,3,10.054824561403509,3.2045101994925678,3,0.0,0.0,3,0.0,0.0,3,0.0,0.0,3,5.218612938596491,0.5837989501701419,3,16.021929824561404,0.4438880356362161,3,12.88157894736842,0.38412264676302615,3,0.19736842105263155,0.03481251725084988,3,0.05019058081272401,0.005438037686850774,3,14.532894736842104,0.17738774687779946,3,0.9087445171255815,0.010835343514929695,3,0.3382756868213938,0.033410823338600446,3,0.49833013738195103,0.0602791532574741,3,2.9052641193725557,3.5452127984662005,3,0.013485965530874144,0.0014158018871416422,3,0.025200069795047103,0.0023133445722389985,3,167808.0,0.0,3,0.7176113076377333,0.06156821115754394,3,1.7897623450609677,0.07540709395595847,3,0.0,0.0,3,0.1812534263569927,0.0010677425203812533,3
C15,predictive,legacy,48.04594206105133,19.422521690121297,3,0.027808484458280686,0.0008779567214502118,3,0.0,0.0,3,0.9773782871380505,0.0005296669560308449,3,0.0,0.0,3,0.0,0.0,3,0.0,0.0,3,0.0,0.0,3,0.0,0.0,3,0.9755447462289414,0.0068626096547385945,3,10.992172069245962,1.120924418167391,3,0.3223684210526316,0.3904925329408342,3,0.11403508771929825,0.1975145657753983,3,0.20833333333333334,0.20724554423389055,3,3.924333936040432,1.5576615247965377,3,9.25442953410015,0.8779541722272249,3,7.848045195770884,0.7959943464259942,3,0.07910712210991054,0.011259270661101993,3,0.027992027744402403,0.004488248656005424,3,12.143139305216684,1.1635418305306515,3,0.7712609703683183,0.06794297702714003,3,0.2995477753428545,0.09989014109519972,3,0.5329484611799856,0.10810499688049391,3,0.7427566964835002,0.07271373436774725,3,0.005890728800894976,0.0006040870185517118,3,0.012631188766743172,0.0069778104163712345,3,165760.0,0.0,3,0.0,0.0,3,0.0,0.0,3,0.0,0.0,3,0.15020455447022565,0.02317914990156721,3
C15,predictive,target_id_film,59.16337997235206,14.40226660452675,3,0.028832607482228743,0.00028795625234455006,3,0.0,0.0,3,0.9783117930854907,0.0016024110261712438,3,0.0,0.0,3,0.0,0.0,3,0.0,0.0,3,0.0,0.0,3,0.0,0.0,3,0.962343000802412,0.019689047657487958,3,8.350877192982457,4.324792705817446,3,0.010964912280701754,0.018991785170711373,3,0.0,0.0,3,0.010964912280701754,0.018991785170711373,3,5.5478967304625195,0.3722560028400919,3,14.907097288676235,1.6060148605315572,3,12.009370015948965,0.9892970648169216,3,0.14792663476874005,0.003294001523496469,3,0.04024811119191717,0.004233571720750014,3,14.848285486443382,0.10874043512430641,3,0.9273391811495002,0.008048776514427914,3,0.3759361347346975,0.004860375549679493,3,0.48353350953313345,0.05132003048273223,3,3.606980270187725,4.952538997848494,3,0.00935194893009319,0.0024285115819026094,3,0.022724809954002775,0.00038665634404344746,3,167808.0,0.0,3,0.6906706621510942,0.03697980296655604,3,1.7771374630775938,0.008741373162445797,3,0.0,0.0,3,0.16128265513835008,0.008747014936845017,3
