base,contrast,metric,mean,sd,n
C05,DIR_minus_MON_FILM,attempt_coverage,0.021701390348505555,0.0220911406272246,3
C05,DIR_minus_MON_FILM,bad_source_assignments,0.0,0.0,3
C05,DIR_minus_MON_FILM,bad_source_count,0.0,0.0,3
C05,DIR_minus_MON_FILM,behavior_replay_mismatch,0.0,0.0,3
C05,DIR_minus_MON_FILM,coverage_auc,7.403156657469996,9.442171592590581,3
C05,DIR_minus_MON_FILM,decoder_parameter_count,0.0,0.0,3
C05,DIR_minus_MON_FILM,dg_density,0.003660436262164201,0.004361443040844362,3
C05,DIR_minus_MON_FILM,dg_silent_fraction,0.0,0.0,3
C05,DIR_minus_MON_FILM,dg_usage_entropy,0.005942898492018382,0.014594080803233088,3
C05,DIR_minus_MON_FILM,duplicate_assignments,0.0,0.0,3
C05,DIR_minus_MON_FILM,film_modulation_norm_max,-0.23414547231636543,0.48294126447006885,3
C05,DIR_minus_MON_FILM,film_modulation_norm_mean,-0.05920562340894291,0.09463314066430331,3
C05,DIR_minus_MON_FILM,fully_tested_count,0.0,0.0,3
C05,DIR_minus_MON_FILM,largest_scc,-0.3179824561403508,0.6259457295365335,3
C05,DIR_minus_MON_FILM,option_success_fraction,-0.02709905793604424,0.07302781454457213,3
C05,DIR_minus_MON_FILM,predictive_assignments,0.0,0.0,3
C05,DIR_minus_MON_FILM,predictive_context_groups,-87.73684210526316,18.900443308860993,3
C05,DIR_minus_MON_FILM,predictive_eligible_count,-3.0548245614035086,0.6226873186184511,3
C05,DIR_minus_MON_FILM,predictive_event_count,-310.9429824561403,17.45260987065609,3
C05,DIR_minus_MON_FILM,predictive_reliability_gap,-0.6263936307738748,0.09116760146365427,3
C05,DIR_minus_MON_FILM,reachable_pair_fraction,-0.010023757549852392,0.022777648131416358,3
C05,DIR_minus_MON_FILM,reciprocal_fraction,-0.061433754795998864,0.15531306251579435,3
C05,DIR_minus_MON_FILM,recruitment_total,0.0,0.0,3
C05,DIR_minus_MON_FILM,reliable_out_degree_mean,-0.08744517543859649,0.2633818092065912,3
C05,DIR_minus_MON_FILM,repeat_assignments,0.0,0.0,3
C05,DIR_minus_MON_FILM,target_action_sensitivity,-0.021021395125691858,0.01665954838589996,3
C05,DIR_minus_MON_FILM,target_hit_lift,-0.1455729246923798,0.347805058065476,3
C05,DIR_minus_MON_FILM,target_value_span,-0.006108800642929661,0.013156799368074837,3
C05,DIR_minus_MON_FILM,top3_incoming_share,0.016169173544958986,0.030265560310504768,3
C05,DIR_minus_MON_FILM,untested_zero_outdegree_count,1.5065789473684212,2.6967345211500375,3
C05,DIR_minus_MON_FILM,zero_outdegree_count,1.5065789473684212,2.6967345211500375,3
C05,DIR_minus_MON_LEG,attempt_coverage,0.015816883576151575,0.022971543238041278,3
C05,DIR_minus_MON_LEG,bad_source_assignments,0.0,0.0,3
C05,DIR_minus_MON_LEG,bad_source_count,0.0,0.0,3
C05,DIR_minus_MON_LEG,behavior_replay_mismatch,0.0,0.0,3
C05,DIR_minus_MON_LEG,coverage_auc,-4.688190571268014,14.249510087742493,3
C05,DIR_minus_MON_LEG,decoder_parameter_count,0.0,0.0,3
C05,DIR_minus_MON_LEG,dg_density,-0.001247472930372806,0.0030428226618923948,3
C05,DIR_minus_MON_LEG,dg_silent_fraction,0.00027412280701754384,0.0004747946292677843,3
C05,DIR_minus_MON_LEG,dg_usage_entropy,-0.002436307307920993,0.017721173045238833,3
C05,DIR_minus_MON_LEG,duplicate_assignments,0.0021929824561403508,0.0037983570341422745,3
C05,DIR_minus_MON_LEG,film_modulation_norm_max,0.0,0.0,3
C05,DIR_minus_MON_LEG,film_modulation_norm_mean,0.0,0.0,3
C05,DIR_minus_MON_LEG,fully_tested_count,0.0,0.0,3
C05,DIR_minus_MON_LEG,largest_scc,0.030701754385964897,0.16011775733571768,3
C05,DIR_minus_MON_LEG,option_success_fraction,-0.05617204772332977,0.06009376021107354,3
C05,DIR_minus_MON_LEG,predictive_assignments,0.0,0.0,3
C05,DIR_minus_MON_LEG,predictive_context_groups,-136.83771929824562,40.76049179070726,3
C05,DIR_minus_MON_LEG,predictive_eligible_count,-6.758771929824562,3.0650999714068665,3
C05,DIR_minus_MON_LEG,predictive_event_count,-429.8684210526315,71.87039549264148,3
C05,DIR_minus_MON_LEG,predictive_reliability_gap,-0.6014358570570485,0.11955277485325325,3
C05,DIR_minus_MON_LEG,reachable_pair_fraction,0.00679824573269702,0.01711977614666029,3
C05,DIR_minus_MON_LEG,reciprocal_fraction,0.007901699200533985,0.042843263912727456,3
C05,DIR_minus_MON_LEG,recruitment_total,0.2543859649122807,0.4406094159605039,3
C05,DIR_minus_MON_LEG,reliable_out_degree_mean,0.10635964912280703,0.21594701589602905,3
C05,DIR_minus_MON_LEG,repeat_assignments,0.0,0.0,3
C05,DIR_minus_MON_LEG,target_action_sensitivity,-0.001398154471085912,0.014309605381158682,3
C05,DIR_minus_MON_LEG,target_hit_lift,2.1448666158606087,3.7944605077727167,3
C05,DIR_minus_MON_LEG,target_value_span,0.000685882210905619,0.002239216445174252,3
C05,DIR_minus_MON_LEG,top3_incoming_share,-0.2476995265797565,0.4102619096667238,3
C05,DIR_minus_MON_LEG,untested_zero_outdegree_count,-0.9232456140350873,2.894739334129708,3
C05,DIR_minus_MON_LEG,zero_outdegree_count,-0.9232456140350873,2.894739334129708,3
C05,DIR_minus_PRED_FILM,attempt_coverage,0.01624754348975993,0.003459147996108091,3
C05,DIR_minus_PRED_FILM,bad_source_assignments,0.0,0.0,3
C05,DIR_minus_PRED_FILM,bad_source_count,0.0,0.0,3
C05,DIR_minus_PRED_FILM,behavior_replay_mismatch,0.0,0.0,3
C05,DIR_minus_PRED_FILM,coverage_auc,9.759073529273481,12.62247960331547,3
C05,DIR_minus_PRED_FILM,decoder_parameter_count,0.0,0.0,3
C05,DIR_minus_PRED_FILM,dg_density,0.0029500376291153874,0.001801186625382184,3
C05,DIR_minus_PRED_FILM,dg_silent_fraction,0.0,0.0,3
C05,DIR_minus_PRED_FILM,dg_usage_entropy,0.00630202990586437,0.008094651190173953,3
C05,DIR_minus_PRED_FILM,duplicate_assignments,0.0,0.0,3
C05,DIR_minus_PRED_FILM,film_modulation_norm_max,-0.24293084196877057,0.26206114402418373,3
C05,DIR_minus_PRED_FILM,film_modulation_norm_mean,-0.0231408816984817,0.08122240549409364,3
C05,DIR_minus_PRED_FILM,fully_tested_count,0.0,0.0,3
C05,DIR_minus_PRED_FILM,largest_scc,-0.256578947368421,0.654034728888916,3
C05,DIR_minus_PRED_FILM,option_success_fraction,-0.024016138797113756,0.16492233231062828,3
C05,DIR_minus_PRED_FILM,predictive_assignments,0.0,0.0,3
C05,DIR_minus_PRED_FILM,predictive_context_groups,-97.15161826981246,50.49210448019483,3
C05,DIR_minus_PRED_FILM,predictive_eligible_count,-3.8014367816091954,4.311026457789404,3
C05,DIR_minus_PRED_FILM,predictive_event_count,-312.64649122807015,153.74325619363955,3
C05,DIR_minus_PRED_FILM,predictive_reliability_gap,-0.4646143135113818,0.15646129715805782,3
C05,DIR_minus_PRED_FILM,reachable_pair_fraction,-0.015176762356938364,0.028963278746994368,3
C05,DIR_minus_PRED_FILM,reciprocal_fraction,-0.015268633011401744,0.12884641867512805,3
C05,DIR_minus_PRED_FILM,recruitment_total,-0.3333333333333333,0.5773502691896257,3
C05,DIR_minus_PRED_FILM,reliable_out_degree_mean,-0.19196253024803386,0.36863139283901836,3
C05,DIR_minus_PRED_FILM,repeat_assignments,0.0,0.0,3
C05,DIR_minus_PRED_FILM,target_action_sensitivity,-0.004874569486114082,0.027395653682018448,3
C05,DIR_minus_PRED_FILM,target_hit_lift,-0.01218130070191037,0.19830146549210248,3
C05,DIR_minus_PRED_FILM,target_value_span,-0.001520250203728879,0.005216881963741324,3
C05,DIR_minus_PRED_FILM,top3_incoming_share,-0.0008592111562788496,0.0014881868331291376,3
C05,DIR_minus_PRED_FILM,untested_zero_outdegree_count,3.1371899576527524,4.330688581524959,3
C05,DIR_minus_PRED_FILM,zero_outdegree_count,3.1371899576527524,4.330688581524959,3
C05,DIR_minus_PRED_LEG,attempt_coverage,0.018676897625259137,0.03521432574105757,3
C05,DIR_minus_PRED_LEG,bad_source_assignments,0.0,0.0,3
C05,DIR_minus_PRED_LEG,bad_source_count,0.0,0.0,3
C05,DIR_minus_PRED_LEG,behavior_replay_mismatch,0.0,0.0,3
C05,DIR_minus_PRED_LEG,coverage_auc,-17.563576425852073,39.249466012067906,3
C05,DIR_minus_PRED_LEG,decoder_parameter_count,0.0,0.0,3
C05,DIR_minus_PRED_LEG,dg_density,-0.002193919399328398,0.004545511632435158,3
C05,DIR_minus_PRED_LEG,dg_silent_fraction,0.00027412280701754384,0.0004747946292677843,3
C05,DIR_minus_PRED_LEG,dg_usage_entropy,-0.016062653247724528,0.021498720489298042,3
C05,DIR_minus_PRED_LEG,duplicate_assignments,0.0021929824561403508,0.0037983570341422745,3
C05,DIR_minus_PRED_LEG,film_modulation_norm_max,0.0,0.0,3
C05,DIR_minus_PRED_LEG,film_modulation_norm_mean,0.0,0.0,3
C05,DIR_minus_PRED_LEG,fully_tested_count,0.0,0.0,3
C05,DIR_minus_PRED_LEG,largest_scc,-0.07017543859649122,0.31512631391419055,3
C05,DIR_minus_PRED_LEG,option_success_fraction,-0.07208784250338283,0.13155959852198293,3
C05,DIR_minus_PRED_LEG,predictive_assignments,0.0,0.0,3
C05,DIR_minus_PRED_LEG,predictive_context_groups,-133.6578947368421,27.11534767052838,3
C05,DIR_minus_PRED_LEG,predictive_eligible_count,-7.2368421052631575,0.9463399022160676,3
C05,DIR_minus_PRED_LEG,predictive_event_count,-366.21271929824564,85.08191332040738,3
C05,DIR_minus_PRED_LEG,predictive_reliability_gap,-0.6357443772517798,0.13396704986220545,3
C05,DIR_minus_PRED_LEG,reachable_pair_fraction,0.006597222261980438,0.025222536572944623,3
C05,DIR_minus_PRED_LEG,reciprocal_fraction,-0.035028544107550075,0.11091756525409739,3
C05,DIR_minus_PRED_LEG,recruitment_total,-0.07894736842105261,0.13674085322912188,3
C05,DIR_minus_PRED_LEG,reliable_out_degree_mean,0.10581140350877194,0.3500531072647431,3
C05,DIR_minus_PRED_LEG,repeat_assignments,0.0,0.0,3
C05,DIR_minus_PRED_LEG,target_action_sensitivity,0.0045204490929711275,0.015123676506056342,3
C05,DIR_minus_PRED_LEG,target_hit_lift,2.2601218101356113,3.8118512169732592,3
C05,DIR_minus_PRED_LEG,target_value_span,0.00026957747295933886,0.0029315454906614913,3
C05,DIR_minus_PRED_LEG,top3_incoming_share,-0.0007953118336828288,0.8999978998347328,3
C05,DIR_minus_PRED_LEG,untested_zero_outdegree_count,-0.9298245614035086,4.558528530546261,3
C05,DIR_minus_PRED_LEG,zero_outdegree_count,-0.9298245614035086,4.558528530546261,3
C05,DIR_x_goal,attempt_coverage,0.005884506772353988,0.030617554395738943,3
C05,DIR_x_goal,bad_source_assignments,0.0,0.0,3
C05,DIR_x_goal,bad_source_count,0.0,0.0,3
C05,DIR_x_goal,behavior_replay_mismatch,0.0,0.0,3
C05,DIR_x_goal,coverage_auc,12.091347228738009,7.34244578141974,3
C05,DIR_x_goal,decoder_parameter_count,0.0,0.0,3
C05,DIR_x_goal,dg_density,0.0049079091925370065,0.005987626781803524,3
C05,DIR_x_goal,dg_silent_fraction,-0.00027412280701754384,0.0004747946292677843,3
C05,DIR_x_goal,dg_usage_entropy,0.008379205799939374,0.01788110674558373,3
C05,DIR_x_goal,duplicate_assignments,-0.0021929824561403508,0.0037983570341422745,3
C05,DIR_x_goal,film_modulation_norm_max,-0.23414547231636543,0.48294126447006885,3
C05,DIR_x_goal,film_modulation_norm_mean,-0.05920562340894291,0.09463314066430331,3
C05,DIR_x_goal,fully_tested_count,0.0,0.0,3
C05,DIR_x_goal,largest_scc,-0.3486842105263157,0.7860396806150344,3
C05,DIR_x_goal,option_success_fraction,0.029072989787285525,0.02525509764126746,3
C05,DIR_x_goal,predictive_assignments,0.0,0.0,3
C05,DIR_x_goal,predictive_context_groups,49.100877192982466,58.23712390728627,3
C05,DIR_x_goal,predictive_eligible_count,3.7039473684210527,2.763745238328285,3
C05,DIR_x_goal,predictive_event_count,118.92543859649119,56.8766990603926,3
C05,DIR_x_goal,predictive_reliability_gap,-0.02495777371682621,0.12215050400520389,3
C05,DIR_x_goal,reachable_pair_fraction,-0.016822003282549416,0.03987431080736864,3
C05,DIR_x_goal,reciprocal_fraction,-0.06933545399653285,0.1965874320575602,3
C05,DIR_x_goal,recruitment_total,-0.2543859649122807,0.4406094159605039,3
C05,DIR_x_goal,reliable_out_degree_mean,-0.1938048245614035,0.4793260485311002,3
C05,DIR_x_goal,repeat_assignments,0.0,0.0,3
C05,DIR_x_goal,target_action_sensitivity,-0.019623240654605946,0.011935340800163154,3
C05,DIR_x_goal,target_hit_lift,-2.2904395405529887,3.8431849615583267,3
C05,DIR_x_goal,target_value_span,-0.006794682853835279,0.013573639059219733,3
C05,DIR_x_goal,top3_incoming_share,0.2638687001247155,0.3985677803054663,3
C05,DIR_x_goal,untested_zero_outdegree_count,2.4298245614035086,5.578040879267992,3
C05,DIR_x_goal,zero_outdegree_count,2.4298245614035086,5.578040879267992,3
C05,FILM_minus_LEG_DIR,attempt_coverage,-0.014172146995470194,0.04744873757528338,3
C05,FILM_minus_LEG_DIR,bad_source_assignments,0.0,0.0,3
C05,FILM_minus_LEG_DIR,bad_source_count,0.0,0.0,3
C05,FILM_minus_LEG_DIR,behavior_replay_mismatch,0.0,0.0,3
C05,FILM_minus_LEG_DIR,coverage_auc,1.34838947699406,9.007362018306702,3
C05,FILM_minus_LEG_DIR,decoder_parameter_count,2048.0,0.0,3
C05,FILM_minus_LEG_DIR,dg_density,0.002170161197060033,0.0034991069328865125,3
C05,FILM_minus_LEG_DIR,dg_silent_fraction,-0.00027412280701754384,0.0004747946292677843,3
C05,FILM_minus_LEG_DIR,dg_usage_entropy,0.012943280893459641,0.01936436880634768,3
C05,FILM_minus_LEG_DIR,duplicate_assignments,-0.0021929824561403508,0.0037983570341422745,3
C05,FILM_minus_LEG_DIR,film_modulation_norm_max,0.7771702646686319,0.18796367551597545,3
C05,FILM_minus_LEG_DIR,film_modulation_norm_mean,0.21118762837559504,0.02050988981934093,3
C05,FILM_minus_LEG_DIR,fully_tested_count,0.0,0.0,3
C05,FILM_minus_LEG_DIR,largest_scc,-0.07894736842105259,0.10949550642824503,3
C05,FILM_minus_LEG_DIR,option_success_fraction,0.00907194082167718,0.17774682483571272,3
C05,FILM_minus_LEG_DIR,predictive_assignments,0.0,0.0,3
C05,FILM_minus_LEG_DIR,predictive_context_groups,0.0,0.0,3
C05,FILM_minus_LEG_DIR,predictive_eligible_count,0.0,0.0,3
C05,FILM_minus_LEG_DIR,predictive_event_count,0.0,0.0,3
C05,FILM_minus_LEG_DIR,predictive_reliability_gap,0.0,0.0,3
C05,FILM_minus_LEG_DIR,reachable_pair_fraction,-0.006816520679358132,0.02392902717704967,3
C05,FILM_minus_LEG_DIR,reciprocal_fraction,-0.0034635204560401153,0.04904231456675664,3
C05,FILM_minus_LEG_DIR,recruitment_total,-0.2543859649122807,0.4406094159605039,3
C05,FILM_minus_LEG_DIR,reliable_out_degree_mean,-0.05934758771929823,0.3195936605499516,3
C05,FILM_minus_LEG_DIR,repeat_assignments,0.0,0.0,3
C05,FILM_minus_LEG_DIR,target_action_sensitivity,0.012779734591165102,0.028794032843948724,3
C05,FILM_minus_LEG_DIR,target_hit_lift,-2.2306796515589222,3.9152417824962615,3
C05,FILM_minus_LEG_DIR,target_value_span,0.0060071200019401185,0.00643375824394578,3
C05,FILM_minus_LEG_DIR,top3_incoming_share,0.32234625662105126,0.5003368643290813,3
C05,FILM_minus_LEG_DIR,untested_zero_outdegree_count,0.6118421052631575,3.851736306677456,3
C05,FILM_minus_LEG_DIR,zero_outdegree_count,0.6118421052631575,3.851736306677456,3
C05,FILM_minus_LEG_MON,attempt_coverage,-0.020056653767824173,0.03990098375312994,3
C05,FILM_minus_LEG_MON,bad_source_assignments,0.0,0.0,3
C05,FILM_minus_LEG_MON,bad_source_count,0.0,0.0,3
C05,FILM_minus_LEG_MON,behavior_replay_mismatch,0.0,0.0,3
C05,FILM_minus_LEG_MON,coverage_auc,-10.74295775174395,15.824108206322776,3
C05,FILM_minus_LEG_MON,decoder_parameter_count,2048.0,0.0,3
C05,FILM_minus_LEG_MON,dg_density,-0.002737747995476974,0.007242411532515318,3
C05,FILM_minus_LEG_MON,dg_silent_fraction,0.0,0.0,3
C05,FILM_minus_LEG_MON,dg_usage_entropy,0.004564075093520266,0.018528021350416268,3
C05,FILM_minus_LEG_MON,duplicate_assignments,0.0,0.0,3
C05,FILM_minus_LEG_MON,film_modulation_norm_max,1.0113157369849974,0.35112960767596246,3
C05,FILM_minus_LEG_MON,film_modulation_norm_mean,0.270393251784538,0.0771863705276294,3
C05,FILM_minus_LEG_MON,fully_tested_count,0.0,0.0,3
C05,FILM_minus_LEG_MON,largest_scc,0.2697368421052631,0.691478353254381,3
C05,FILM_minus_LEG_MON,option_success_fraction,-0.020001048965608347,0.15632606410410854,3
C05,FILM_minus_LEG_MON,predictive_assignments,0.0,0.0,3
C05,FILM_minus_LEG_MON,predictive_context_groups,-49.100877192982466,58.23712390728627,3
C05,FILM_minus_LEG_MON,predictive_eligible_count,-3.7039473684210527,2.763745238328285,3
C05,FILM_minus_LEG_MON,predictive_event_count,-118.92543859649119,56.8766990603926,3
C05,FILM_minus_LEG_MON,predictive_reliability_gap,0.02495777371682621,0.12215050400520389,3
C05,FILM_minus_LEG_MON,reachable_pair_fraction,0.010005482603191285,0.036951877013750335,3
C05,FILM_minus_LEG_MON,reciprocal_fraction,0.06587193354049274,0.14819496478584318,3
C05,FILM_minus_LEG_MON,recruitment_total,0.0,0.0,3
C05,FILM_minus_LEG_MON,reliable_out_degree_mean,0.13445723684210528,0.4057150667194165,3
C05,FILM_minus_LEG_MON,repeat_assignments,0.0,0.0,3
C05,FILM_minus_LEG_MON,target_action_sensitivity,0.03240297524577105,0.02050968976656367,3
C05,FILM_minus_LEG_MON,target_hit_lift,0.05975988899406637,0.350270124273299,3
C05,FILM_minus_LEG_MON,target_value_span,0.012801802855775398,0.009615941573785222,3
C05,FILM_minus_LEG_MON,top3_incoming_share,0.05847755649633579,0.11847835265934155,3
C05,FILM_minus_LEG_MON,untested_zero_outdegree_count,-1.817982456140351,5.418474465709827,3
C05,FILM_minus_LEG_MON,zero_outdegree_count,-1.817982456140351,5.418474465709827,3
C05,FILM_minus_LEG_PRED,attempt_coverage,-0.011742792859970985,0.014556717271186194,3
C05,FILM_minus_LEG_PRED,bad_source_assignments,0.0,0.0,3
C05,FILM_minus_LEG_PRED,bad_source_count,0.0,0.0,3
C05,FILM_minus_LEG_PRED,behavior_replay_mismatch,0.0,0.0,3
C05,FILM_minus_LEG_PRED,coverage_auc,-25.974260478131498,32.388193437264675,3
C05,FILM_minus_LEG_PRED,decoder_parameter_count,2048.0,0.0,3
C05,FILM_minus_LEG_PRED,dg_density,-0.0029737958313837526,0.0015167076418843037,3
C05,FILM_minus_LEG_PRED,dg_silent_fraction,0.0,0.0,3
C05,FILM_minus_LEG_PRED,dg_usage_entropy,-0.009421402260129256,0.007568167543374085,3
C05,FILM_minus_LEG_PRED,duplicate_assignments,0.0,0.0,3
C05,FILM_minus_LEG_PRED,film_modulation_norm_max,1.0201011066374026,0.36470877185999984,3
C05,FILM_minus_LEG_PRED,film_modulation_norm_mean,0.23432851007407676,0.10168547757037258,3
C05,FILM_minus_LEG_PRED,fully_tested_count,0.0,0.0,3
C05,FILM_minus_LEG_PRED,largest_scc,0.10745614035087721,0.8439621112613354,3
C05,FILM_minus_LEG_PRED,option_success_fraction,-0.03899976288459189,0.28336457488736394,3
C05,FILM_minus_LEG_PRED,predictive_assignments,0.0,0.0,3
C05,FILM_minus_LEG_PRED,predictive_context_groups,-36.50627646702966,75.10513205321955,3
C05,FILM_minus_LEG_PRED,predictive_eligible_count,-3.435405323653962,4.937484556464095,3
C05,FILM_minus_LEG_PRED,predictive_event_count,-53.56622807017544,237.67103496801093,3
C05,FILM_minus_LEG_PRED,predictive_reliability_gap,-0.171130063740398,0.21162932239494162,3
C05,FILM_minus_LEG_PRED,reachable_pair_fraction,0.01495746393956067,0.04663236934940157,3
C05,FILM_minus_LEG_PRED,reciprocal_fraction,-0.02322343155218844,0.18698895477809754,3
C05,FILM_minus_LEG_PRED,recruitment_total,0.0,1.0,3
C05,FILM_minus_LEG_PRED,reliable_out_degree_mean,0.23842634603750756,0.5624860629877864,3
C05,FILM_minus_LEG_PRED,repeat_assignments,0.0,0.0,3
C05,FILM_minus_LEG_PRED,target_action_sensitivity,0.022174753170250316,0.013425687569032936,3
C05,FILM_minus_LEG_PRED,target_hit_lift,0.04162345927859967,0.0666306710176894,3
C05,FILM_minus_LEG_PRED,target_value_span,0.007796947678628335,0.0034211715922073753,3
C05,FILM_minus_LEG_PRED,top3_incoming_share,0.3224101559436473,0.5583223528817982,3
C05,FILM_minus_LEG_PRED,untested_zero_outdegree_count,-3.455172413793104,7.8501571062409985,3
C05,FILM_minus_LEG_PRED,zero_outdegree_count,-3.455172413793104,7.8501571062409985,3
C05,PRED_minus_MON_FILM,attempt_coverage,0.005453846858745624,0.024289393896014276,3
C05,PRED_minus_MON_FILM,bad_source_assignments,0.0,0.0,3
C05,PRED_minus_MON_FILM,bad_source_count,0.0,0.0,3
C05,PRED_minus_MON_FILM,behavior_replay_mismatch,0.0,0.0,3
C05,PRED_minus_MON_FILM,coverage_auc,-2.3559168718034855,3.191476956300673,3
C05,PRED_minus_MON_FILM,decoder_parameter_count,0.0,0.0,3
C05,PRED_minus_MON_FILM,dg_density,0.0007103986330488135,0.005685226228460953,3
C05,PRED_minus_MON_FILM,dg_silent_fraction,0.0,0.0,3
C05,PRED_minus_MON_FILM,dg_usage_entropy,-0.0003591314138459885,0.01545403032258122,3
C05,PRED_minus_MON_FILM,duplicate_assignments,0.0,0.0,3
C05,PRED_minus_MON_FILM,film_modulation_norm_max,0.008785369652405136,0.711778455950584,3
C05,PRED_minus_MON_FILM,film_modulation_norm_mean,-0.03606474171046121,0.16882133700330704,3
C05,PRED_minus_MON_FILM,fully_tested_count,0.0,0.0,3
C05,PRED_minus_MON_FILM,largest_scc,-0.06140350877192979,0.10635399695598365,3
C05,PRED_minus_MON_FILM,option_success_fraction,-0.0030829191389304864,0.09688704653683396,3
C05,PRED_minus_MON_FILM,predictive_assignments,0.0,0.0,3
C05,PRED_minus_MON_FILM,predictive_context_groups,9.4147761645493,31.98026418891432,3
C05,PRED_minus_MON_FILM,predictive_eligible_count,0.7466122202056865,3.9591726990207836,3
C05,PRED_minus_MON_FILM,predictive_event_count,1.7035087719298,137.36166549438568,3
C05,PRED_minus_MON_FILM,predictive_reliability_gap,-0.16177931726249292,0.19693353567596733,3
C05,PRED_minus_MON_FILM,reachable_pair_fraction,0.00515300480708597,0.010138859811468257,3
C05,PRED_minus_MON_FILM,reciprocal_fraction,-0.04616512178459712,0.04394952729806828,3
C05,PRED_minus_MON_FILM,recruitment_total,0.3333333333333333,0.5773502691896257,3
C05,PRED_minus_MON_FILM,reliable_out_degree_mean,0.10451735480943736,0.164976852992481,3
C05,PRED_minus_MON_FILM,repeat_assignments,0.0,0.0,3
C05,PRED_minus_MON_FILM,target_action_sensitivity,-0.01614682563957778,0.033656126652065334,3
C05,PRED_minus_MON_FILM,target_hit_lift,-0.13339162399046944,0.2810476567667698,3
C05,PRED_minus_MON_FILM,target_value_span,-0.004588550439200782,0.007942133482351036,3
C05,PRED_minus_MON_FILM,top3_incoming_share,0.017028384701237836,0.029494017268990917,3
C05,PRED_minus_MON_FILM,untested_zero_outdegree_count,-1.6306110102843314,2.4573165405003445,3
C05,PRED_minus_MON_FILM,zero_outdegree_count,-1.6306110102843314,2.4573165405003445,3
C05,PRED_minus_MON_LEG,attempt_coverage,-0.002860014049107564,0.04671686734123439,3
C05,PRED_minus_MON_LEG,bad_source_assignments,0.0,0.0,3
C05,PRED_minus_MON_LEG,bad_source_count,0.0,0.0,3
C05,PRED_minus_MON_LEG,behavior_replay_mismatch,0.0,0.0,3
C05,PRED_minus_MON_LEG,coverage_auc,12.87538585458406,40.6935844368905,3
C05,PRED_minus_MON_LEG,decoder_parameter_count,0.0,0.0,3
C05,PRED_minus_MON_LEG,dg_density,0.000946446468955592,0.0033517136440625946,3
C05,PRED_minus_MON_LEG,dg_silent_fraction,0.0,0.0,3
C05,PRED_minus_MON_LEG,dg_usage_entropy,0.013626345939803533,0.0067287507965801425,3
C05,PRED_minus_MON_LEG,duplicate_assignments,0.0,0.0,3
C05,PRED_minus_MON_LEG,film_modulation_norm_max,0.0,0.0,3
C05,PRED_minus_MON_LEG,film_modulation_norm_mean,0.0,0.0,3
C05,PRED_minus_MON_LEG,fully_tested_count,0.0,0.0,3
C05,PRED_minus_MON_LEG,largest_scc,0.10087719298245612,0.1747244235705446,3
C05,PRED_minus_MON_LEG,option_success_fraction,0.01591579478005306,0.1878681142836182,3
C05,PRED_minus_MON_LEG,predictive_assignments,0.0,0.0,3
C05,PRED_minus_MON_LEG,predictive_context_groups,-3.1798245614035117,14.024935335774941,3
C05,PRED_minus_MON_LEG,predictive_eligible_count,0.47807017543859676,3.6922453112701614,3
C05,PRED_minus_MON_LEG,predictive_event_count,-63.65570175438595,150.03752911369833,3
C05,PRED_minus_MON_LEG,predictive_reliability_gap,0.03430852019473126,0.22597129892728993,3
C05,PRED_minus_MON_LEG,reachable_pair_fraction,0.0002010234707165836,0.01139514841048067,3
C05,PRED_minus_MON_LEG,reciprocal_fraction,0.04293024330808406,0.07435736259089538,3
C05,PRED_minus_MON_LEG,recruitment_total,0.3333333333333333,0.5773502691896257,3
C05,PRED_minus_MON_LEG,reliable_out_degree_mean,0.0005482456140350894,0.17207228143118936,3
C05,PRED_minus_MON_LEG,repeat_assignments,0.0,0.0,3
C05,PRED_minus_MON_LEG,target_action_sensitivity,-0.005918603564057041,0.014245001812500501,3
C05,PRED_minus_MON_LEG,target_hit_lift,-0.11525519427500275,0.08816336475451961,3
C05,PRED_minus_MON_LEG,target_value_span,0.00041630473794628003,0.0011791586124564862,3
C05,PRED_minus_MON_LEG,top3_incoming_share,-0.24690421474607369,0.6277279803985824,3
C05,PRED_minus_MON_LEG,untested_zero_outdegree_count,0.00657894736842124,2.169806261057959,3
C05,PRED_minus_MON_LEG,zero_outdegree_count,0.00657894736842124,2.169806261057959,3
C05,PRED_x_goal,attempt_coverage,0.008313860907853188,0.03434304405894405,3
C05,PRED_x_goal,bad_source_assignments,0.0,0.0,3
C05,PRED_x_goal,bad_source_count,0.0,0.0,3
C05,PRED_x_goal,behavior_replay_mismatch,0.0,0.0,3
C05,PRED_x_goal,coverage_auc,-15.231302726387547,40.47364543664842,3
C05,PRED_x_goal,decoder_parameter_count,0.0,0.0,3
C05,PRED_x_goal,dg_density,-0.00023604783590677864,0.008727881423978661,3
C05,PRED_x_goal,dg_silent_fraction,0.0,0.0,3
C05,PRED_x_goal,dg_usage_entropy,-0.013985477353649522,0.021412353866886842,3
C05,PRED_x_goal,duplicate_assignments,0.0,0.0,3
C05,PRED_x_goal,film_modulation_norm_max,0.008785369652405136,0.711778455950584,3
C05,PRED_x_goal,film_modulation_norm_mean,-0.03606474171046121,0.16882133700330704,3
C05,PRED_x_goal,fully_tested_count,0.0,0.0,3
C05,PRED_x_goal,largest_scc,-0.16228070175438591,0.15250297062029566,3
C05,PRED_x_goal,option_success_fraction,-0.01899871391898354,0.2760466055776013,3
C05,PRED_x_goal,predictive_assignments,0.0,0.0,3
C05,PRED_x_goal,predictive_context_groups,12.59460072595281,25.952579773844192,3
C05,PRED_x_goal,predictive_eligible_count,0.2685420447670899,4.769508892078735,3
C05,PRED_x_goal,predictive_event_count,65.35921052631575,277.7618330237171,3
C05,PRED_x_goal,predictive_reliability_gap,-0.19608783745722422,0.3040163871276498,3
C05,PRED_x_goal,reachable_pair_fraction,0.004951981336369386,0.011638875758470122,3
C05,PRED_x_goal,reciprocal_fraction,-0.08909536509268118,0.03892221203268487,3
C05,PRED_x_goal,recruitment_total,0.0,1.0,3
C05,PRED_x_goal,reliable_out_degree_mean,0.1039691091954023,0.18320064931948923,3
C05,PRED_x_goal,repeat_assignments,0.0,0.0,3
C05,PRED_x_goal,target_action_sensitivity,-0.010228222075520738,0.03258070103861803,3
C05,PRED_x_goal,target_hit_lift,-0.018136429715466695,0.3657023859837668,3
C05,PRED_x_goal,target_value_span,-0.005004855177147062,0.006828012354212189,3
C05,PRED_x_goal,top3_incoming_share,0.2639325994473115,0.6570417662361412,3
C05,PRED_x_goal,untested_zero_outdegree_count,-1.6371899576527522,2.6632463069025465,3
C05,PRED_x_goal,zero_outdegree_count,-1.6371899576527522,2.6632463069025465,3
C13,DIR_minus_MON_FILM,attempt_coverage,-0.06266447403386496,0.06693096179072983,3
C13,DIR_minus_MON_FILM,bad_source_assignments,0.0,0.0,3
C13,DIR_minus_MON_FILM,bad_source_count,0.0,0.0,3
C13,DIR_minus_MON_FILM,behavior_replay_mismatch,0.0,0.0,3
C13,DIR_minus_MON_FILM,coverage_auc,2.8461127340924812,15.048119714534144,3
C13,DIR_minus_MON_FILM,decoder_parameter_count,0.0,0.0,3
C13,DIR_minus_MON_FILM,dg_density,-0.0006130954675507121,0.0037361580654624977,3
C13,DIR_minus_MON_FILM,dg_silent_fraction,-0.015487938596491252,0.05844652460176876,3
C13,DIR_minus_MON_FILM,dg_usage_entropy,0.03652478780662801,0.04513976052272896,3
C13,DIR_minus_MON_FILM,duplicate_assignments,0.0,0.0,3
C13,DIR_minus_MON_FILM,film_modulation_norm_max,0.34726106676093327,0.3239079895776653,3
C13,DIR_minus_MON_FILM,film_modulation_norm_mean,0.04873535128539069,0.025480955350602484,3
C13,DIR_minus_MON_FILM,fully_tested_count,0.0,0.0,3
C13,DIR_minus_MON_FILM,largest_scc,0.0,0.0,3
C13,DIR_minus_MON_FILM,option_success_fraction,-0.036346533433779284,0.05795290950346219,3
C13,DIR_minus_MON_FILM,predictive_assignments,0.0,0.0,3
C13,DIR_minus_MON_FILM,predictive_context_groups,-5.105263157894737,1.522695911643287,3
C13,DIR_minus_MON_FILM,predictive_eligible_count,-0.05482456140350877,0.08932198181761535,3
C13,DIR_minus_MON_FILM,predictive_event_count,-6.4035087719298245,2.32094534203237,3
C13,DIR_minus_MON_FILM,predictive_reliability_gap,-0.014839181398744123,0.02429175637895882,3
C13,DIR_minus_MON_FILM,reachable_pair_fraction,-0.00033808481295413353,0.0003427448887364856,3
C13,DIR_minus_MON_FILM,reciprocal_fraction,0.0,0.0,3
C13,DIR_minus_MON_FILM,recruitment_total,0.0,0.0,3
C13,DIR_minus_MON_FILM,reliable_out_degree_mean,-0.00493421052631579,0.005152123390683252,3
C13,DIR_minus_MON_FILM,repeat_assignments,0.0,0.0,3
C13,DIR_minus_MON_FILM,target_action_sensitivity,0.0029596179997417736,0.013288141836238507,3
C13,DIR_minus_MON_FILM,target_hit_lift,29.570987190855178,13.462675608519826,3
C13,DIR_minus_MON_FILM,target_value_span,0.0038829238170333073,0.004905007166533354,3
C13,DIR_minus_MON_FILM,top3_incoming_share,-0.07675438596491228,0.07568172774884824,3
C13,DIR_minus_MON_FILM,untested_zero_outdegree_count,0.0789473684210525,0.08243397425093167,3
C13,DIR_minus_MON_FILM,zero_outdegree_count,0.0789473684210525,0.08243397425093167,3
C13,DIR_minus_MON_LEG,attempt_coverage,0.034627802615538675,0.052844475276324666,3
C13,DIR_minus_MON_LEG,bad_source_assignments,0.0,0.0,3
C13,DIR_minus_MON_LEG,bad_source_count,0.0,0.0,3
C13,DIR_minus_MON_LEG,behavior_replay_mismatch,0.0,0.0,3
C13,DIR_minus_MON_LEG,coverage_auc,14.770539469539463,9.38714521574684,3
C13,DIR_minus_MON_LEG,decoder_parameter_count,0.0,0.0,3
C13,DIR_minus_MON_LEG,dg_density,-0.004076082106919318,0.0027798922265547302,3
C13,DIR_minus_MON_LEG,dg_silent_fraction,0.06944444444444443,0.08193410254358582,3
C13,DIR_minus_MON_LEG,dg_usage_entropy,-0.02959964106305994,0.07077378898258824,3
C13,DIR_minus_MON_LEG,duplicate_assignments,0.0,0.0,3
C13,DIR_minus_MON_LEG,film_modulation_norm_max,0.0,0.0,3
C13,DIR_minus_MON_LEG,film_modulation_norm_mean,0.0,0.0,3
C13,DIR_minus_MON_LEG,fully_tested_count,0.0,0.0,3
C13,DIR_minus_MON_LEG,largest_scc,0.0,0.0,3
C13,DIR_minus_MON_LEG,option_success_fraction,-0.00867051168001796,0.004507538456192181,3
C13,DIR_minus_MON_LEG,predictive_assignments,0.0,0.0,3
C13,DIR_minus_MON_LEG,predictive_context_groups,-5.891812865497076,1.7978100848989924,3
C13,DIR_minus_MON_LEG,predictive_eligible_count,-0.0029239766081871343,0.0050644760455230324,3
C13,DIR_minus_MON_LEG,predictive_event_count,-7.165204678362573,2.1722089926539048,3
C13,DIR_minus_MON_LEG,predictive_reliability_gap,-0.0007309941520467836,0.0012661190113807581,3
C13,DIR_minus_MON_LEG,reachable_pair_fraction,0.0022295322779794795,0.001727263827969615,3
C13,DIR_minus_MON_LEG,reciprocal_fraction,0.0,0.0,3
C13,DIR_minus_MON_LEG,recruitment_total,0.0,0.0,3
C13,DIR_minus_MON_LEG,reliable_out_degree_mean,0.03330592105263158,0.025885017657133455,3
C13,DIR_minus_MON_LEG,repeat_assignments,0.0,0.0,3
C13,DIR_minus_MON_LEG,target_action_sensitivity,-0.004480180509409892,0.01785014972501032,3
C13,DIR_minus_MON_LEG,target_hit_lift,6.083733614316286,19.03654310529619,3
C13,DIR_minus_MON_LEG,target_value_span,-0.00571070689659403,0.006558163519784294,3
C13,DIR_minus_MON_LEG,top3_incoming_share,0.5263157894736842,0.41904331419195207,3
C13,DIR_minus_MON_LEG,untested_zero_outdegree_count,-0.5328947368421056,0.41416028251413495,3
C13,DIR_minus_MON_LEG,zero_outdegree_count,-0.5328947368421056,0.41416028251413495,3
C13,DIR_minus_PRED_FILM,attempt_coverage,0.04401498322228068,0.01974449864574632,3
C13,DIR_minus_PRED_FILM,bad_source_assignments,0.0,0.0,3
C13,DIR_minus_PRED_FILM,bad_source_count,0.0,0.0,3
C13,DIR_minus_PRED_FILM,behavior_replay_mismatch,0.0,0.0,3
C13,DIR_minus_PRED_FILM,coverage_auc,3.7076183357958805,11.085727957679914,3
C13,DIR_minus_PRED_FILM,decoder_parameter_count,0.0,0.0,3
C13,DIR_minus_PRED_FILM,dg_density,0.0022589031018708885,0.0007098612220973991,3
C13,DIR_minus_PRED_FILM,dg_silent_fraction,-0.03508771929824565,0.03194648174340009,3
C13,DIR_minus_PRED_FILM,dg_usage_entropy,0.047269515431763796,0.0036370009733873564,3
C13,DIR_minus_PRED_FILM,duplicate_assignments,0.0,0.0,3
C13,DIR_minus_PRED_FILM,film_modulation_norm_max,0.11833424892341886,0.4305856329633138,3
C13,DIR_minus_PRED_FILM,film_modulation_norm_mean,0.1918116122353495,0.08284163867625051,3
C13,DIR_minus_PRED_FILM,fully_tested_count,0.0,0.0,3
C13,DIR_minus_PRED_FILM,largest_scc,0.0,0.0,3
C13,DIR_minus_PRED_FILM,option_success_fraction,0.008282402203532687,0.009642722517076789,3
C13,DIR_minus_PRED_FILM,predictive_assignments,0.0,0.0,3
C13,DIR_minus_PRED_FILM,predictive_context_groups,-4.326754385964912,0.49984127212771534,3
C13,DIR_minus_PRED_FILM,predictive_eligible_count,0.0,0.0,3
C13,DIR_minus_PRED_FILM,predictive_event_count,-5.256578947368421,0.5325697514562809,3
C13,DIR_minus_PRED_FILM,predictive_reliability_gap,0.0,0.0,3
C13,DIR_minus_PRED_FILM,reachable_pair_fraction,0.00010964912852566494,0.0001667424026189421,3
C13,DIR_minus_PRED_FILM,reciprocal_fraction,0.0,0.0,3
C13,DIR_minus_PRED_FILM,recruitment_total,-1.6666666666666667,0.5773502691896257,3
C13,DIR_minus_PRED_FILM,reliable_out_degree_mean,0.0017817982456140348,0.0027377993908221186,3
C13,DIR_minus_PRED_FILM,repeat_assignments,0.0,0.0,3
C13,DIR_minus_PRED_FILM,target_action_sensitivity,-4.288065349356343e-05,0.010690506525802359,3
C13,DIR_minus_PRED_FILM,target_hit_lift,26.917264408644353,39.40661912426534,3
C13,DIR_minus_PRED_FILM,target_value_span,-0.0017767329679867414,0.004505156156953687,3
C13,DIR_minus_PRED_FILM,top3_incoming_share,0.02631578947368421,0.04001817454143566,3
C13,DIR_minus_PRED_FILM,untested_zero_outdegree_count,-0.02850877192982478,0.043804790253154126,3
C13,DIR_minus_PRED_FILM,zero_outdegree_count,-0.02850877192982478,0.043804790253154126,3
C13,DIR_minus_PRED_LEG,attempt_coverage,0.09230289862609026,0.022028374136506133,3
C13,DIR_minus_PRED_LEG,bad_source_assignments,0.0,0.0,3
C13,DIR_minus_PRED_LEG,bad_source_count,0.0,0.0,3
C13,DIR_minus_PRED_LEG,behavior_replay_mismatch,0.0,0.0,3
C13,DIR_minus_PRED_LEG,coverage_auc,13.368105268986165,7.123087842594086,3
C13,DIR_minus_PRED_LEG,decoder_parameter_count,0.0,0.0,3
C13,DIR_minus_PRED_LEG,dg_density,-0.0019433921369869731,0.0029040433550485724,3
C13,DIR_minus_PRED_LEG,dg_silent_fraction,0.04621692372487509,0.07220592420710321,3
C13,DIR_minus_PRED_LEG,dg_usage_entropy,-0.0203786674902956,0.05110491309131439,3
C13,DIR_minus_PRED_LEG,duplicate_assignments,0.0,0.0,3
C13,DIR_minus_PRED_LEG,film_modulation_norm_max,0.0,0.0,3
C13,DIR_minus_PRED_LEG,film_modulation_norm_mean,0.0,0.0,3
C13,DIR_minus_PRED_LEG,fully_tested_count,0.0,0.0,3
C13,DIR_minus_PRED_LEG,largest_scc,0.0,0.0,3
C13,DIR_minus_PRED_LEG,option_success_fraction,0.004475790294424172,0.010725881877426404,3
C13,DIR_minus_PRED_LEG,predictive_assignments,0.0,0.0,3
C13,DIR_minus_PRED_LEG,predictive_context_groups,-5.381099686301847,1.4339945032043044,3
C13,DIR_minus_PRED_LEG,predictive_eligible_count,0.0,0.0,3
C13,DIR_minus_PRED_LEG,predictive_event_count,-6.440528058556988,1.7685627339575387,3
C13,DIR_minus_PRED_LEG,predictive_reliability_gap,0.0,0.0,3
C13,DIR_minus_PRED_LEG,reachable_pair_fraction,0.0023026316969965896,0.001892043292310177,3
C13,DIR_minus_PRED_LEG,reciprocal_fraction,0.0,0.0,3
C13,DIR_minus_PRED_LEG,recruitment_total,-3.3333333333333335,2.0816659994661326,3
C13,DIR_minus_PRED_LEG,reliable_out_degree_mean,0.03453947368421053,0.028168369339562415,3
C13,DIR_minus_PRED_LEG,repeat_assignments,0.0,0.0,3
C13,DIR_minus_PRED_LEG,target_action_sensitivity,-0.008824566644602594,0.00814782881616517,3
C13,DIR_minus_PRED_LEG,target_hit_lift,-2.7858452829553446,10.78314478348748,3
C13,DIR_minus_PRED_LEG,target_value_span,-0.010122323117184546,0.00808296196029791,3
C13,DIR_minus_PRED_LEG,top3_incoming_share,0.543859649122807,0.4539632593201323,3
C13,DIR_minus_PRED_LEG,untested_zero_outdegree_count,-0.5526315789473687,0.45069390943299814,3
C13,DIR_minus_PRED_LEG,zero_outdegree_count,-0.5526315789473687,0.45069390943299814,3
C13,DIR_x_goal,attempt_coverage,-0.09729227664940364,0.01639276319633988,3
C13,DIR_x_goal,bad_source_assignments,0.0,0.0,3
C13,DIR_x_goal,bad_source_count,0.0,0.0,3
C13,DIR_x_goal,behavior_replay_mismatch,0.0,0.0,3
C13,DIR_x_goal,coverage_auc,-11.924426735446986,22.645469049507206,3
C13,DIR_x_goal,decoder_parameter_count,0.0,0.0,3
C13,DIR_x_goal,dg_density,0.0034629866393686057,0.006453986465905615,3
C13,DIR_x_goal,dg_silent_fraction,-0.08493238304093569,0.10094461484237134,3
C13,DIR_x_goal,dg_usage_entropy,0.06612442886968795,0.1056696178268767,3
C13,DIR_x_goal,duplicate_assignments,0.0,0.0,3
C13,DIR_x_goal,film_modulation_norm_max,0.34726106676093327,0.3239079895776653,3
C13,DIR_x_goal,film_modulation_norm_mean,0.04873535128539069,0.025480955350602484,3
C13,DIR_x_goal,fully_tested_count,0.0,0.0,3
C13,DIR_x_goal,largest_scc,0.0,0.0,3
C13,DIR_x_goal,option_success_fraction,-0.027676021753761326,0.062074809620531336,3
C13,DIR_x_goal,predictive_assignments,0.0,0.0,3
C13,DIR_x_goal,predictive_context_groups,0.786549707602339,2.6823576168804117,3
C13,DIR_x_goal,predictive_eligible_count,-0.051900584795321635,0.09180017698294894,3
C13,DIR_x_goal,predictive_event_count,0.7616959064327483,3.6968483207202634,3
C13,DIR_x_goal,predictive_reliability_gap,-0.014108187246697339,0.02491239993972664,3
C13,DIR_x_goal,reachable_pair_fraction,-0.002567617090933613,0.0019936350567877764,3
C13,DIR_x_goal,reciprocal_fraction,0.0,0.0,3
C13,DIR_x_goal,recruitment_total,0.0,0.0,3
C13,DIR_x_goal,reliable_out_degree_mean,-0.038240131578947366,0.03009239220975656,3
C13,DIR_x_goal,repeat_assignments,0.0,0.0,3
C13,DIR_x_goal,target_action_sensitivity,0.007439798509151665,0.03113825606403573,3
C13,DIR_x_goal,target_hit_lift,23.487253576538894,5.5742690008308236,3
C13,DIR_x_goal,target_value_span,0.009593630713627337,0.011066406734383288,3
C13,DIR_x_goal,top3_incoming_share,-0.6030701754385964,0.4770228347331802,3
C13,DIR_x_goal,untested_zero_outdegree_count,0.6118421052631581,0.48147827535610416,3
C13,DIR_x_goal,zero_outdegree_count,0.6118421052631581,0.48147827535610416,3
C13,FILM_minus_LEG_DIR,attempt_coverage,-0.0519645484491137,0.04678582023431567,3
C13,FILM_minus_LEG_DIR,bad_source_assignments,0.0,0.0,3
C13,FILM_minus_LEG_DIR,bad_source_count,0.0,0.0,3
C13,FILM_minus_LEG_DIR,behavior_replay_mismatch,0.0,0.0,3
C13,FILM_minus_LEG_DIR,coverage_auc,-3.4620971481480063,18.37440505811423,3
C13,FILM_minus_LEG_DIR,decoder_parameter_count,2048.0,0.0,3
C13,FILM_minus_LEG_DIR,dg_density,0.0013531467370819638,0.001920757703957283,3
C13,FILM_minus_LEG_DIR,dg_silent_fraction,-0.015487938596491233,0.09829137592028893,3
C13,FILM_minus_LEG_DIR,dg_usage_entropy,0.023980264862378402,0.04698726505469168,3
C13,FILM_minus_LEG_DIR,duplicate_assignments,0.0,0.0,3
C13,FILM_minus_LEG_DIR,film_modulation_norm_max,1.683240147536261,0.4248168771897465,3
C13,FILM_minus_LEG_DIR,film_modulation_norm_mean,0.4689287019141934,0.020579200183978474,3
C13,FILM_minus_LEG_DIR,fully_tested_count,0.0,0.0,3
C13,FILM_minus_LEG_DIR,largest_scc,0.0,0.0,3
C13,FILM_minus_LEG_DIR,option_success_fraction,-0.0025759948205137458,0.012263273334362541,3
C13,FILM_minus_LEG_DIR,predictive_assignments,0.0,0.0,3
C13,FILM_minus_LEG_DIR,predictive_context_groups,0.0,0.0,3
C13,FILM_minus_LEG_DIR,predictive_eligible_count,0.0,0.0,3
C13,FILM_minus_LEG_DIR,predictive_event_count,0.0,0.0,3
C13,FILM_minus_LEG_DIR,predictive_reliability_gap,0.0,0.0,3
C13,FILM_minus_LEG_DIR,reachable_pair_fraction,-0.0023483188338822834,0.0015214022379274016,3
C13,FILM_minus_LEG_DIR,reciprocal_fraction,0.0,0.0,3
C13,FILM_minus_LEG_DIR,recruitment_total,0.0,0.0,3
C13,FILM_minus_LEG_DIR,reliable_out_degree_mean,-0.03508771929824561,0.022409853832496534,3
C13,FILM_minus_LEG_DIR,repeat_assignments,0.0,0.0,3
C13,FILM_minus_LEG_DIR,target_action_sensitivity,0.010291997494565103,0.016480402828594757,3
C13,FILM_minus_LEG_DIR,target_hit_lift,26.36348744279199,34.61013627614177,3
C13,FILM_minus_LEG_DIR,target_value_span,0.017004549495093096,0.001718525666413014,3
C13,FILM_minus_LEG_DIR,top3_incoming_share,-0.5548245614035088,0.3653735171267122,3
C13,FILM_minus_LEG_DIR,untested_zero_outdegree_count,0.5614035087719298,0.3585576613199441,3
C13,FILM_minus_LEG_DIR,zero_outdegree_count,0.5614035087719298,0.3585576613199441,3
C13,FILM_minus_LEG_MON,attempt_coverage,0.04532772820028994,0.06317097671261537,3
C13,FILM_minus_LEG_MON,bad_source_assignments,0.0,0.0,3
C13,FILM_minus_LEG_MON,bad_source_count,0.0,0.0,3
C13,FILM_minus_LEG_MON,behavior_replay_mismatch,0.0,0.0,3
C13,FILM_minus_LEG_MON,coverage_auc,8.462329587298976,12.715887590970173,3
C13,FILM_minus_LEG_MON,decoder_parameter_count,2048.0,0.0,3
C13,FILM_minus_LEG_MON,dg_density,-0.0021098399022866417,0.006526643589381763,3
C13,FILM_minus_LEG_MON,dg_silent_fraction,0.06944444444444445,0.1553913878668464,3
C13,FILM_minus_LEG_MON,dg_usage_entropy,-0.04214416400730955,0.11478860426379994,3
C13,FILM_minus_LEG_MON,duplicate_assignments,0.0,0.0,3
C13,FILM_minus_LEG_MON,film_modulation_norm_max,1.3359790807753278,0.16075581754424115,3
C13,FILM_minus_LEG_MON,film_modulation_norm_mean,0.4201933506288027,0.016600711462214195,3
C13,FILM_minus_LEG_MON,fully_tested_count,0.0,0.0,3
C13,FILM_minus_LEG_MON,largest_scc,0.0,0.0,3
C13,FILM_minus_LEG_MON,option_success_fraction,0.025100026933247577,0.07426022036472978,3
C13,FILM_minus_LEG_MON,predictive_assignments,0.0,0.0,3
C13,FILM_minus_LEG_MON,predictive_context_groups,-0.786549707602339,2.6823576168804117,3
C13,FILM_minus_LEG_MON,predictive_eligible_count,0.051900584795321635,0.09180017698294894,3
C13,FILM_minus_LEG_MON,predictive_event_count,-0.7616959064327483,3.6968483207202634,3
C13,FILM_minus_LEG_MON,predictive_reliability_gap,0.014108187246697339,0.02491239993972664,3
C13,FILM_minus_LEG_MON,reachable_pair_fraction,0.0002192982570513299,0.0008444584761005667,3
C13,FILM_minus_LEG_MON,reciprocal_fraction,0.0,0.0,3
C13,FILM_minus_LEG_MON,recruitment_total,0.0,0.0,3
C13,FILM_minus_LEG_MON,reliable_out_degree_mean,0.003152412280701754,0.013043896933089508,3
C13,FILM_minus_LEG_MON,repeat_assignments,0.0,0.0,3
C13,FILM_minus_LEG_MON,target_action_sensitivity,0.002852198985413437,0.01490175299552627,3
C13,FILM_minus_LEG_MON,target_hit_lift,2.8762338662530937,38.993748787069194,3
C13,FILM_minus_LEG_MON,target_value_span,0.007410918781465759,0.009443239382621657,3
C13,FILM_minus_LEG_MON,top3_incoming_share,0.048245614035087724,0.19674609488909547,3
C13,FILM_minus_LEG_MON,untested_zero_outdegree_count,-0.05043859649122832,0.20870235092943182,3
C13,FILM_minus_LEG_MON,zero_outdegree_count,-0.05043859649122832,0.20870235092943182,3
C13,FILM_minus_LEG_PRED,attempt_coverage,-0.00367663304530412,0.03820067474455799,3
C13,FILM_minus_LEG_PRED,bad_source_assignments,0.0,0.0,3
C13,FILM_minus_LEG_PRED,bad_source_count,0.0,0.0,3
C13,FILM_minus_LEG_PRED,behavior_replay_mismatch,0.0,0.0,3
C13,FILM_minus_LEG_PRED,coverage_auc,6.19838978504228,7.3594814246847156,3
C13,FILM_minus_LEG_PRED,decoder_parameter_count,2048.0,0.0,3
C13,FILM_minus_LEG_PRED,dg_density,-0.002849148501775898,0.0021326788940465658,3
C13,FILM_minus_LEG_PRED,dg_silent_fraction,0.0658167044266295,0.05804691051988535,3
C13,FILM_minus_LEG_PRED,dg_usage_entropy,-0.04366791805968099,0.00958710920864682,3
C13,FILM_minus_LEG_PRED,duplicate_assignments,0.0,0.0,3
C13,FILM_minus_LEG_PRED,film_modulation_norm_max,1.5649058986128423,0.045255211343810636,3
C13,FILM_minus_LEG_PRED,film_modulation_norm_mean,0.2771170896788438,0.08445303500760959,3
C13,FILM_minus_LEG_PRED,fully_tested_count,0.0,0.0,3
C13,FILM_minus_LEG_PRED,largest_scc,0.0,0.0,3
C13,FILM_minus_LEG_PRED,option_success_fraction,-0.006382606729622262,0.014193031966927781,3
C13,FILM_minus_LEG_PRED,predictive_assignments,0.0,0.0,3
C13,FILM_minus_LEG_PRED,predictive_context_groups,-1.0543453003369352,1.3106954960672765,3
C13,FILM_minus_LEG_PRED,predictive_eligible_count,0.0,0.0,3
C13,FILM_minus_LEG_PRED,predictive_event_count,-1.1839491111885676,1.3389191916738656,3
C13,FILM_minus_LEG_PRED,predictive_reliability_gap,0.0,0.0,3
C13,FILM_minus_LEG_PRED,reachable_pair_fraction,-0.00015533626541135867,0.0002690503039504772,3
C13,FILM_minus_LEG_PRED,reciprocal_fraction,0.0,0.0,3
C13,FILM_minus_LEG_PRED,recruitment_total,-1.6666666666666667,1.5275252316519468,3
C13,FILM_minus_LEG_PRED,reliable_out_degree_mean,-0.0023300438596491227,0.004035754348776167,3
C13,FILM_minus_LEG_PRED,repeat_assignments,0.0,0.0,3
C13,FILM_minus_LEG_PRED,target_action_sensitivity,0.0015103115034560705,0.00416650452427111,3
C13,FILM_minus_LEG_PRED,target_hit_lift,-3.3396222488077125,16.167661721068313,3
C13,FILM_minus_LEG_PRED,target_value_span,0.00865895934589529,0.009874737055532583,3
C13,FILM_minus_LEG_PRED,top3_incoming_share,-0.03728070175438596,0.06457206958041867,3
C13,FILM_minus_LEG_PRED,untested_zero_outdegree_count,0.03728070175438584,0.06457206958041846,3
C13,FILM_minus_LEG_PRED,zero_outdegree_count,0.03728070175438584,0.06457206958041846,3
C13,PRED_minus_MON_FILM,attempt_coverage,-0.10667945725614565,0.05093442751665973,3
C13,PRED_minus_MON_FILM,bad_source_assignments,0.0,0.0,3
C13,PRED_minus_MON_FILM,bad_source_count,0.0,0.0,3
C13,PRED_minus_MON_FILM,behavior_replay_mismatch,0.0,0.0,3
C13,PRED_minus_MON_FILM,coverage_auc,-0.8615056017033993,4.0885956870938065,3
C13,PRED_minus_MON_FILM,decoder_parameter_count,0.0,0.0,3
C13,PRED_minus_MON_FILM,dg_density,-0.0028719985694216008,0.0036712724385017433,3
C13,PRED_minus_MON_FILM,dg_silent_fraction,0.0195997807017544,0.03056438566834725,3
C13,PRED_minus_MON_FILM,dg_usage_entropy,-0.010744727625135786,0.04770305614957065,3
C13,PRED_minus_MON_FILM,duplicate_assignments,0.0,0.0,3
C13,PRED_minus_MON_FILM,film_modulation_norm_max,0.22892681783751442,0.19601601968663793,3
C13,PRED_minus_MON_FILM,film_modulation_norm_mean,-0.14307626094995884,0.06802055948088864,3
C13,PRED_minus_MON_FILM,fully_tested_count,0.0,0.0,3
C13,PRED_minus_MON_FILM,largest_scc,0.0,0.0,3
C13,PRED_minus_MON_FILM,option_success_fraction,-0.04462893563731197,0.06756284467873955,3
C13,PRED_minus_MON_FILM,predictive_assignments,0.0,0.0,3
C13,PRED_minus_MON_FILM,predictive_context_groups,-0.7785087719298246,1.0964232435064487,3
C13,PRED_minus_MON_FILM,predictive_eligible_count,-0.05482456140350877,0.08932198181761535,3
C13,PRED_minus_MON_FILM,predictive_event_count,-1.146929824561404,2.099708269100209,3
C13,PRED_minus_MON_FILM,predictive_reliability_gap,-0.014839181398744123,0.02429175637895882,3
C13,PRED_minus_MON_FILM,reachable_pair_fraction,-0.0004477339414797985,0.0004997262290552714,3
C13,PRED_minus_MON_FILM,reciprocal_fraction,0.0,0.0,3
C13,PRED_minus_MON_FILM,recruitment_total,1.6666666666666667,0.5773502691896257,3
C13,PRED_minus_MON_FILM,reliable_out_degree_mean,-0.006716008771929825,0.0077618394379209265,3
C13,PRED_minus_MON_FILM,repeat_assignments,0.0,0.0,3
C13,PRED_minus_MON_FILM,target_action_sensitivity,0.003002498653235337,0.005832920120107795,3
C13,PRED_minus_MON_FILM,target_hit_lift,2.653722782210823,29.934472113481878,3
C13,PRED_minus_MON_FILM,target_value_span,0.005659656785020048,0.008701616410226903,3
C13,PRED_minus_MON_FILM,top3_incoming_share,-0.10307017543859649,0.1128693792320857,3
C13,PRED_minus_MON_FILM,untested_zero_outdegree_count,0.10745614035087729,0.12418943100673466,3
C13,PRED_minus_MON_FILM,zero_outdegree_count,0.10745614035087729,0.12418943100673466,3
C13,PRED_minus_MON_LEG,attempt_coverage,-0.05767509601055159,0.03109253470057769,3
C13,PRED_minus_MON_LEG,bad_source_assignments,0.0,0.0,3
C13,PRED_minus_MON_LEG,bad_source_count,0.0,0.0,3
C13,PRED_minus_MON_LEG,behavior_replay_mismatch,0.0,0.0,3
C13,PRED_minus_MON_LEG,coverage_auc,1.4024342005532968,9.012937911306363,3
C13,PRED_minus_MON_LEG,decoder_parameter_count,0.0,0.0,3
C13,PRED_minus_MON_LEG,dg_density,-0.0021326899699323446,0.004967479976166012,3
C13,PRED_minus_MON_LEG,dg_silent_fraction,0.02322752071956934,0.08486812755799787,3
C13,PRED_minus_MON_LEG,dg_usage_entropy,-0.009220973572764338,0.0646896505189079,3
C13,PRED_minus_MON_LEG,duplicate_assignments,0.0,0.0,3
C13,PRED_minus_MON_LEG,film_modulation_norm_max,0.0,0.0,3
C13,PRED_minus_MON_LEG,film_modulation_norm_mean,0.0,0.0,3
C13,PRED_minus_MON_LEG,fully_tested_count,0.0,0.0,3
C13,PRED_minus_MON_LEG,largest_scc,0.0,0.0,3
C13,PRED_minus_MON_LEG,option_success_fraction,-0.013146301974442132,0.0062219265456099565,3
C13,PRED_minus_MON_LEG,predictive_assignments,0.0,0.0,3
C13,PRED_minus_MON_LEG,predictive_context_groups,-0.5107131791952285,0.5665567890759676,3
C13,PRED_minus_MON_LEG,predictive_eligible_count,-0.0029239766081871343,0.0050644760455230324,3
C13,PRED_minus_MON_LEG,predictive_event_count,-0.7246766198055846,0.8091108024304516,3
C13,PRED_minus_MON_LEG,predictive_reliability_gap,-0.0007309941520467836,0.0012661190113807581,3
C13,PRED_minus_MON_LEG,reachable_pair_fraction,-7.309941901710995e-05,0.0005791283882993224,3
C13,PRED_minus_MON_LEG,reciprocal_fraction,0.0,0.0,3
C13,PRED_minus_MON_LEG,recruitment_total,3.3333333333333335,2.0816659994661326,3
C13,PRED_minus_MON_LEG,reliable_out_degree_mean,-0.0012335526315789475,0.008904772955471922,3
C13,PRED_minus_MON_LEG,repeat_assignments,0.0,0.0,3
C13,PRED_minus_MON_LEG,target_action_sensitivity,0.004344386135192704,0.014364566644142512,3
C13,PRED_minus_MON_LEG,target_hit_lift,8.869578897271628,29.80136144789989,3
C13,PRED_minus_MON_LEG,target_value_span,0.004411616220590517,0.011091711098969174,3
C13,PRED_minus_MON_LEG,top3_incoming_share,-0.01754385964912281,0.13899080594290197,3
C13,PRED_minus_MON_LEG,untested_zero_outdegree_count,0.019736842105263126,0.14247636728755034,3
C13,PRED_minus_MON_LEG,zero_outdegree_count,0.019736842105263126,0.14247636728755034,3
C13,PRED_x_goal,attempt_coverage,-0.04900436124559406,0.026002317476539773,3
C13,PRED_x_goal,bad_source_assignments,0.0,0.0,3
C13,PRED_x_goal,bad_source_count,0.0,0.0,3
C13,PRED_x_goal,behavior_replay_mismatch,0.0,0.0,3
C13,PRED_x_goal,coverage_auc,-2.263939802256697,13.038419707257539,3
C13,PRED_x_goal,decoder_parameter_count,0.0,0.0,3
C13,PRED_x_goal,dg_density,-0.0007393085994892567,0.008636182373241865,3
C13,PRED_x_goal,dg_silent_fraction,-0.0036277400178149435,0.11443339677915705,3
C13,PRED_x_goal,dg_usage_entropy,-0.0015237540523714472,0.11205441402782262,3
C13,PRED_x_goal,duplicate_assignments,0.0,0.0,3
C13,PRED_x_goal,film_modulation_norm_max,0.22892681783751442,0.19601601968663793,3
C13,PRED_x_goal,film_modulation_norm_mean,-0.14307626094995884,0.06802055948088864,3
C13,PRED_x_goal,fully_tested_count,0.0,0.0,3
C13,PRED_x_goal,largest_scc,0.0,0.0,3
C13,PRED_x_goal,option_success_fraction,-0.031482633662869845,0.06185976357414574,3
C13,PRED_x_goal,predictive_assignments,0.0,0.0,3
C13,PRED_x_goal,predictive_context_groups,-0.2677955927345961,1.64415777313599,3
C13,PRED_x_goal,predictive_eligible_count,-0.051900584795321635,0.09180017698294894,3
C13,PRED_x_goal,predictive_event_count,-0.42225320475581923,2.905156741901071,3
C13,PRED_x_goal,predictive_reliability_gap,-0.014108187246697339,0.02491239993972664,3
C13,PRED_x_goal,reachable_pair_fraction,-0.00037463452246268856,0.0009216127206719676,3
C13,PRED_x_goal,reciprocal_fraction,0.0,0.0,3
C13,PRED_x_goal,recruitment_total,-1.6666666666666667,1.5275252316519468,3
C13,PRED_x_goal,reliable_out_degree_mean,-0.005482456140350877,0.014102679339356309,3
C13,PRED_x_goal,repeat_assignments,0.0,0.0,3
C13,PRED_x_goal,target_action_sensitivity,-0.0013418874819573663,0.016588924799283283,3
C13,PRED_x_goal,target_hit_lift,-6.215856115060806,53.66979437295153,3
C13,PRED_x_goal,target_value_span,0.0012480405644295321,0.018784374181735442,3
C13,PRED_x_goal,top3_incoming_share,-0.08552631578947367,0.21690580949782287,3
C13,PRED_x_goal,untested_zero_outdegree_count,0.08771929824561416,0.22564286942970063,3
C13,PRED_x_goal,zero_outdegree_count,0.08771929824561416,0.22564286942970063,3
C15,DIR_minus_MON_FILM,attempt_coverage,0.006971856219726735,0.020708524618501624,3
C15,DIR_minus_MON_FILM,bad_source_assignments,0.0,0.0,3
C15,DIR_minus_MON_FILM,bad_source_count,0.0,0.0,3
C15,DIR_minus_MON_FILM,behavior_replay_mismatch,0.0,0.0,3
C15,DIR_minus_MON_FILM,coverage_auc,-1.9678283857471779,9.979934164453727,3
C15,DIR_minus_MON_FILM,decoder_parameter_count,0.0,0.0,3
C15,DIR_minus_MON_FILM,dg_density,-0.00029834948087993407,0.0011002524100683457,3
C15,DIR_minus_MON_FILM,dg_silent_fraction,0.0,0.0,3
C15,DIR_minus_MON_FILM,dg_usage_entropy,-2.593939241612997e-05,0.0008133318797852718,3
C15,DIR_minus_MON_FILM,duplicate_assignments,0.0,0.0,3
C15,DIR_minus_MON_FILM,film_modulation_norm_max,-0.04383025122316261,0.07193246781512094,3
C15,DIR_minus_MON_FILM,film_modulation_norm_mean,0.016767147209560667,0.032664724283771075,3
C15,DIR_minus_MON_FILM,fully_tested_count,1.2697368421052637,3.7837298849290586,3
C15,DIR_minus_MON_FILM,largest_scc,0.11403508771929911,0.4483509592281614,3
C15,DIR_minus_MON_FILM,option_success_fraction,-0.00866441939254863,0.017550504304862106,3
C15,DIR_minus_MON_FILM,predictive_assignments,0.0,0.0,3
C15,DIR_minus_MON_FILM,predictive_context_groups,-12.88157894736842,0.38412264676302615,3
C15,DIR_minus_MON_FILM,predictive_eligible_count,-0.19736842105263155,0.03481251725084988,3
C15,DIR_minus_MON_FILM,predictive_event_count,-16.021929824561404,0.4438880356362161,3
C15,DIR_minus_MON_FILM,predictive_reliability_gap,-0.05019058081272401,0.005438037686850774,3
C15,DIR_minus_MON_FILM,reachable_pair_fraction,0.006688596909506332,0.02776088668061109,3
C15,DIR_minus_MON_FILM,reciprocal_fraction,0.007110651647835438,0.027009714274093613,3
C15,DIR_minus_MON_FILM,recruitment_total,0.0,0.0,3
C15,DIR_minus_MON_FILM,reliable_out_degree_mean,-0.01096491228070177,0.20402873239947017,3
C15,DIR_minus_MON_FILM,repeat_assignments,0.0,0.0,3
C15,DIR_minus_MON_FILM,target_action_sensitivity,-0.001996458332302466,0.0027462805851975938,3
C15,DIR_minus_MON_FILM,target_hit_lift,-2.087521695058074,3.5292527421874937,3
C15,DIR_minus_MON_FILM,target_value_span,-0.0012575853333896294,0.0027089047285827946,3
C15,DIR_minus_MON_FILM,top3_incoming_share,-0.01567236471333,0.052870455791748296,3
C15,DIR_minus_MON_FILM,untested_zero_outdegree_count,0.0,0.0,3
C15,DIR_minus_MON_FILM,zero_outdegree_count,0.0,0.0,3
C15,DIR_minus_MON_LEG,attempt_coverage,0.01026133225675215,0.02522863157920204,3
C15,DIR_minus_MON_LEG,bad_source_assignments,0.0,0.0,3
C15,DIR_minus_MON_LEG,bad_source_count,-0.08552631578947369,0.14813592433154874,3
C15,DIR_minus_MON_LEG,behavior_replay_mismatch,0.0,0.0,3
C15,DIR_minus_MON_LEG,coverage_auc,-3.108089403276266,15.515519337605893,3
C15,DIR_minus_MON_LEG,decoder_parameter_count,0.0,0.0,3
C15,DIR_minus_MON_LEG,dg_density,0.0004914267021313042,0.0015984603325986354,3
C15,DIR_minus_MON_LEG,dg_silent_fraction,0.0,0.0,3
C15,DIR_minus_MON_LEG,dg_usage_entropy,-0.00047697466716430564,0.0017614968333187946,3
C15,DIR_minus_MON_LEG,duplicate_assignments,0.0,0.0,3
C15,DIR_minus_MON_LEG,film_modulation_norm_max,0.0,0.0,3
C15,DIR_minus_MON_LEG,film_modulation_norm_mean,0.0,0.0,3
C15,DIR_minus_MON_LEG,fully_tested_count,0.8377192982456148,4.465696881567587,3
C15,DIR_minus_MON_LEG,largest_scc,-1.1864035087719305,2.316736249843489,3
C15,DIR_minus_MON_LEG,option_success_fraction,0.01163816811892677,0.01044170570648588,3
C15,DIR_minus_MON_LEG,predictive_assignments,0.0,0.0,3
C15,DIR_minus_MON_LEG,predictive_context_groups,-9.416666666666666,2.523241459067514,3
C15,DIR_minus_MON_LEG,predictive_eligible_count,-0.08991228070175439,0.053582419837151826,3
C15,DIR_minus_MON_LEG,predictive_event_count,-11.679824561403509,2.624499798449048,3
C15,DIR_minus_MON_LEG,predictive_reliability_gap,-0.02895322288468219,0.017672860135488966,3
C15,DIR_minus_MON_LEG,reachable_pair_fraction,-0.04872990000927661,0.12314287085900051,3
C15,DIR_minus_MON_LEG,reciprocal_fraction,-0.11219199281185867,0.046019905382864414,3
C15,DIR_minus_MON_LEG,recruitment_total,0.0,0.0,3
C15,DIR_minus_MON_LEG,reliable_out_degree_mean,-0.6806469298245611,1.6351555491313807,3
C15,DIR_minus_MON_LEG,repeat_assignments,0.0,0.0,3
C15,DIR_minus_MON_LEG,target_action_sensitivity,-0.00127919553724815,0.0019488413079543606,3
C15,DIR_minus_MON_LEG,target_hit_lift,2.9817208978429175,8.287182259550514,3
C15,DIR_minus_MON_LEG,target_value_span,0.000558822100669076,0.004251214608281955,3
C15,DIR_minus_MON_LEG,top3_incoming_share,0.05405768020111218,0.06155402495593144,3
C15,DIR_minus_MON_LEG,untested_zero_outdegree_count,-0.07017543859649124,0.12154742509255281,3
C15,DIR_minus_MON_LEG,zero_outdegree_count,-0.15570175438596492,0.26968334942410155,3
C15,DIR_minus_PRED_FILM,attempt_coverage,0.015315993039897021,0.014592589518679413,3
C15,DIR_minus_PRED_FILM,bad_source_assignments,0.0,0.0,3
C15,DIR_minus_PRED_FILM,bad_source_count,-0.010964912280701754,0.018991785170711373,3
C15,DIR_minus_PRED_FILM,behavior_replay_mismatch,0.0,0.0,3
C15,DIR_minus_PRED_FILM,coverage_auc,4.427111340234113,19.032483713968098,3
C15,DIR_minus_PRED_FILM,decoder_parameter_count,0.0,0.0,3
C15,DIR_minus_PRED_FILM,dg_density,-0.0001664290968120772,0.0012210495649813192,3
C15,DIR_minus_PRED_FILM,dg_silent_fraction,0.0,0.0,3
C15,DIR_minus_PRED_FILM,dg_usage_entropy,-0.0008833492249012606,0.004713381182635036,3
C15,DIR_minus_PRED_FILM,duplicate_assignments,0.0,0.0,3
C15,DIR_minus_PRED_FILM,film_modulation_norm_max,-0.03120536923978882,0.050622393267800145,3
C15,DIR_minus_PRED_FILM,film_modulation_norm_mean,0.04370779269619992,0.04557291155418595,3
C15,DIR_minus_PRED_FILM,fully_tested_count,2.9736842105263164,3.421735761754361,3
C15,DIR_minus_PRED_FILM,largest_scc,-0.20135566188197748,0.19852255468601407,3
C15,DIR_minus_PRED_FILM,option_success_fraction,0.011306351826093982,0.015235363312222154,3
C15,DIR_minus_PRED_FILM,predictive_assignments,0.0,0.0,3
C15,DIR_minus_PRED_FILM,predictive_context_groups,-12.009370015948965,0.9892970648169216,3
C15,DIR_minus_PRED_FILM,predictive_eligible_count,-0.14792663476874005,0.003294001523496469,3
C15,DIR_minus_PRED_FILM,predictive_event_count,-14.907097288676235,1.6060148605315572,3
C15,DIR_minus_PRED_FILM,predictive_reliability_gap,-0.04024811119191717,0.004233571720750014,3
C15,DIR_minus_PRED_FILM,reachable_pair_fraction,-0.01190606711441248,0.011198925933097788,3
C15,DIR_minus_PRED_FILM,reciprocal_fraction,-0.03054979626546826,0.05667513670382566,3
C15,DIR_minus_PRED_FILM,recruitment_total,0.0,0.0,3
C15,DIR_minus_PRED_FILM,reliable_out_degree_mean,-0.3402487041467304,0.8126017374856134,3
C15,DIR_minus_PRED_FILM,repeat_assignments,0.0,0.0,3
C15,DIR_minus_PRED_FILM,target_action_sensitivity,0.0021375582684784867,0.0019551252565417,3
C15,DIR_minus_PRED_FILM,target_hit_lift,-2.7892378458732434,4.932145561459189,3
C15,DIR_minus_PRED_FILM,target_value_span,0.0012176745076547014,0.0017501005971562813,3
C15,DIR_minus_PRED_FILM,top3_incoming_share,-0.0008757368645124219,0.0451040070157303,3
C15,DIR_minus_PRED_FILM,untested_zero_outdegree_count,0.0,0.0,3
C15,DIR_minus_PRED_FILM,zero_outdegree_count,-0.010964912280701754,0.018991785170711373,3
C15,DIR_minus_PRED_LEG,attempt_coverage,0.0012370571667231027,0.015609988563709267,3
C15,DIR_minus_PRED_LEG,bad_source_assignments,0.0,0.0,3
C15,DIR_minus_PRED_LEG,bad_source_count,-0.13815789473684212,0.31872267141550853,3
C15,DIR_minus_PRED_LEG,behavior_replay_mismatch,0.0,0.0,3
C15,DIR_minus_PRED_LEG,coverage_auc,-12.356941150658924,29.07263758469818,3
C15,DIR_minus_PRED_LEG,decoder_parameter_count,0.0,0.0,3
C15,DIR_minus_PRED_LEG,dg_density,0.0005244767747579633,0.0012128823039597237,3
C15,DIR_minus_PRED_LEG,dg_silent_fraction,0.0,0.0,3
C15,DIR_minus_PRED_LEG,dg_usage_entropy,-0.0002756169076869597,0.0010478791612067292,3
C15,DIR_minus_PRED_LEG,duplicate_assignments,0.0,0.0,3
C15,DIR_minus_PRED_LEG,film_modulation_norm_max,0.0,0.0,3
C15,DIR_minus_PRED_LEG,film_modulation_norm_mean,0.0,0.0,3
C15,DIR_minus_PRED_LEG,fully_tested_count,0.04291565005228352,3.054959107580443,3
C15,DIR_minus_PRED_LEG,largest_scc,-0.6519112350412458,5.3375154804063545,3
C15,DIR_minus_PRED_LEG,option_success_fraction,-0.001427144368165184,0.0348025503358346,3
C15,DIR_minus_PRED_LEG,predictive_assignments,0.0,0.0,3
C15,DIR_minus_PRED_LEG,predictive_context_groups,-7.848045195770884,0.7959943464259942,3
C15,DIR_minus_PRED_LEG,predictive_eligible_count,-0.07910712210991054,0.011259270661101993,3
C15,DIR_minus_PRED_LEG,predictive_event_count,-9.25442953410015,0.8779541722272249,3
C15,DIR_minus_PRED_LEG,predictive_reliability_gap,-0.027992027744402403,0.004488248656005424,3
C15,DIR_minus_PRED_LEG,reachable_pair_fraction,-0.02593019851217763,0.2890658875533798,3
C15,DIR_minus_PRED_LEG,reciprocal_fraction,-0.02415577994253343,0.15425732860813118,3
C15,DIR_minus_PRED_LEG,recruitment_total,0.0,0.0,3
C15,DIR_minus_PRED_LEG,reliable_out_degree_mean,-0.439410690426397,2.825751668953361,3
C15,DIR_minus_PRED_LEG,repeat_assignments,0.0,0.0,3
C15,DIR_minus_PRED_LEG,target_action_sensitivity,0.0004828357377277762,0.0005110795492813041,3
C15,DIR_minus_PRED_LEG,target_hit_lift,4.1725790274833825,7.028976553603462,3
C15,DIR_minus_PRED_LEG,target_value_span,0.0033702073549223676,0.008714069993021333,3
C15,DIR_minus_PRED_LEG,top3_incoming_share,-0.04191921262343864,0.16437088873329972,3
C15,DIR_minus_PRED_LEG,untested_zero_outdegree_count,0.015350877192982448,0.3653735171267122,3
C15,DIR_minus_PRED_LEG,zero_outdegree_count,-0.12280701754385963,0.6818765014650606,3
C15,DIR_x_goal,attempt_coverage,-0.003289476037025415,0.04494317429796608,3
C15,DIR_x_goal,bad_source_assignments,0.0,0.0,3
C15,DIR_x_goal,bad_source_count,0.08552631578947369,0.14813592433154874,3
C15,DIR_x_goal,behavior_replay_mismatch,0.0,0.0,3
C15,DIR_x_goal,coverage_auc,1.1402610175290882,25.435177535820046,3
C15,DIR_x_goal,decoder_parameter_count,0.0,0.0,3
C15,DIR_x_goal,dg_density,-0.0007897761830112383,0.0026581002816153496,3
C15,DIR_x_goal,dg_silent_fraction,0.0,0.0,3
C15,DIR_x_goal,dg_usage_entropy,0.0004510352747481757,0.0025748090964529203,3
C15,DIR_x_goal,duplicate_assignments,0.0,0.0,3
C15,DIR_x_goal,film_modulation_norm_max,-0.04383025122316261,0.07193246781512094,3
C15,DIR_x_goal,film_modulation_norm_mean,0.016767147209560667,0.032664724283771075,3
C15,DIR_x_goal,fully_tested_count,0.4320175438596496,8.215365090413838,3
C15,DIR_x_goal,largest_scc,1.3004385964912295,2.7593358068756664,3
C15,DIR_x_goal,option_success_fraction,-0.0203025875114754,0.019961360159838595,3
C15,DIR_x_goal,predictive_assignments,0.0,0.0,3
C15,DIR_x_goal,predictive_context_groups,-3.4649122807017547,2.148329382719846,3
C15,DIR_x_goal,predictive_eligible_count,-0.10745614035087718,0.049378641443849576,3
C15,DIR_x_goal,predictive_event_count,-4.342105263157896,2.2455230159048583,3
C15,DIR_x_goal,predictive_reliability_gap,-0.021237357928041822,0.012321775389666433,3
C15,DIR_x_goal,reachable_pair_fraction,0.05541849691878294,0.1508117053822875,3
C15,DIR_x_goal,reciprocal_fraction,0.11930264445969412,0.034892469067035956,3
C15,DIR_x_goal,recruitment_total,0.0,0.0,3
C15,DIR_x_goal,reliable_out_degree_mean,0.6696820175438593,1.4330353366629263,3
C15,DIR_x_goal,repeat_assignments,0.0,0.0,3
C15,DIR_x_goal,target_action_sensitivity,-0.0007172627950543159,0.0008232570477708511,3
C15,DIR_x_goal,target_hit_lift,-5.069242592900991,7.981217874839833,3
C15,DIR_x_goal,target_value_span,-0.0018164074340587053,0.006004876924287264,3
C15,DIR_x_goal,top3_incoming_share,-0.06973004491444218,0.07466826701523652,3
C15,DIR_x_goal,untested_zero_outdegree_count,0.07017543859649124,0.12154742509255281,3
C15,DIR_x_goal,zero_outdegree_count,0.15570175438596492,0.26968334942410155,3
C15,FILM_minus_LEG_DIR,attempt_coverage,0.0008771904466445083,0.014057871397047164,3
C15,FILM_minus_LEG_DIR,bad_source_assignments,0.0,0.0,3
C15,FILM_minus_LEG_DIR,bad_source_count,-0.07017543859649122,0.12154742509255279,3
C15,FILM_minus_LEG_DIR,behavior_replay_mismatch,0.0,0.0,3
C15,FILM_minus_LEG_DIR,coverage_auc,27.901490402193776,16.624512769639562,3
C15,FILM_minus_LEG_DIR,decoder_parameter_count,2048.0,0.0,3
C15,FILM_minus_LEG_DIR,dg_density,0.00033321715237801555,0.0014106205251843012,3
C15,FILM_minus_LEG_DIR,dg_silent_fraction,0.0,0.0,3
C15,FILM_minus_LEG_DIR,dg_usage_entropy,0.00032577363022582667,0.001941540023888832,3
C15,FILM_minus_LEG_DIR,duplicate_assignments,0.0,0.0,3
C15,FILM_minus_LEG_DIR,film_modulation_norm_max,1.745932093837805,0.04267178013289714,3
C15,FILM_minus_LEG_DIR,film_modulation_norm_mean,0.734378454847294,0.05376487397664951,3
C15,FILM_minus_LEG_DIR,fully_tested_count,0.28947368421052627,2.9706624726339723,3
C15,FILM_minus_LEG_DIR,largest_scc,3.155701754385966,4.393881561380392,3
C15,FILM_minus_LEG_DIR,option_success_fraction,0.023811596862383582,0.021919572269208425,3
C15,FILM_minus_LEG_DIR,predictive_assignments,0.0,0.0,3
C15,FILM_minus_LEG_DIR,predictive_context_groups,0.0,0.0,3
C15,FILM_minus_LEG_DIR,predictive_eligible_count,0.0,0.0,3
C15,FILM_minus_LEG_DIR,predictive_event_count,0.0,0.0,3
C15,FILM_minus_LEG_DIR,predictive_reliability_gap,0.0,0.0,3
C15,FILM_minus_LEG_DIR,reachable_pair_fraction,0.17010234217894712,0.2347798756837728,3
C15,FILM_minus_LEG_DIR,reciprocal_fraction,0.06999434306890819,0.0916049487905264,3
C15,FILM_minus_LEG_DIR,recruitment_total,0.0,0.0,3
C15,FILM_minus_LEG_DIR,reliable_out_degree_mean,1.722724780701754,1.7061589423713217,3
C15,FILM_minus_LEG_DIR,repeat_assignments,0.0,0.0,3
C15,FILM_minus_LEG_DIR,target_action_sensitivity,0.005115942659948925,0.0013264475310101698,3
C15,FILM_minus_LEG_DIR,target_hit_lift,-4.097593299652401,7.125877646791524,3
C15,FILM_minus_LEG_DIR,target_value_span,0.007941088339991935,0.0030261837271967854,3
C15,FILM_minus_LEG_DIR,top3_incoming_share,-0.008371475887925991,0.08924115292946513,3
C15,FILM_minus_LEG_DIR,untested_zero_outdegree_count,-0.1293859649122807,0.2241030650143942,3
C15,FILM_minus_LEG_DIR,zero_outdegree_count,-0.19956140350877194,0.34565049010694704,3
C15,FILM_minus_LEG_MON,attempt_coverage,0.004166666483669923,0.030978828572375453,3
C15,FILM_minus_LEG_MON,bad_source_assignments,0.0,0.0,3
C15,FILM_minus_LEG_MON,bad_source_count,-0.15570175438596492,0.2696833494241015,3
C15,FILM_minus_LEG_MON,behavior_replay_mismatch,0.0,0.0,3
C15,FILM_minus_LEG_MON,coverage_auc,26.761229384664688,19.762058372095833,3
C15,FILM_minus_LEG_MON,decoder_parameter_count,2048.0,0.0,3
C15,FILM_minus_LEG_MON,dg_density,0.0011229933353892538,0.0023756528992920686,3
C15,FILM_minus_LEG_MON,dg_silent_fraction,0.0,0.0,3
C15,FILM_minus_LEG_MON,dg_usage_entropy,-0.00012526164452234903,0.0007515361832326232,3
C15,FILM_minus_LEG_MON,duplicate_assignments,0.0,0.0,3
C15,FILM_minus_LEG_MON,film_modulation_norm_max,1.7897623450609677,0.07540709395595847,3
C15,FILM_minus_LEG_MON,film_modulation_norm_mean,0.7176113076377333,0.06156821115754394,3
C15,FILM_minus_LEG_MON,fully_tested_count,-0.14254385964912272,5.285058600778779,3
C15,FILM_minus_LEG_MON,largest_scc,1.8552631578947363,2.8103196380739406,3
C15,FILM_minus_LEG_MON,option_success_fraction,0.04411418437385898,0.002081598899496273,3
C15,FILM_minus_LEG_MON,predictive_assignments,0.0,0.0,3
C15,FILM_minus_LEG_MON,predictive_context_groups,3.4649122807017547,2.148329382719846,3
C15,FILM_minus_LEG_MON,predictive_eligible_count,0.10745614035087718,0.049378641443849576,3
C15,FILM_minus_LEG_MON,predictive_event_count,4.342105263157896,2.2455230159048583,3
C15,FILM_minus_LEG_MON,predictive_reliability_gap,0.021237357928041822,0.012321775389666433,3
C15,FILM_minus_LEG_MON,reachable_pair_fraction,0.11468384526016417,0.17300174798967694,3
C15,FILM_minus_LEG_MON,reciprocal_fraction,-0.04930830139078592,0.06223746265149679,3
C15,FILM_minus_LEG_MON,recruitment_total,0.0,0.0,3
C15,FILM_minus_LEG_MON,reliable_out_degree_mean,1.053042763157895,1.72219474076009,3
C15,FILM_minus_LEG_MON,repeat_assignments,0.0,0.0,3
C15,FILM_minus_LEG_MON,target_action_sensitivity,0.005833205455003241,0.0006230849213609734,3
C15,FILM_minus_LEG_MON,target_hit_lift,0.9716492932485904,4.879930387186004,3
C15,FILM_minus_LEG_MON,target_value_span,0.00975749577405064,0.004853998639930911,3
C15,FILM_minus_LEG_MON,top3_incoming_share,0.06135856902651619,0.06633540559192579,3
C15,FILM_minus_LEG_MON,untested_zero_outdegree_count,-0.19956140350877194,0.34565049010694704,3
C15,FILM_minus_LEG_MON,zero_outdegree_count,-0.3552631578947369,0.6153338395310486,3
C15,FILM_minus_LEG_PRED,attempt_coverage,-0.01320174542652941,0.02375312231643371,3
C15,FILM_minus_LEG_PRED,bad_source_assignments,0.0,0.0,3
C15,FILM_minus_LEG_PRED,bad_source_count,-0.19736842105263155,0.19112946113597304,3
C15,FILM_minus_LEG_PRED,behavior_replay_mismatch,0.0,0.0,3
C15,FILM_minus_LEG_PRED,coverage_auc,11.117437911300739,33.80926811543855,3
C15,FILM_minus_LEG_PRED,decoder_parameter_count,2048.0,0.0,3
C15,FILM_minus_LEG_PRED,dg_density,0.001024123023948056,0.001030523282970113,3
C15,FILM_minus_LEG_PRED,dg_silent_fraction,0.0,0.0,3
C15,FILM_minus_LEG_PRED,dg_usage_entropy,0.0009335059474401275,0.0019264294268744521,3
C15,FILM_minus_LEG_PRED,duplicate_assignments,0.0,0.0,3
C15,FILM_minus_LEG_PRED,film_modulation_norm_max,1.7771374630775938,0.008741373162445797,3
C15,FILM_minus_LEG_PRED,film_modulation_norm_mean,0.6906706621510942,0.03697980296655604,3
C15,FILM_minus_LEG_PRED,fully_tested_count,-2.641294876263506,4.70311884085635,3
C15,FILM_minus_LEG_PRED,largest_scc,2.7051461812266973,1.055512467164817,3
C15,FILM_minus_LEG_PRED,option_success_fraction,0.011078100668124416,0.030661941052631734,3
C15,FILM_minus_LEG_PRED,predictive_assignments,0.0,0.0,3
C15,FILM_minus_LEG_PRED,predictive_context_groups,4.16132482017808,1.2100073623221592,3
C15,FILM_minus_LEG_PRED,predictive_eligible_count,0.0688195126588295,0.011961820196985874,3
C15,FILM_minus_LEG_PRED,predictive_event_count,5.652667754576086,1.2681227550603626,3
C15,FILM_minus_LEG_PRED,predictive_reliability_gap,0.012256083447514768,0.008465189800304434,3
C15,FILM_minus_LEG_PRED,reachable_pair_fraction,0.15607821078118198,0.05989911390772906,3
C15,FILM_minus_LEG_PRED,reciprocal_fraction,0.07638835939184302,0.10231925720302591,3
C15,FILM_minus_LEG_PRED,recruitment_total,0.0,0.0,3
C15,FILM_minus_LEG_PRED,reliable_out_degree_mean,1.6235627944220876,1.530013645500718,3
C15,FILM_minus_LEG_PRED,repeat_assignments,0.0,0.0,3
C15,FILM_minus_LEG_PRED,target_action_sensitivity,0.0034612201291982143,0.0024814355125405895,3
C15,FILM_minus_LEG_PRED,target_hit_lift,2.864223573704225,4.951445021411668,3
C15,FILM_minus_LEG_PRED,target_value_span,0.010093621187259599,0.007351778402564792,3
C15,FILM_minus_LEG_PRED,top3_incoming_share,-0.0494149516468522,0.12783023332325916,3
C15,FILM_minus_LEG_PRED,untested_zero_outdegree_count,-0.11403508771929825,0.1975145657753983,3
C15,FILM_minus_LEG_PRED,zero_outdegree_count,-0.3114035087719298,0.3722389893459429,3
C15,PRED_minus_MON_FILM,attempt_coverage,-0.008344136820170286,0.035130664742548265,3
C15,PRED_minus_MON_FILM,bad_source_assignments,0.0,0.0,3
C15,PRED_minus_MON_FILM,bad_source_count,0.010964912280701754,0.018991785170711373,3
C15,PRED_minus_MON_FILM,behavior_replay_mismatch,0.0,0.0,3
C15,PRED_minus_MON_FILM,coverage_auc,-6.394939725981291,17.39330965631386,3
C15,PRED_minus_MON_FILM,decoder_parameter_count,0.0,0.0,3
C15,PRED_minus_MON_FILM,dg_density,-0.00013192038406785686,0.0018020079684532568,3
C15,PRED_minus_MON_FILM,dg_silent_fraction,0.0,0.0,3
C15,PRED_minus_MON_FILM,dg_usage_entropy,0.0008574098324851306,0.003978828025215791,3
C15,PRED_minus_MON_FILM,duplicate_assignments,0.0,0.0,3
C15,PRED_minus_MON_FILM,film_modulation_norm_max,-0.012624881983373784,0.07505376133663039,3
C15,PRED_minus_MON_FILM,film_modulation_norm_mean,-0.026940645486639252,0.03197213973130584,3
C15,PRED_minus_MON_FILM,fully_tested_count,-1.7039473684210522,7.177324032197369,3
C15,PRED_minus_MON_FILM,largest_scc,0.3153907496012766,0.27093125397712126,3
C15,PRED_minus_MON_FILM,option_success_fraction,-0.019970771218642613,0.008595902033035834,3
C15,PRED_minus_MON_FILM,predictive_assignments,0.0,0.0,3
C15,PRED_minus_MON_FILM,predictive_context_groups,-0.8722089314194577,0.685264816737477,3
C15,PRED_minus_MON_FILM,predictive_eligible_count,-0.04944178628389154,0.03178496245285606,3
C15,PRED_minus_MON_FILM,predictive_event_count,-1.1148325358851678,1.5564723425531684,3
C15,PRED_minus_MON_FILM,predictive_reliability_gap,-0.009942469620806844,0.00954818355528358,3
C15,PRED_minus_MON_FILM,reachable_pair_fraction,0.01859466402391881,0.018219793344747343,3
C15,PRED_minus_MON_FILM,reciprocal_fraction,0.037660447913303696,0.037029084174796764,3
C15,PRED_minus_MON_FILM,recruitment_total,0.0,0.0,3
C15,PRED_minus_MON_FILM,reliable_out_degree_mean,0.3292837918660287,0.7126463078948119,3
C15,PRED_minus_MON_FILM,repeat_assignments,0.0,0.0,3
C15,PRED_minus_MON_FILM,target_action_sensitivity,-0.004134016600780953,0.0035918531297755903,3
C15,PRED_minus_MON_FILM,target_hit_lift,0.701716150815169,7.339334833864004,3
C15,PRED_minus_MON_FILM,target_value_span,-0.0024752598410443306,0.0026661262909171337,3
C15,PRED_minus_MON_FILM,top3_incoming_share,-0.014796627848817578,0.0971441720001283,3
C15,PRED_minus_MON_FILM,untested_zero_outdegree_count,0.0,0.0,3
C15,PRED_minus_MON_FILM,zero_outdegree_count,0.010964912280701754,0.018991785170711373,3
C15,PRED_minus_MON_LEG,attempt_coverage,0.009024275090029047,0.014360926909426756,3
C15,PRED_minus_MON_LEG,bad_source_assignments,0.0,0.0,3
C15,PRED_minus_MON_LEG,bad_source_count,0.05263157894736842,0.46151210282356797,3
C15,PRED_minus_MON_LEG,behavior_replay_mismatch,0.0,0.0,3
C15,PRED_minus_MON_LEG,coverage_auc,9.248851747382659,31.889865937648572,3
C15,PRED_minus_MON_LEG,decoder_parameter_count,0.0,0.0,3
C15,PRED_minus_MON_LEG,dg_density,-3.3050072626659065e-05,0.0013031021895270483,3
C15,PRED_minus_MON_LEG,dg_silent_fraction,0.0,0.0,3
C15,PRED_minus_MON_LEG,dg_usage_entropy,-0.000201357759477346,0.0028023168095150843,3
C15,PRED_minus_MON_LEG,duplicate_assignments,0.0,0.0,3
C15,PRED_minus_MON_LEG,film_modulation_norm_max,0.0,0.0,3
C15,PRED_minus_MON_LEG,film_modulation_norm_mean,0.0,0.0,3
C15,PRED_minus_MON_LEG,fully_tested_count,0.7948036481933313,2.2553638481778826,3
C15,PRED_minus_MON_LEG,largest_scc,-0.5344922737306845,3.713710664713077,3
C15,PRED_minus_MON_LEG,option_success_fraction,0.013065312487091954,0.024372913784365888,3
C15,PRED_minus_MON_LEG,predictive_assignments,0.0,0.0,3
C15,PRED_minus_MON_LEG,predictive_context_groups,-1.5686214708957829,3.0634872932307595,3
C15,PRED_minus_MON_LEG,predictive_eligible_count,-0.010805158591843847,0.04247119874655597,3
C15,PRED_minus_MON_LEG,predictive_event_count,-2.4253950273033578,2.8910983776547328,3
C15,PRED_minus_MON_LEG,predictive_reliability_gap,-0.0009611951402797846,0.013185287655580533,3
C15,PRED_minus_MON_LEG,reachable_pair_fraction,-0.02279970149709898,0.22565065886056157,3
C15,PRED_minus_MON_LEG,reciprocal_fraction,-0.08803621286932524,0.12588080711154082,3
C15,PRED_minus_MON_LEG,recruitment_total,0.0,0.0,3
C15,PRED_minus_MON_LEG,reliable_out_degree_mean,-0.24123623939816405,2.495537656248058,3
C15,PRED_minus_MON_LEG,repeat_assignments,0.0,0.0,3
C15,PRED_minus_MON_LEG,target_action_sensitivity,-0.0017620312749759262,0.002208530267093892,3
C15,PRED_minus_MON_LEG,target_hit_lift,-1.1908581296404652,2.01930628746506,3
C15,PRED_minus_MON_LEG,target_value_span,-0.0028113852542532916,0.009156887035826851,3
C15,PRED_minus_MON_LEG,top3_incoming_share,0.09597689282455081,0.10950429966030965,3
C15,PRED_minus_MON_LEG,untested_zero_outdegree_count,-0.08552631578947369,0.4761903731367782,3
C15,PRED_minus_MON_LEG,zero_outdegree_count,-0.03289473684210531,0.9352523842047477,3
C15,PRED_x_goal,attempt_coverage,-0.01736841191019937,0.049444429616091946,3
C15,PRED_x_goal,bad_source_assignments,0.0,0.0,3
C15,PRED_x_goal,bad_source_count,-0.041666666666666664,0.4488333857074105,3
C15,PRED_x_goal,behavior_replay_mismatch,0.0,0.0,3
C15,PRED_x_goal,coverage_auc,-15.64379147336395,49.11319519739834,3
C15,PRED_x_goal,decoder_parameter_count,0.0,0.0,3
C15,PRED_x_goal,dg_density,-9.88703114411978e-05,0.003083451224599086,3
C15,PRED_x_goal,dg_silent_fraction,0.0,0.0,3
C15,PRED_x_goal,dg_usage_entropy,0.0010587675919624766,0.0018295717374189704,3
C15,PRED_x_goal,duplicate_assignments,0.0,0.0,3
C15,PRED_x_goal,film_modulation_norm_max,-0.012624881983373784,0.07505376133663039,3
C15,PRED_x_goal,film_modulation_norm_mean,-0.026940645486639252,0.03197213973130584,3
C15,PRED_x_goal,fully_tested_count,-2.498751016614383,9.288764320612053,3
C15,PRED_x_goal,largest_scc,0.8498830233319611,3.555345362949077,3
C15,PRED_x_goal,option_success_fraction,-0.03303608370573457,0.032097564771135734,3
C15,PRED_x_goal,predictive_assignments,0.0,0.0,3
C15,PRED_x_goal,predictive_context_groups,0.6964125394763251,3.3573050468825345,3
C15,PRED_x_goal,predictive_eligible_count,-0.03863662769204768,0.03795405888186061,3
C15,PRED_x_goal,predictive_event_count,1.31056249141819,3.504862279526102,3
C15,PRED_x_goal,predictive_reliability_gap,-0.00898127448052706,0.0048361360905111415,3
C15,PRED_x_goal,reachable_pair_fraction,0.041394365521017794,0.21478859124820623,3
C15,PRED_x_goal,reciprocal_fraction,0.12569666078262895,0.1619397295880592,3
C15,PRED_x_goal,recruitment_total,0.0,0.0,3
C15,PRED_x_goal,reliable_out_degree_mean,0.5705200312641927,3.1626770926741563,3
C15,PRED_x_goal,repeat_assignments,0.0,0.0,3
C15,PRED_x_goal,target_action_sensitivity,-0.0023719853258050267,0.0018593713101038914,3
C15,PRED_x_goal,target_hit_lift,1.8925742804556351,9.200227040869004,3
C15,PRED_x_goal,target_value_span,0.00033612541320896086,0.011543858942293544,3
C15,PRED_x_goal,top3_incoming_share,-0.11077352067336839,0.1938214934816273,3
C15,PRED_x_goal,untested_zero_outdegree_count,0.08552631578947369,0.4761903731367782,3
C15,PRED_x_goal,zero_outdegree_count,0.04385964912280708,0.9214598097468835,3
