label,frames,visited_cells,visited_cell_fraction,mean_spatial_information_bits,median_spatial_information_bits,max_spatial_information_bits,units_si_over_0_5_bits,mean_active_fraction,silent_units,map_cosine_mean,map_cosine_min,map_cosine_max,unique_peak_bins,mean_pre_threshold_logit,mean_pre_threshold_logit_std,mean_pre_threshold_above_fraction
GSR_C05_D4_H10K_S123__00_GSR_C05_D4_H10K_S123__gsr_c05_d4_h10k__s123__f73891840,10001,277,0.7673130193905817,0.11870677727118845,0.13079073198151334,0.1862910124873728,0,0.02242900709929007,0,0.09921467816607947,0.0,0.6946456720946816,16,-0.0034824050962924957,1.0022660493850708,0.02242900709929007
GSR_C05_D4_H10K_S8__00_GSR_C05_D4_H10K_S8__gsr_c05_d4_h10k__s8__f74088448,10001,214,0.592797783933518,0.07845867676992496,0.037965469815426776,0.24088664371967217,0,0.026053644635536447,0,0.23261502456074573,0.0,0.7647787384131296,16,-0.02055475488305092,0.9975937008857727,0.026053644635536447
GSR_C05_D4_H10K_S99__00_GSR_C05_D4_H10K_S99__gsr_c05_d4_h10k__s99__f74842112,10001,224,0.6204986149584487,0.10640772196539985,0.09788918177584799,0.24607989861000168,0,0.028497150284971504,0,0.08096456400881316,0.0,0.5194012526498808,15,0.007760646753013134,0.9484107494354248,0.028497150284971504
GSR_C05_D4_H5K_S123__00_GSR_C05_D4_H5K_S123__gsr_c05_d4_h5k__s123__f73662464,10001,244,0.6759002770083102,0.08696074775035488,0.0634525162617547,0.21911374049310442,0,0.024785021497850213,0,0.14676464659199304,0.0,0.6582786717998009,16,-0.02384628914296627,0.9321666955947876,0.024785021497850213
GSR_C05_D4_H5K_S8__00_GSR_C05_D4_H5K_S8__gsr_c05_d4_h5k__s8__f76120064,10001,284,0.7867036011080333,0.13675420357972687,0.11684031428248617,0.3254133812907432,0,0.029190830916908307,0,0.1178634923952065,0.0004170065372248806,0.6655381063580716,16,-0.015839405357837677,1.0453797578811646,0.029190830916908307
GSR_C05_D4_H5K_S99__00_GSR_C05_D4_H5K_S99__gsr_c05_d4_h5k__s99__f73170944,10001,271,0.7506925207756233,0.09526550775490672,0.045842095583662965,0.31216797009578123,0,0.02724102589741026,0,0.15973412367945544,4.876324960162473e-05,0.530158918346948,16,0.0047618914395570755,1.0302865505218506,0.02724102589741026
GSR_C05_D8_H10K_S123__00_GSR_C05_D8_H10K_S123__gsr_c05_d8_h10k__s123__f75038720,10001,286,0.7922437673130194,0.20597862284711582,0.19784278428953864,0.3682078655573726,0,0.026572342765723428,0,0.049940088831684264,3.996827350833355e-05,0.6427173845464592,15,-0.011252153664827347,1.0016117095947266,0.026572342765723428
GSR_C05_D8_H10K_S8__00_GSR_C05_D8_H10K_S8__gsr_c05_d8_h10k__s8__f74219520,10001,272,0.7534626038781164,0.110565026983181,0.08715062676194775,0.3134205850511693,0,0.02935331466853315,0,0.09464738109904157,0.0,0.42966490782541017,16,-0.005238104611635208,1.0327670574188232,0.02935331466853315
GSR_C05_D8_H10K_S99__00_GSR_C05_D8_H10K_S99__gsr_c05_d8_h10k__s99__f77004800,10001,307,0.850415512465374,0.10240677343978265,0.07406133493656494,0.21727253693725646,0,0.027147285271472855,0,0.13106084989125907,0.000842314811887129,0.429641813853834,16,0.016556791961193085,1.0053398609161377,0.027147285271472855
GSR_C05_D8_H5K_S123__00_GSR_C05_D8_H5K_S123__gsr_c05_d8_h5k__s123__f73924608,10001,227,0.628808864265928,0.10462858738780667,0.09992502999127534,0.29676021142534836,0,0.024872512748725126,0,0.17996418444545892,0.0,0.7424076263303925,11,-0.056660838425159454,1.0160353183746338,0.024872512748725126
GSR_C05_D8_H5K_S8__00_GSR_C05_D8_H5K_S8__gsr_c05_d8_h5k__s8__f74252288,10001,249,0.6897506925207756,0.091299061670928,0.04460104664076372,0.30455133119849487,0,0.03002824717528247,0,0.16358271148938158,2.993887560663517e-05,0.6607298521574364,15,-0.012178112752735615,1.0265796184539795,0.03002824717528247
GSR_C05_D8_H5K_S99__00_GSR_C05_D8_H5K_S99__gsr_c05_d8_h5k__s99__f73662464,10001,313,0.8670360110803325,0.14392178831368008,0.13897317781117946,0.2238073837704287,0,0.02332891710828917,0,0.08654238624648973,0.0,0.8934310579128841,16,0.005140111781656742,0.9460703730583191,0.02332891710828917
GSR_C13_D4_H10K_S123__00_GSR_C13_D4_H10K_S123__gsr_c13_d4_h10k__s123__f73564160,10001,182,0.5041551246537396,0.19013450797195994,0.19395790866946352,0.2524010541210134,0,0.03104064593540646,0,0.05394583492261927,0.0,0.6077457726627328,16,0.008506571874022484,1.0036060810089111,0.03104064593540646
GSR_C13_D4_H10K_S8__00_GSR_C13_D4_H10K_S8__gsr_c13_d4_h10k__s8__f73990144,10001,199,0.5512465373961218,0.2324657519971233,0.2627662655463504,0.42624948362253984,0,0.025784921507849216,0,0.0490858579117076,0.0,0.4267804259180804,16,0.011743515729904175,0.9763457775115967,0.025784921507849216
GSR_C13_D4_H10K_S99__00_GSR_C13_D4_H10K_S99__gsr_c13_d4_h10k__s99__f73859072,10001,179,0.49584487534626037,0.17726540199754584,0.24394929817700556,0.31199133028461257,0,0.02574117588241176,0,0.05145045969025313,0.0,0.5104160319647049,16,-0.012995736673474312,0.8624563217163086,0.02574117588241176
GSR_C13_D4_H5K_S123__00_GSR_C13_D4_H5K_S123__gsr_c13_d4_h5k__s123__f75988992,10001,206,0.5706371191135734,0.17759765918586676,0.1832950265500817,0.25076299781328737,0,0.025822417758224178,0,0.07350576760506694,0.0,0.561724020598191,16,-0.016930285841226578,0.9657713174819946,0.025822417758224178
GSR_C13_D4_H5K_S8__00_GSR_C13_D4_H5K_S8__gsr_c13_d4_h5k__s8__f76972032,10001,240,0.6648199445983379,0.147405420589454,0.14084540684149133,0.23367489023201632,0,0.025334966503349668,0,0.08454081513493428,1.6782894668794588e-05,0.6899200775504587,16,-0.010446492582559586,1.0061569213867188,0.025334966503349668
GSR_C13_D4_H5K_S99__00_GSR_C13_D4_H5K_S99__gsr_c13_d4_h5k__s99__f74579968,10001,280,0.775623268698061,0.13157801077433556,0.12657644998592862,0.21931756258571958,0,0.024935006499350064,0,0.10142334153078268,0.008144865422819088,0.4122220859864631,16,0.0011280998587608337,0.9953375458717346,0.024935006499350064
GSR_C13_D8_H10K_S123__00_GSR_C13_D8_H10K_S123__gsr_c13_d8_h10k__s123__f73465856,10001,215,0.5955678670360111,0.14993697216875243,0.14973757004761726,0.24254920413813444,0,0.026616088391160884,0,0.0742801624758918,1.3122084438558866e-05,0.4690219667522117,15,-0.0047385371290147305,0.9917309284210205,0.026616088391160884
GSR_C13_D8_H10K_S8__00_GSR_C13_D8_H10K_S8__gsr_c13_d8_h10k__s8__f74842112,10001,211,0.5844875346260388,0.20378735915730517,0.21865293637509042,0.30764437939743544,0,0.02544120587941206,0,0.03812963786946875,0.0,0.41494278542418633,16,0.018736638128757477,1.00791335105896,0.02544120587941206
GSR_C13_D8_H10K_S99__00_GSR_C13_D8_H10K_S99__gsr_c13_d8_h10k__s99__f74973184,10001,223,0.6177285318559557,0.17600839147933378,0.16365747409357764,0.24997428660647864,0,0.026634836516348365,0,0.06476273117559991,0.0,0.3557723550494758,16,0.022906411439180374,1.0292158126831055,0.026634836516348365
GSR_C13_D8_H5K_S123__00_GSR_C13_D8_H5K_S123__gsr_c13_d8_h5k__s123__f73564160,10001,270,0.7479224376731302,0.17716172706502648,0.16366030661094716,0.26933509256655513,0,0.02594115588441156,0,0.05335800456936784,6.023202495531377e-06,0.7051432903177101,16,-0.010069708339869976,0.9954754114151001,0.02594115588441156
GSR_C13_D8_H5K_S8__00_GSR_C13_D8_H5K_S8__gsr_c13_d8_h5k__s8__f73269248,10001,235,0.6509695290858726,0.18138076097070038,0.1868390421116372,0.2616273298588525,0,0.025391210878912107,0,0.07456697337478477,0.0010731144722016092,0.5177430504275075,15,0.015504924580454826,1.0258609056472778,0.025391210878912107
GSR_C13_D8_H5K_S99__00_GSR_C13_D8_H5K_S99__gsr_c13_d8_h5k__s99__f73662464,10001,187,0.518005540166205,0.20842761725024403,0.2157938127948884,0.3424208032439848,0,0.024766273372662732,0,0.04520956099676857,0.0,0.38776813065603516,16,-0.0033665820956230164,0.9857772588729858,0.024766273372662732
GSR_C15_D4_H10K_S123__00_GSR_C15_D4_H10K_S123__gsr_c15_d4_h10k__s123__f73596928,10001,314,0.8698060941828255,0.11230241317235021,0.1030301763051566,0.16015348475791752,0,0.030534446555344465,0,0.19320774194755372,0.011093208190600065,0.5874484930834789,16,0.002195830922573805,0.9743318557739258,0.030534446555344465
GSR_C15_D4_H10K_S8__00_GSR_C15_D4_H10K_S8__gsr_c15_d4_h10k__s8__f76447744,10001,299,0.8282548476454293,0.12295399068979639,0.1136160421358184,0.2392273740130829,0,0.027503499650034995,0,0.12753573671397983,0.0026313730138801017,0.7281266761258582,15,0.005043253768235445,1.0329649448394775,0.027503499650034995
GSR_C15_D4_H10K_S99__00_GSR_C15_D4_H10K_S99__gsr_c15_d4_h10k__s99__f75792384,10001,228,0.631578947368421,0.14651834931551486,0.14707936623763346,0.2208789904935571,0,0.02672232776722328,0,0.06869323910258762,0.000458616045190536,0.5698446346409033,16,0.027665602043271065,1.0223643779754639,0.02672232776722328
GSR_C15_D4_H5K_S123__00_GSR_C15_D4_H5K_S123__gsr_c15_d4_h5k__s123__f73891840,10001,221,0.6121883656509696,0.14383973850453546,0.1512863792235151,0.24005393199850855,0,0.027709729027097292,0,0.05926298637000146,2.6428002391969508e-05,0.5382480124288542,14,0.0005169578362256289,0.9735773205757141,0.027709729027097292
GSR_C15_D4_H5K_S8__00_GSR_C15_D4_H5K_S8__gsr_c15_d4_h5k__s8__f73039872,10001,294,0.814404432132964,0.17209837307437043,0.16509613027851722,0.3051791231345384,0,0.029034596540345965,0,0.08515522878514566,7.015434525299198e-06,0.5202210168618984,16,0.0012004710733890533,1.0241360664367676,0.029034596540345965
GSR_C15_D4_H5K_S99__00_GSR_C15_D4_H5K_S99__gsr_c15_d4_h5k__s99__f76939264,10001,304,0.8421052631578947,0.13210903693056641,0.1279174038178162,0.19743405679215315,0,0.028697130286971302,0,0.14107359617127688,0.021894864999699018,0.5470413937521543,15,-0.02157117798924446,1.030081033706665,0.028697130286971302
GSR_C15_D8_H10K_S123__00_GSR_C15_D8_H10K_S123__gsr_c15_d8_h10k__s123__f75988992,10001,282,0.7811634349030471,0.1252873447786572,0.11699938278542397,0.1884194487266402,0,0.02904709529047095,0,0.1215116178162348,0.006577237778969414,0.3901946844360433,15,0.0145574901252985,1.0529178380966187,0.02904709529047095
GSR_C15_D8_H10K_S8__00_GSR_C15_D8_H10K_S8__gsr_c15_d8_h10k__s8__f74285056,10001,270,0.7479224376731302,0.12049544615740479,0.1215083037149951,0.1646256417499908,0,0.02725977402259774,0,0.14929199242504174,0.005201796349248332,0.5881245167125259,15,0.0026342193596065044,0.9817800521850586,0.02725977402259774
GSR_C15_D8_H10K_S99__00_GSR_C15_D8_H10K_S99__gsr_c15_d8_h10k__s99__f74219520,10001,243,0.6731301939058172,0.12088855662567025,0.1085883906827646,0.20557479548592775,0,0.027309769023097688,0,0.09730986759267889,0.0019900290118720966,0.4227121986877529,15,-0.01766224019229412,0.9599044919013977,0.027309769023097688
GSR_C15_D8_H5K_S123__00_GSR_C15_D8_H5K_S123__gsr_c15_d8_h5k__s123__f75595776,10001,315,0.8725761772853186,0.11925246021430395,0.10735897787093038,0.20328636248528803,0,0.029047095290470955,0,0.16406673120312373,0.0,0.8486604937126121,15,-0.016738295555114746,1.0262994766235352,0.029047095290470955
GSR_C15_D8_H5K_S8__00_GSR_C15_D8_H5K_S8__gsr_c15_d8_h5k__s8__f76480512,10001,207,0.5734072022160664,0.1459199771397491,0.1408140940765738,0.2642871090211413,0,0.024735026497350265,0,0.08861934834726441,0.0,0.8670114354570638,14,0.002542350208386779,1.0372521877288818,0.024735026497350265
GSR_C15_D8_H5K_S99__00_GSR_C15_D8_H5K_S99__gsr_c15_d8_h5k__s99__f73695232,10001,277,0.7673130193905817,0.1289835372147414,0.12331996006649376,0.1958758306191015,0,0.027865963403659634,0,0.1195268439092937,0.003693448676195571,0.5619849646557431,14,-0.008203664794564247,0.9602057933807373,0.027865963403659634
