backbone,redundancy_max_steps,half_life_k,seed,run,max_step,window_low,window_high,event_file,coverage_auc,coverage_auc__n,unique_cells,unique_cells__n,coverage_entropy,coverage_entropy__n,dg_density,dg_density__n,dg_silent_fraction,dg_silent_fraction__n,dg_usage_entropy,dg_usage_entropy__n,dg_behavior_event_fraction,dg_behavior_event_fraction__n,target_hit_lift,target_hit_lift__n,action_sensitivity,action_sensitivity__n,option_success_fraction,option_success_fraction__n,known_edge_fraction,known_edge_fraction__n,node_coverage_fraction,node_coverage_fraction__n,connected_fraction,connected_fraction__n,isolated_fraction,isolated_fraction__n,redundant_pair_count,redundant_pair_count__n,eligible_vertex_count,eligible_vertex_count__n,birth_protected_count,birth_protected_count__n,isolated_assignments_per_rollout,isolated_assignments_per_rollout__n,redundant_assignments_per_rollout,redundant_assignments_per_rollout__n,repeat_assignments_per_rollout,repeat_assignments_per_rollout__n,passive_graph_density,passive_graph_density__n,passive_updates_per_rollout,passive_updates_per_rollout__n,passive_stale_per_rollout,passive_stale_per_rollout__n,passive_over_gap_per_rollout,passive_over_gap_per_rollout__n,exploration_selection_fraction,exploration_selection_fraction__n,forced_exploration_fraction,forced_exploration_fraction__n,frontier_selection_rate,frontier_selection_rate__n,frontier_yield,frontier_yield__n,frontier_reached_fraction,frontier_reached_fraction__n,recruitment_total,recruitment_total__step,repeat_total,repeat_total__step,tiny_residual_total,tiny_residual_total__step
C05,4,5,8,GSR_C05_D4_H5K_S8,74448896,64448896,74448896,/work/classic/fr_xl1014-train/IntrMotiv/SF_hipposlam/train_dir/intrmotiv_graph_stabilized_recruitment_20260903/GSR_C05_D4_H5K_S8_/00_GSR_C05_D4_H5K_S8/.summary/0/events.out.tfevents.1788398419.n3510,63.78962829812194,549,103.39060112513697,549,4.028525186149583,549,0.030623138928022542,305,0.0,305,0.9729165245275029,305,0.29862480788934426,305,0.933658664343787,305,0.006569955697222078,305,0.09310487844660634,305,0.1569125674787115,305,1.0,305,1.0,305,0.0,305,0.04262295081967213,305,0.04262295081967213,305,0.0,305,0.0,305,0.0,305,0.0,305,0.9242213174945019,305,1431.865573770492,305,0.0,305,0.0,305,0.0,305,0.0,305,,0,,0,,0,2.0,74448896,0.0,74448896,0.0,74448896
C05,4,5,99,GSR_C05_D4_H5K_S99,92110848,82110848,92110848,/work/classic/fr_xl1014-train/IntrMotiv/SF_hipposlam/train_dir/intrmotiv_graph_stabilized_recruitment_20260903/GSR_C05_D4_H5K_S99_/00_GSR_C05_D4_H5K_S99/.summary/0/events.out.tfevents.1788398420.n4220,41.989396371574045,428,56.21983645786749,428,2.8891341513562425,428,0.02618216205116929,302,0.0,302,0.9713428016529967,302,0.3240570674668874,302,1.0144924024082966,302,0.03151184790428506,302,0.34397331812721216,302,0.17715231171309553,302,1.0,302,1.0,302,0.0,302,0.0,302,0.0,302,0.0,302,0.0,302,0.0,302,0.0,302,0.8955297945745734,302,1385.5298013245033,302,0.0,302,0.0,302,0.0,302,0.0,302,,0,,0,,0,0.0,92110848,0.0,92110848,0.0,92110848
C05,4,5,123,GSR_C05_D4_H5K_S123,92110848,82110848,92110848,/work/classic/fr_xl1014-train/IntrMotiv/SF_hipposlam/train_dir/intrmotiv_graph_stabilized_recruitment_20260903/GSR_C05_D4_H5K_S123_/00_GSR_C05_D4_H5K_S123/.summary/0/events.out.tfevents.1788398420.n4505,38.65106716330193,438,49.888858525176026,438,2.490603112194636,438,0.025814859490645558,304,0.0,304,0.9591734738726365,304,0.2811632658305921,304,1.0367865642826808,304,0.03498662532135648,304,0.3027967420945826,304,0.16949013159855417,304,1.0,304,1.0,304,0.0,304,1.236842105263158,304,1.0230263157894737,304,0.0,304,0.0,304,0.0,304,0.0,304,0.9015213782457929,304,1336.9243421052631,304,0.0,304,0.0,304,0.0,304,0.0,304,,0,,0,,0,0.0,92110848,0.0,92110848,0.0,92110848
C05,4,10,8,GSR_C05_D4_H10K_S8,91848704,81848704,91848704,/work/classic/fr_xl1014-train/IntrMotiv/SF_hipposlam/train_dir/intrmotiv_graph_stabilized_recruitment_20260903/GSR_C05_D4_H10K_S8_/00_GSR_C05_D4_H10K_S8/.summary/0/events.out.tfevents.1788398442.n4509,30.233260258338404,451,36.74186256983857,451,2.2945106119380028,451,0.02432470383986928,306,0.0,306,0.9685468436066621,306,0.2708333333333333,306,1.0698471203738569,306,0.020862318975607457,306,0.14966011332238421,306,0.1587009807330331,306,1.0,306,1.0,306,0.0,306,1.0,306,1.0,306,0.0,306,0.0,306,0.0,306,0.0,306,0.9340958638128891,306,1256.6568627450981,306,0.0,306,0.0,306,0.0,306,0.0,306,,0,,0,,0,2.0,91848704,0.0,91848704,0.0,91848704
C05,4,10,99,GSR_C05_D4_H10K_S99,76447744,66447744,76447744,/work/classic/fr_xl1014-train/IntrMotiv/SF_hipposlam/train_dir/intrmotiv_graph_stabilized_recruitment_20260903/GSR_C05_D4_H10K_S99_/00_GSR_C05_D4_H10K_S99/.summary/0/events.out.tfevents.1788398440.n3320,64.51483177681992,522,98.96300779174571,522,3.0211751830988915,522,0.02626227085886438,306,0.0,306,0.9636238585500156,306,0.23988970588235295,306,1.2366025142030779,306,0.005246082476220015,306,0.08013320670408361,306,0.17335239578695857,306,1.0,306,1.0,306,0.0,306,0.0,306,0.0,306,0.0,306,0.0,306,0.0,306,0.0,306,0.8902913892970366,306,1175.3725490196077,306,0.0,306,0.032679738562091505,306,0.0,306,0.0,306,,0,,0,,0,1.0,76447744,0.0,76447744,0.0,76447744
C05,4,10,123,GSR_C05_D4_H10K_S123,75431936,65431936,75431936,/work/classic/fr_xl1014-train/IntrMotiv/SF_hipposlam/train_dir/intrmotiv_graph_stabilized_recruitment_20260903/GSR_C05_D4_H10K_S123_/00_GSR_C05_D4_H10K_S123/.summary/0/events.out.tfevents.1788398440.n3320,51.358930735040296,531,76.56843681838329,531,2.750636304165684,531,0.023074380712571486,306,0.0,306,0.9716277588037104,306,0.29135071997549017,306,1.0489637522526036,306,0.017563756470099775,306,0.10886324004093612,306,0.22214052183370964,306,1.0,306,1.0,306,0.0,306,0.029411764705882353,306,0.029411764705882353,306,0.0,306,0.0,306,0.0,306,0.0,306,0.9001361604999093,306,1268.078431372549,306,0.0,306,0.0,306,0.0,306,0.0,306,,0,,0,,0,0.0,75431936,0.0,75431936,0.0,75431936
C05,8,5,8,GSR_C05_D8_H5K_S8,76054528,66054528,76054528,/work/classic/fr_xl1014-train/IntrMotiv/SF_hipposlam/train_dir/intrmotiv_graph_stabilized_recruitment_20260903/GSR_C05_D8_H5K_S8_/00_GSR_C05_D8_H5K_S8/.summary/0/events.out.tfevents.1788398443.n3408,40.96216803272878,508,59.77159446055495,508,3.1572150372144745,508,0.030548095703125,306,0.0,306,0.9686144339103325,306,0.28292707056781047,306,0.9868288026526083,306,0.034474742446654764,306,0.31632305102215874,306,0.15593682000644846,306,1.0,306,1.0,306,0.0,306,5.898692810457517,306,4.0,306,0.0,306,0.0,306,0.0,306,0.0,306,0.9092184131831126,306,1482.0980392156862,306,0.0,306,0.0,306,0.0,306,0.0,306,,0,,0,,0,0.0,76054528,0.0,76054528,0.0,76054528
C05,8,5,99,GSR_C05_D8_H5K_S99,92766208,82766208,92766208,/work/classic/fr_xl1014-train/IntrMotiv/SF_hipposlam/train_dir/intrmotiv_graph_stabilized_recruitment_20260903/GSR_C05_D8_H5K_S99_/00_GSR_C05_D8_H5K_S99/.summary/0/events.out.tfevents.1788398442.n4512,60.043853321714266,418,78.55279906058425,418,2.669078206331536,418,0.023984433993087827,269,0.0,269,0.9708292393436219,269,0.2859440346189591,269,0.9817147970642742,269,0.011014747703413316,269,0.24257229509517605,269,0.15718711220198847,269,1.0,269,1.0,269,0.0,269,0.06319702602230483,269,0.06319702602230483,269,0.0,269,0.0,269,0.0,269,0.0,269,0.7943618370697844,269,1192.3977695167287,269,0.0,269,0.1524163568773234,269,0.0,269,0.0,269,,0,,0,,0,0.0,92766208,0.0,92766208,0.0,92766208
C05,8,5,123,GSR_C05_D8_H5K_S123,92143616,82143616,92143616,/work/classic/fr_xl1014-train/IntrMotiv/SF_hipposlam/train_dir/intrmotiv_graph_stabilized_recruitment_20260903/GSR_C05_D8_H5K_S123_/00_GSR_C05_D8_H5K_S123/.summary/0/events.out.tfevents.1788398442.n4512,32.252362382600325,443,40.4132731073866,443,1.7932761097600174,443,0.024699129016194123,302,0.0010347682119205299,302,0.9734904667399576,302,0.2649734193915563,302,0.9996128269773445,302,0.005776889395933993,302,0.1567516883724178,302,0.17677980114934067,302,0.9987582781456954,302,0.9966887417218543,302,0.0033112582781456954,302,1.7218543046357615,302,1.5165562913907285,302,0.39072847682119205,302,0.0,302,0.006622516556291391,302,0.0033112582781456954,302,0.8308222927399819,302,1276.5397350993378,302,10.274834437086092,302,0.0,302,0.0,302,0.0,302,,0,,0,,0,8.0,92143616,3.0,92143616,0.0,92143616
C05,8,10,8,GSR_C05_D8_H10K_S8,98402304,88402304,98402304,/work/classic/fr_xl1014-train/IntrMotiv/SF_hipposlam/train_dir/intrmotiv_graph_stabilized_recruitment_20260903/GSR_C05_D8_H10K_S8_/00_GSR_C05_D8_H10K_S8/.summary/0/events.out.tfevents.1788398444.n4515,46.56615820163634,410,62.51087806515577,410,1.8918640171609273,410,0.024867207295185812,185,0.0,185,0.9694235614828162,185,0.28535684121621624,185,1.1158441498472884,185,0.010744755818332369,185,0.3220803369541426,185,0.1605630635409742,185,1.0,185,1.0,185,0.0,185,2.097297297297297,185,1.8162162162162163,185,0.0,185,0.0,185,0.0,185,0.0,185,0.853153150146072,185,1234.5189189189189,185,0.0,185,0.0,185,0.0,185,0.0,185,,0,,0,,0,15.0,98402304,6.0,98402304,0.0,98402304
C05,8,10,99,GSR_C05_D8_H10K_S99,96337920,86337920,96337920,/work/classic/fr_xl1014-train/IntrMotiv/SF_hipposlam/train_dir/intrmotiv_graph_stabilized_recruitment_20260903/GSR_C05_D8_H10K_S99_/00_GSR_C05_D8_H10K_S99/.summary/0/events.out.tfevents.1788398444.n4515,65.68875754818427,419,102.45680184011528,419,3.691424314048239,419,0.027283342777456275,243,0.0,243,0.9725308536011495,243,0.3031322337962963,243,1.1283745571909618,243,0.022077256503204506,243,0.22144947608802545,243,0.19008916536721673,243,1.0,243,1.0,243,0.0,243,2.8230452674897117,243,2.0,243,0.0,243,0.0,243,0.0,243,0.0,243,0.9635802443625996,243,1375.7695473251028,243,0.0,243,0.0,243,0.0,243,0.0,243,,0,,0,,0,0.0,96337920,0.0,96337920,0.0,96337920
C05,8,10,123,GSR_C05_D8_H10K_S123,94699520,84699520,94699520,/work/classic/fr_xl1014-train/IntrMotiv/SF_hipposlam/train_dir/intrmotiv_graph_stabilized_recruitment_20260903/GSR_C05_D8_H10K_S123_/00_GSR_C05_D8_H10K_S123/.summary/0/events.out.tfevents.1788398443.n4601,16.82625938043362,410,18.89504878346513,410,2.475951736147811,410,0.028993178044121697,227,0.0,227,0.9746455082809348,227,0.37516132640418504,227,0.9735063275051538,227,0.008227839897743668,227,0.6407894212506416,227,0.17611967644239837,227,1.0,227,1.0,227,0.0,227,0.0,227,0.0,227,0.0,227,0.0,227,0.0,227,0.0,227,0.7957782726981041,227,1559.0,227,0.0,227,0.0,227,0.0,227,0.0,227,,0,,0,,0,0.0,94699520,0.0,94699520,0.0,94699520
C13,4,5,8,GSR_C13_D4_H5K_S8,95518720,85518720,95518720,/work/classic/fr_xl1014-train/IntrMotiv/SF_hipposlam/train_dir/intrmotiv_graph_stabilized_recruitment_20260903/GSR_C13_D4_H5K_S8_/00_GSR_C13_D4_H5K_S8/.summary/0/events.out.tfevents.1788398442.n4602,33.47160695254148,455,41.410395515358054,455,2.633101791863913,455,0.0247283935546875,230,0.0,230,0.9706207731495733,230,0.33076596467391306,230,1.1146137071692426,230,0.009037232295731487,230,0.5759405725028204,230,0.09827898708374604,230,1.0,230,1.0,230,0.0,230,0.0,230,0.0,230,0.0,230,0.0,230,0.0,230,0.0,230,0.9112681142661883,230,1355.2652173913043,230,0.0,230,0.0,230,0.34392497157273083,230,0.7734645272078722,230,,0,,0,,0,0.0,95518720,0.0,95518720,0.0,95518720
C13,4,5,99,GSR_C13_D4_H5K_S99,92962816,82962816,92962816,/work/classic/fr_xl1014-train/IntrMotiv/SF_hipposlam/train_dir/intrmotiv_graph_stabilized_recruitment_20260903/GSR_C13_D4_H5K_S99_/00_GSR_C13_D4_H5K_S99/.summary/0/events.out.tfevents.1788398442.n4613,61.48573143195674,441,91.82303859857745,441,3.557066385978474,441,0.024659599354064542,306,0.0,306,0.9746437736975602,306,0.2967968111723856,306,0.8788653538118001,306,0.012452821012927232,306,0.5482982389288011,306,0.07945261625390426,306,1.0,306,1.0,306,0.0,306,0.0,306,0.0,306,0.0,306,0.0,306,0.0,306,0.0,306,0.9052832288290161,306,1255.9771241830065,306,0.0,306,0.0,306,0.3428716132161664,306,0.7899806313460169,306,,0,,0,,0,0.0,92962816,0.0,92962816,0.0,92962816
C13,4,5,123,GSR_C13_D4_H5K_S123,95223808,85223808,95223808,/work/classic/fr_xl1014-train/IntrMotiv/SF_hipposlam/train_dir/intrmotiv_graph_stabilized_recruitment_20260903/GSR_C13_D4_H5K_S123_/00_GSR_C13_D4_H5K_S123/.summary/0/events.out.tfevents.1788398442.n4613,39.98010744367327,420,56.05811906542097,420,3.0415067326454888,420,0.025568570491772344,207,0.0,207,0.9758528021798618,207,0.35261454559178745,207,0.8888748112508065,207,0.011906029161623711,207,0.5537352802384878,207,0.1682367143423661,207,1.0,207,1.0,207,0.0,207,0.0,207,0.0,207,0.0,207,0.0,207,0.0,207,0.0,207,0.8898953251216722,207,1476.657004830918,207,0.0,207,0.0,207,0.3527190136016855,207,0.7817193315800838,207,,0,,0,,0,0.0,95223808,0.0,95223808,0.0,95223808
C13,4,10,8,GSR_C13_D4_H10K_S8,92995584,82995584,92995584,/work/classic/fr_xl1014-train/IntrMotiv/SF_hipposlam/train_dir/intrmotiv_graph_stabilized_recruitment_20260903/GSR_C13_D4_H10K_S8_/00_GSR_C13_D4_H10K_S8/.summary/0/events.out.tfevents.1788398442.n4122,44.676200443843626,424,55.41801882689854,424,2.841848478002368,424,0.025837793890035377,265,0.0,265,0.9721242742718391,265,0.3479915978773585,265,0.8385760896610763,265,0.010144393583583945,265,0.5120961266306211,265,0.1851729558323914,265,1.0,265,1.0,265,0.0,265,0.0,265,0.0,265,0.0,265,0.0,265,0.0,265,0.0,265,0.9625943303108215,265,1456.9811320754718,265,0.0,265,0.0,265,0.3654997170533774,265,0.8146762634223362,265,,0,,0,,0,0.0,92995584,0.0,92995584,0.0,92995584
C13,4,10,99,GSR_C13_D4_H10K_S99,97452032,87452032,97452032,/work/classic/fr_xl1014-train/IntrMotiv/SF_hipposlam/train_dir/intrmotiv_graph_stabilized_recruitment_20260903/GSR_C13_D4_H10K_S99_/00_GSR_C13_D4_H10K_S99/.summary/0/events.out.tfevents.1788398442.n4122,21.67613645735241,420,25.132428596133277,420,2.480221215883891,420,0.02638263012989458,249,0.0,249,0.9759199662380907,249,0.38695602723393574,249,0.9349244461959625,249,0.008491826449412418,249,0.5524313655124611,249,0.09180053547922387,249,1.0,249,1.0,249,0.0,249,0.0,249,0.0,249,0.0,249,0.0,249,0.0,249,0.0,249,0.8279953069954991,249,1586.5341365461848,249,0.0,249,0.0,249,0.35077491995081844,249,0.7973536624008393,249,,0,,0,,0,0.0,97452032,0.0,97452032,0.0,97452032
C13,4,10,123,GSR_C13_D4_H10K_S123,97812480,87812480,97812480,/work/classic/fr_xl1014-train/IntrMotiv/SF_hipposlam/train_dir/intrmotiv_graph_stabilized_recruitment_20260903/GSR_C13_D4_H10K_S123_/00_GSR_C13_D4_H10K_S123/.summary/0/events.out.tfevents.1788398442.n4122,54.660749645279786,409,76.63887523846988,409,3.3936092871034056,409,0.026276795760444973,184,0.0,184,0.9775282057083171,184,0.30735977836277173,184,0.9330353902085967,184,0.009514373332343024,184,0.6428684459432311,184,0.1507246362288361,184,1.0,184,1.0,184,0.0,184,0.0,184,0.0,184,0.0,184,0.0,184,0.0,184,0.0,184,0.9533514480875886,184,1342.1358695652175,184,0.0,184,0.0,184,0.31489470746854076,184,0.7585227011662462,184,,0,,0,,0,0.0,97812480,0.0,97812480,0.0,97812480
C13,8,5,8,GSR_C13_D8_H5K_S8,92241920,82241920,92241920,/work/classic/fr_xl1014-train/IntrMotiv/SF_hipposlam/train_dir/intrmotiv_graph_stabilized_recruitment_20260903/GSR_C13_D8_H5K_S8_/00_GSR_C13_D8_H5K_S8/.summary/0/events.out.tfevents.1788398443.n4125,29.791294642235044,438,38.667191792840825,438,2.708812414783321,438,0.02609330894303148,274,0.0,274,0.9723272708645703,274,0.35888493670164234,274,0.8982947627558325,274,0.008706676744835546,274,0.5173999501840911,274,0.12239963379110733,274,1.0,274,1.0,274,0.0,274,0.0,274,0.0,274,0.0,274,0.0,274,0.0,274,0.0,274,0.8232055965566287,274,1469.0839416058395,274,0.0,274,0.0,274,0.36663753958079065,274,0.8057368642439807,274,,0,,0,,0,0.0,92241920,0.0,92241920,0.0,92241920
C13,8,5,99,GSR_C13_D8_H5K_S99,98172928,88172928,98172928,/work/classic/fr_xl1014-train/IntrMotiv/SF_hipposlam/train_dir/intrmotiv_graph_stabilized_recruitment_20260903/GSR_C13_D8_H5K_S99_/00_GSR_C13_D8_H5K_S99/.summary/0/events.out.tfevents.1788398442.n4126,36.72572441750779,411,50.994793151706965,411,3.2384278756858658,411,0.02548591458067602,196,0.0,196,0.9750281304729228,196,0.33653539540816324,196,0.9121950949941363,196,0.01597143739594945,196,0.43721351247965073,196,0.09647108903344796,196,1.0,196,1.0,196,0.0,196,0.0,196,0.0,196,0.0,196,0.0,196,0.0,196,0.0,196,0.7940688765778834,196,1402.9183673469388,196,0.0,196,0.0,196,0.3952838884932654,196,0.8408001889379657,196,,0,,0,,0,0.0,98172928,0.0,98172928,0.0,98172928
C13,8,5,123,GSR_C13_D8_H5K_S123,97943552,87943552,97943552,/work/classic/fr_xl1014-train/IntrMotiv/SF_hipposlam/train_dir/intrmotiv_graph_stabilized_recruitment_20260903/GSR_C13_D8_H5K_S123_/00_GSR_C13_D8_H5K_S123/.summary/0/events.out.tfevents.1788398442.n4126,31.343077335542844,412,42.21580095198548,412,2.8312911981517828,412,0.02617637398316688,194,0.0,194,0.9753397254599738,194,0.35878352528994845,194,0.9537444308246534,194,0.012626997003158958,194,0.32596045070010976,194,0.12452749101464282,194,1.0,194,1.0,194,0.0,194,0.0,194,0.0,194,0.0,194,0.0,194,0.0,194,0.0,194,0.8444158106120592,194,1480.1340206185566,194,0.0,194,0.0,194,0.43505428147684666,194,0.8472388383653975,194,,0,,0,,0,0.0,97943552,0.0,97943552,0.0,97943552
C13,8,10,8,GSR_C13_D8_H10K_S8,94830592,84830592,94830592,/work/classic/fr_xl1014-train/IntrMotiv/SF_hipposlam/train_dir/intrmotiv_graph_stabilized_recruitment_20260903/GSR_C13_D8_H10K_S8_/00_GSR_C13_D8_H10K_S8/.summary/0/events.out.tfevents.1788398463.n4205,29.555134014491617,411,34.04340636817208,411,2.6479215970004564,411,0.027527275435421446,218,0.0,218,0.976538041589457,218,0.37100639693233944,218,0.8511333580410808,218,0.007315581254319314,218,0.6267722524497488,218,0.06666667014360428,218,1.0,218,1.0,218,0.0,218,0.0,218,0.0,218,0.0,218,0.0,218,0.0,218,0.0,218,0.8778669678289955,218,1522.619266055046,218,0.0,218,0.0,218,0.316214167572763,218,0.7536733095799018,218,,0,,0,,0,0.0,94830592,0.0,94830592,0.0,94830592
C13,8,10,99,GSR_C13_D8_H10K_S99,94371840,84371840,94371840,/work/classic/fr_xl1014-train/IntrMotiv/SF_hipposlam/train_dir/intrmotiv_graph_stabilized_recruitment_20260903/GSR_C13_D8_H10K_S99_/00_GSR_C13_D8_H10K_S99/.summary/0/events.out.tfevents.1788398463.n4205,39.99596450913627,424,51.567830157729816,424,2.9400357120441942,424,0.025242515798314845,293,0.0,293,0.9734372834296764,293,0.3434750293302048,293,0.9432086578408199,293,0.009668255124698828,293,0.5533004559754512,293,0.11889931460391133,293,1.0,293,1.0,293,0.0,293,0.0,293,0.0,293,0.0,293,0.0,293,0.0,293,0.0,293,0.8798208165494248,293,1423.7474402730375,293,0.0,293,0.0,293,0.3520359129934181,293,0.79213426849541,293,,0,,0,,0,0.0,94371840,0.0,94371840,0.0,94371840
C13,8,10,123,GSR_C13_D8_H10K_S123,97452032,87452032,97452032,/work/classic/fr_xl1014-train/IntrMotiv/SF_hipposlam/train_dir/intrmotiv_graph_stabilized_recruitment_20260903/GSR_C13_D8_H10K_S123_/00_GSR_C13_D8_H10K_S123/.summary/0/events.out.tfevents.1788398463.n4205,28.899861612774078,420,35.774880858830045,420,2.6642689154261636,420,0.025985526240520397,239,0.0,239,0.9778068033222375,239,0.3530641180700837,239,0.9102012370420799,239,0.007718490888695836,239,0.7246935795291198,239,0.11270920230878446,239,1.0,239,1.0,239,0.0,239,0.0,239,0.0,239,0.0,239,0.0,239,0.0,239,0.0,239,0.8987098997108108,239,1448.7322175732218,239,0.0,239,0.0,239,0.27169688943789094,239,0.7050799640152744,239,,0,,0,,0,0.0,97452032,0.0,97452032,0.0,97452032
C15,4,5,8,GSR_C15_D4_H5K_S8,97419264,87419264,97419264,/work/classic/fr_xl1014-train/IntrMotiv/SF_hipposlam/train_dir/intrmotiv_graph_stabilized_recruitment_20260903/GSR_C15_D4_H5K_S8_/00_GSR_C15_D4_H5K_S8/.summary/0/events.out.tfevents.1788398463.n4605,63.915481391888264,413,98.87060535791134,413,3.8204298181048895,413,0.027173321063701922,195,0.0,195,0.9777247172135574,195,0.3181815905448718,195,0.8881740453915719,195,0.0020596996540776812,195,0.3758851598470639,195,0.970961541395921,195,1.0,195,1.0,195,0.0,195,0.0,195,0.0,195,0.0,195,0.0,195,0.0,195,0.0,195,0.944059824026548,195,1389.6,195,0.0,195,0.0,195,0.03581151032868104,195,0.4246667614349952,195,0.009552784455128206,195,0.00017706208235597097,195,7.432181483659988e-05,195,0.0,97419264,0.0,97419264,0.0,97419264
C15,4,5,99,GSR_C15_D4_H5K_S99,96894976,86894976,96894976,/work/classic/fr_xl1014-train/IntrMotiv/SF_hipposlam/train_dir/intrmotiv_graph_stabilized_recruitment_20260903/GSR_C15_D4_H5K_S99_/00_GSR_C15_D4_H5K_S99/.summary/0/events.out.tfevents.1788398463.n4621,50.4807710647583,416,77.885769202159,416,3.5422033197604694,416,0.028067775504298943,189,0.0,189,0.9795651568306817,189,0.3653196304563492,189,0.9241293410144785,189,0.0022609886727492923,189,0.3820331868907762,189,0.9713844836704315,189,1.0,189,1.0,189,0.0,189,0.0,189,0.0,189,0.0,189,0.0,189,0.0,189,0.0,189,0.9548500845671961,189,1562.6825396825398,189,0.0,189,0.0,189,0.02320068481343764,189,0.30812265995949034,189,0.008029513888888888,189,4.519100843894309e-09,189,8.673778680897264e-05,189,0.0,96894976,0.0,96894976,0.0,96894976
C15,4,5,123,GSR_C15_D4_H5K_S123,93454336,83454336,93454336,/work/classic/fr_xl1014-train/IntrMotiv/SF_hipposlam/train_dir/intrmotiv_graph_stabilized_recruitment_20260903/GSR_C15_D4_H5K_S123_/00_GSR_C15_D4_H5K_S123/.summary/0/events.out.tfevents.1788398463.n4621,49.15525843003217,425,68.67171775369083,425,3.559319023805506,425,0.02658708419533972,287,0.0,287,0.9780214221219983,287,0.3366384472996516,287,0.9138438311188063,287,0.0030724898505775835,287,0.42032451211809074,287,0.9440040600839807,287,1.0,287,1.0,287,0.0,287,0.0,287,0.0,287,0.0,287,0.0,287,0.0,287,0.0,287,0.8856707248538214,287,1409.1254355400697,287,0.0,287,0.0,287,0.03295792558778869,287,0.43184470086770604,287,0.01025390625,287,1.0,287,0.0007157496011163715,287,0.0,93454336,0.0,93454336,0.0,93454336
C15,4,10,8,GSR_C15_D4_H10K_S8,96108544,86108544,96108544,/work/classic/fr_xl1014-train/IntrMotiv/SF_hipposlam/train_dir/intrmotiv_graph_stabilized_recruitment_20260903/GSR_C15_D4_H10K_S8_/00_GSR_C15_D4_H10K_S8/.summary/0/events.out.tfevents.1788398463.n4621,67.24718593760124,422,101.20165852912794,422,3.894136445217223,422,0.026292434846511996,198,0.0,198,0.9759890858573143,198,0.3088724155618687,198,0.9066907956142618,198,0.003191709177712016,198,0.38905470901065403,198,0.9877525363305603,198,1.0,198,1.0,198,0.0,198,0.0,198,0.0,198,0.0,198,0.0,198,0.0,198,0.0,198,0.9628366996543576,198,1373.1262626262626,198,0.0,198,0.0,198,0.06506610544624203,198,0.6262107178418324,198,0.014115767045454546,198,1.1116553026026337e-09,198,0.00044293711056010894,198,0.0,96108544,0.0,96108544,0.0,96108544
C15,4,10,99,GSR_C15_D4_H10K_S99,71303168,61303168,71303168,/work/classic/fr_xl1014-train/IntrMotiv/SF_hipposlam/train_dir/intrmotiv_graph_stabilized_recruitment_20260903/GSR_C15_D4_H10K_S99_/00_GSR_C15_D4_H10K_S99/.summary/0/events.out.tfevents.1788398466.n3317,54.13689313901888,572,77.43153850181953,572,3.615504401130276,572,0.028216592626633986,306,0.0,306,0.9776067612997068,306,0.3549724902982026,306,0.940020938129986,306,0.001561246738157363,306,0.42079612228021124,306,0.982924852885452,306,1.0,306,1.0,306,0.0,306,0.0,306,0.0,306,0.0,306,0.0,306,0.0,306,0.0,306,0.9348039241398082,306,1506.611111111111,306,0.0,306,0.0,306,0.05857459602883585,306,0.6079925414588716,306,0.0183871400122549,306,0.14609337168932304,306,0.001496377060177669,306,0.0,71303168,0.0,71303168,0.0,71303168
C15,4,10,123,GSR_C15_D4_H10K_S123,75563008,65563008,75563008,/work/classic/fr_xl1014-train/IntrMotiv/SF_hipposlam/train_dir/intrmotiv_graph_stabilized_recruitment_20260903/GSR_C15_D4_H10K_S123_/00_GSR_C15_D4_H10K_S123/.summary/0/events.out.tfevents.1788398465.n3318,56.28423575133703,531,92.86911480574958,531,4.036674946714929,531,0.029803207497191585,306,0.0,306,0.9798200457703834,306,0.3698299632352941,306,0.9160430109968373,306,0.0033623704008051967,306,0.4329640264409819,306,0.9897195087149252,306,1.0,306,1.0,306,0.0,306,0.0,306,0.0,306,0.0,306,0.0,306,0.0,306,0.0,306,0.9438725423579123,306,1621.5261437908496,306,0.0,306,0.0,306,0.06742549828844133,306,0.605107451381247,306,0.019555185355392156,306,0.00012945339154297103,306,0.0014438628480812304,306,0.0,75563008,0.0,75563008,0.0,75563008
C15,8,5,8,GSR_C15_D8_H5K_S8,75268096,65268096,75268096,/work/classic/fr_xl1014-train/IntrMotiv/SF_hipposlam/train_dir/intrmotiv_graph_stabilized_recruitment_20260903/GSR_C15_D8_H5K_S8_/00_GSR_C15_D8_H5K_S8/.summary/0/events.out.tfevents.1788398465.n3318,51.941588779400284,543,69.29290959057887,543,3.1362264520775107,543,0.026377160564746732,306,0.0,306,0.9772140821989845,306,0.3325322967728758,306,0.9459226499585545,306,0.0038288852011212726,306,0.42115310788933746,306,0.9326388857333489,306,1.0,306,1.0,306,0.0,306,1.1797385620915033,306,1.1568627450980393,306,0.0,306,0.0,306,0.0,306,0.0,306,0.866448807755327,306,1458.1535947712418,306,0.0,306,0.0,306,0.00934811445026129,306,0.14391404721471998,306,0.0030525556576797386,306,1.0,306,0.0,306,0.0,75268096,0.0,75268096,0.0,75268096
C15,8,5,99,GSR_C15_D8_H5K_S99,75890688,65890688,75890688,/work/classic/fr_xl1014-train/IntrMotiv/SF_hipposlam/train_dir/intrmotiv_graph_stabilized_recruitment_20260903/GSR_C15_D8_H5K_S99_/00_GSR_C15_D8_H5K_S99/.summary/0/events.out.tfevents.1788398464.n3418,52.76660686464452,536,74.67960811728862,536,3.785822975101756,536,0.028678544985702614,306,0.0,306,0.9781733353932699,306,0.3533496732026144,306,0.9178601869570664,306,0.0030001930885239095,306,0.4301755167300405,306,0.955460229535508,306,1.0,306,1.0,306,0.0,306,0.6372549019607843,306,0.565359477124183,306,0.0,306,0.0,306,0.0,306,0.0,306,0.8939542472362518,306,1531.7745098039215,306,0.0,306,0.0,306,0.03377974079769665,306,0.4031722364472408,306,0.009832643995098039,306,1.0,306,0.0004191933583249064,306,0.0,75890688,0.0,75890688,0.0,75890688
C15,8,5,123,GSR_C15_D8_H5K_S123,74416128,64416128,74416128,/work/classic/fr_xl1014-train/IntrMotiv/SF_hipposlam/train_dir/intrmotiv_graph_stabilized_recruitment_20260903/GSR_C15_D8_H5K_S123_/00_GSR_C15_D8_H5K_S123/.summary/0/events.out.tfevents.1788398464.n3418,78.41801757248405,541,132.97365987499188,541,4.286553901136473,541,0.028967963324652776,306,0.0,306,0.9781913644348095,306,0.3073874080882353,306,0.9292613359448177,306,0.002874975465162006,306,0.3918157040683273,306,0.9676879073669707,306,1.0,306,1.0,306,0.0,306,2.4019607843137254,306,1.9411764705882353,306,0.0,306,0.0,306,0.0,306,0.0,306,0.8900599074519537,306,1438.2189542483661,306,0.0,306,0.0,306,0.05560076849389018,306,0.6053458014929217,306,0.014822367749183007,306,1.0,306,0.0009131629896514556,306,0.0,74416128,0.0,74416128,0.0,74416128
C15,8,10,8,GSR_C15_D8_H10K_S8,76414976,66414976,76414976,/work/classic/fr_xl1014-train/IntrMotiv/SF_hipposlam/train_dir/intrmotiv_graph_stabilized_recruitment_20260903/GSR_C15_D8_H10K_S8_/00_GSR_C15_D8_H10K_S8/.summary/0/events.out.tfevents.1788398464.n3419,65.34597645416547,531,104.05531072526777,531,4.25894060512047,531,0.02941116632199755,306,0.0,306,0.9788044691085815,306,0.3016301572712418,306,0.8270783276339762,306,0.002354698734444694,306,0.4244251938329803,306,0.9861928236250784,306,1.0,306,1.0,306,0.0,306,1.091503267973856,306,0.7908496732026143,306,0.0,306,0.0,306,0.0,306,0.0,306,0.956985281768188,306,1359.2320261437908,306,0.0,306,0.0,306,0.09508681579133849,306,0.8239386503408158,306,0.023498136233660132,306,0.0067150026207540205,306,0.0029248753593004995,306,0.0,76414976,0.0,76414976,0.0,76414976
C15,8,10,99,GSR_C15_D8_H10K_S99,76382208,66382208,76382208,/work/classic/fr_xl1014-train/IntrMotiv/SF_hipposlam/train_dir/intrmotiv_graph_stabilized_recruitment_20260903/GSR_C15_D8_H10K_S99_/00_GSR_C15_D8_H10K_S99/.summary/0/events.out.tfevents.1788398464.n3419,54.96816023340765,530,85.59652820803085,530,3.85391425186733,530,0.029103198082618464,306,0.0,306,0.977076816987368,306,0.3398740681168301,306,0.871368052717907,306,0.0029586748078501983,306,0.41060732889409157,306,0.9888480498510248,306,1.0,306,1.0,306,0.0,306,0.2222222222222222,306,0.2222222222222222,306,0.0,306,0.0,306,0.0,306,0.0,306,0.9459014116159452,306,1453.6274509803923,306,0.0,306,0.0,306,0.07631584434325692,306,0.740680592219814,306,0.01918179381127451,306,0.002923857216956094,306,0.001367918553524742,306,0.0,76382208,0.0,76382208,0.0,76382208
C15,8,10,123,GSR_C15_D8_H10K_S123,95584256,85584256,95584256,/work/classic/fr_xl1014-train/IntrMotiv/SF_hipposlam/train_dir/intrmotiv_graph_stabilized_recruitment_20260903/GSR_C15_D8_H10K_S123_/00_GSR_C15_D8_H10K_S123/.summary/0/events.out.tfevents.1788398464.n4202,47.37033558787314,426,72.89744135359643,426,3.7442073435850545,426,0.02813515144308614,193,0.0,193,0.9757705358643606,193,0.3401903537888601,193,0.898763671440164,193,0.0023746182032199723,193,0.3758089668238101,193,0.9891839481388349,193,1.0,193,1.0,193,0.0,193,0.9740932642487047,193,0.616580310880829,193,0.0,193,0.0,193,0.0,193,0.0,193,0.9568005074491155,193,1479.041450777202,193,0.0,193,0.0,193,0.059910502617725125,193,0.6352061750512049,193,0.015366944624352332,193,7.839551149869828e-08,193,0.0009244765960876805,193,0.0,95584256,0.0,95584256,0.0,95584256
