condition,theta,seed,mean_unit_temporal_density,median_active_unit_temporal_density,std_unit_temporal_density,mean_population_density,std_population_density,unit_coverage,zero_activity_time_fraction,mean_field_width,mean_total_activation,mean_lifetime_hoyer_sparsity,mean_active_unit_lifetime_hoyer_sparsity,mean_population_hoyer_sparsity,mean_lifetime_kurtosis,mean_active_unit_lifetime_kurtosis,best_corr_to_latent_probs,best_corr_to_latent_values,best_corr_to_latent_samples,best_weight_alignment_to_latent_vectors,mean_weight_row_entropy_to_latents,mean_weight_row_effective_latents,mean_weight_row_participation_latents,mean_weight_col_entropy_over_rows,mean_weight_col_effective_rows,mean_weight_col_participation_rows
no_learning,0.5,0,0.323486328125,0.3271484375,0.021349396211542193,2.587890625,1.6081123213373838,1.0,0.072265625,1.825068870523416,1.6077160351749136,0.572713626515304,0.572713626515304,0.7806578852333406,8.454242162216367,8.454242162216367,0.36441587357517746,0.40100592744504227,0.39753163935373204,0.3333846769519655,0.8994030282055496,6.507844337177997,5.872643650754575,0.9042892528198263,6.5811317637756295,5.979040874415422
encourage,0.5,0,0.344970703125,0.3720703125,0.04954490978682787,2.759765625,2.238447412844081,1.0,0.15625,2.1506849315068495,1.5683438734084838,0.518183894347934,0.518183894347934,0.7254533535538923,4.1681267095140715,4.1681267095140715,0.4971256181614443,0.6178667353605084,0.59479034172212,0.8174604765990707,0.8155546109578607,5.462926257327098,4.570161387134205,0.8545848884477927,6.348038307540291,5.722483069316122
punish,0.5,0,0.28369140625,0.2841796875,0.004114330943933769,2.26953125,3.5401725459747633,1.0,0.693359375,1.4897435897435898,1.7362771073045833,0.6196158522508267,0.6196158522508267,0.7265640363855759,10.196373540757751,10.196373540757751,0.17499135527677445,0.2608087019398166,0.23694789707080438,0.45868786264780037,0.9088176091749132,6.618336793683579,6.11101113541466,0.9990365221860842,7.984094079513104,7.969802475358357
no_learning,0.5,1,0.301513671875,0.3017578125,0.02015454425543498,2.412109375,1.887481851048404,1.0,0.177734375,1.8188512518409425,1.6940976528006715,0.586176221479878,0.586176221479878,0.7953352681451458,8.229315303173955,8.229315303173955,0.405174185325455,0.4749659009311604,0.4684467192084425,0.3513158254044144,0.874400619741885,6.186375268899777,5.464308848649427,0.8829198890793893,6.321488022673208,5.611985606243479
encourage,0.5,1,0.3154296875,0.3056640625,0.06906720589877705,2.5234375,1.8570593511231002,1.0,0.234375,2.5185185185185186,1.6473270188470344,0.5402713673909597,0.5402713673909597,0.7159500634621158,4.445712602524097,4.445712602524097,0.5811576799073086,0.620760558733983,0.6690084973155587,0.8239930386409182,0.8427275559232805,5.783538686216683,4.756305576458652,0.9286934374146633,6.985341535769817,6.600058658256212
punish,0.5,1,0.285888671875,0.2841796875,0.0046770615382490275,2.287109375,3.5462334006361043,1.0,0.69140625,1.503209242618742,1.7337045142579508,0.6185526339344285,0.6185526339344285,0.7260782394999135,10.127721505519222,10.127721505519222,0.18431199803627346,0.2664886272826335,0.2446670349034521,0.46135457761281384,0.9087225469394931,6.616997934417533,6.112723482787294,0.9996614295390038,7.9943815800215265,7.989033698382361
no_learning,0.5,2,0.315185546875,0.3154296875,0.015032006131701312,2.521484375,1.38191702776645,1.0,0.0625,1.9384384384384385,1.5628051076271685,0.5759706248130496,0.5759706248130496,0.7931367632536142,8.431163276026393,8.431163276026393,0.38584132136958416,0.4515901766558432,0.4362102018516164,0.3678558992000701,0.8608087849158435,6.036047780616844,5.159506036889731,0.8783309748424382,6.241163721894184,5.468286449338152
encourage,0.5,2,0.326904296875,0.369140625,0.06067226101509115,2.615234375,1.9690977727930017,1.0,0.2421875,2.416967509025271,1.6085361099775284,0.5340803247644097,0.5340803247644097,0.7061687475556944,4.3564801015834815,4.3564801015834815,0.5768001471119326,0.6352779056399882,0.6684358263809496,0.8472409808822685,0.8365588184069136,5.708369753062726,4.710304469738318,0.9132376728514559,6.870189794938332,6.520665130901047
punish,0.5,2,0.284912109375,0.2861328125,0.004305466818493261,2.279296875,3.5441028668219032,1.0,0.6953125,1.4809644670050761,1.7339563692738704,0.6190955375517861,0.6190955375517861,0.7252111862531534,10.167994352876192,10.167994352876192,0.17841521655703013,0.2584529677795562,0.2388780476226796,0.46028029928382264,0.9107942773041451,6.64556256514707,6.143415306074582,0.9994780295900254,7.991348979491273,7.983043894669967
no_learning,0.5,3,0.32470703125,0.3193359375,0.018105953337635896,2.59765625,1.4624981219939865,1.0,0.048828125,2.1044303797468356,1.6240963284058008,0.5677551222088789,0.5677551222088789,0.77547236692651,8.288309854332544,8.288309854332544,0.43916500502959827,0.46833029156653494,0.450950127769016,0.39865431182173505,0.8683421168510053,6.107996151663319,5.236479543750497,0.872637347970775,6.16395689899332,5.351842437925228
encourage,0.5,3,0.299072265625,0.2529296875,0.0645450745338165,2.392578125,2.0813962959445,1.0,0.35546875,2.7222222222222223,1.6841389915955682,0.5542553438081175,0.5542553438081175,0.7024923565040491,4.680876692595616,4.680876692595616,0.6285005359041045,0.6466194735293604,0.7211393895439068,0.8409461047283399,0.8604380453632456,5.991455575119436,4.912000785281208,0.9494565282592602,7.264815626850042,6.9738461689812885
punish,0.5,3,0.28515625,0.28515625,0.006019935549774391,2.28125,3.54312163741241,1.0,0.693359375,1.4936061381074168,1.7353832587886346,0.6189563955612725,0.6189563955612725,0.7255990412834061,10.207490523768616,10.207490523768616,0.18000798836605697,0.2652626876804929,0.2435608950727513,0.46040467790577444,0.9090018337478902,6.6208908068023735,6.113875558259943,0.9990373730193831,7.984107238262489,7.970158181520828
no_learning,0.5,4,0.318359375,0.310546875,0.01940879581479667,2.546875,1.1898619602184952,1.0,0.029296875,1.7409879839786382,1.5705954601663334,0.587130779437266,0.587130779437266,0.7885290376091237,10.647813291680412,10.647813291680412,0.2929333654781205,0.4032062302766166,0.3702576416783741,0.3790602964953185,0.8872815258196018,6.345833385737031,5.515753908023148,0.8988672351677156,6.495703090997843,5.742376573395396
encourage,0.5,4,0.33203125,0.37109375,0.05546668680141768,2.65625,2.0191949973937633,1.0,0.158203125,2.155309033280507,1.6182770859853655,0.531246161258387,0.531246161258387,0.737942253142938,4.488093765013658,4.488093765013658,0.48977317827933103,0.6182480085905693,0.5925673095255758,0.7992418896633146,0.8280943181483182,5.6133619485124004,4.681285985676277,0.8747136268528405,6.369223070512559,5.754682776059864
punish,0.5,4,0.282958984375,0.283203125,0.005730807907375734,2.263671875,3.5215309550441245,1.0,0.689453125,1.4839948783610755,1.7348806151865719,0.6182732626936072,0.6182732626936072,0.7280770144332698,10.169650499548098,10.169650499548098,0.18458672514651908,0.2728511530978518,0.24937632532046158,0.4581464977163041,0.9117723466809103,6.659207860931179,6.140117625978025,0.998583462802706,7.976700223282772,7.958443752576726
no_learning,0.5,5,0.33544921875,0.3388671875,0.016333719417654033,2.68359375,1.308582089500287,1.0,0.015625,1.8492597577388963,1.4836801988770274,0.5646900212510807,0.5646900212510807,0.7763188817575045,8.175226507649604,8.175226507649604,0.33576098225664075,0.40288005410134786,0.36254008283717476,0.381980726323998,0.892448228676409,6.42498073524659,5.621989471144506,0.8986470916340029,6.507278015181993,5.790228473982725
encourage,0.5,5,0.377685546875,0.375,0.009908019476417493,3.021484375,3.174841184473778,1.0,0.419921875,1.9732142857142858,1.5672384271396558,0.4874093144208569,0.4874093144208569,0.6599981812117202,3.364244614633763,3.364244614633763,0.4085639152447721,0.6367501713076305,0.5353406328779589,0.8547391796906344,0.7968867073583561,5.246972194787019,4.315073401579686,0.9363328484931768,7.093241637167898,6.642732132293116
punish,0.5,5,0.2841796875,0.2841796875,0.002392079826936697,2.2734375,3.546487795494826,1.0,0.693359375,1.4923076923076923,1.7350752373372156,0.6187057476410011,0.6187057476410011,0.7260073613980618,10.226718427174482,10.226718427174482,0.18302573493474128,0.2702111609161435,0.2510493982717636,0.4612127262249136,0.9114860038623525,6.655103965123617,6.139320016026492,0.9997634601605809,7.996072096460673,7.992187570754122
no_learning,0.5,6,0.313720703125,0.3173828125,0.03705713711257556,2.509765625,1.0716072660113682,1.0,0.025390625,1.846264367816092,1.6103942003661387,0.5836430661072342,0.5836430661072342,0.7881621673681389,9.070661702402823,9.070661702402823,0.36860749209409516,0.43880985363788383,0.4100189520767324,0.33780691729936707,0.8847676476117494,6.315331735880198,5.513702297924225,0.8911873114860467,6.390515721075693,5.689882720661829
encourage,0.5,6,0.336181640625,0.365234375,0.044873418796064796,2.689453125,2.0289039561861313,1.0,0.19140625,2.175355450236967,1.5372562222269142,0.5376142351884499,0.5376142351884499,0.7311107138791995,4.815790023410965,4.815790023410965,0.498969143801378,0.5742214103879683,0.5684542630494235,0.7575217083962352,0.8426590851452991,5.798510014152759,4.971717767543968,0.8891030335093557,6.5691805074586345,5.9903132189056
punish,0.5,6,0.285888671875,0.2861328125,0.0021699693401649386,2.287109375,3.5495364249134154,1.0,0.6953125,1.4898218829516539,1.7351854699252618,0.6179207326335912,0.6179207326335912,0.7243567227248141,10.249441244443133,10.249441244443133,0.1861964070852638,0.26907218088979695,0.2446309339869489,0.4625470173518644,0.9104895659199765,6.641365000695069,6.124638036503367,0.999566065450856,7.992803348653192,7.98639885093961
no_learning,0.5,7,0.30615234375,0.306640625,0.017787114843834946,2.44921875,1.0831447339337608,1.0,0.033203125,1.6565389696169088,1.617768438279115,0.5905099992853146,0.5905099992853146,0.8042955513954166,10.823853495825308,10.823853495825308,0.28501487610816534,0.3709208404007633,0.33524427231716686,0.33514894802760564,0.861457076142512,6.029029357739601,5.253955671064075,0.8569043897672746,5.994611202412614,5.132662948189619
encourage,0.5,7,0.375732421875,0.3740234375,0.007368841930071568,3.005859375,2.972853224214847,1.0,0.380859375,2.1227586206896554,1.5082396728529508,0.49498844665697306,0.49498844665697306,0.6742820492425301,3.592907947016499,3.592907947016499,0.46078945893222834,0.5947125131913934,0.5481108437503022,0.8310509408024483,0.8083485654000568,5.374602982164575,4.488224451666792,0.9284805404164718,6.95707220839474,6.473423868001348
punish,0.5,7,0.281494140625,0.28125,0.002663259793612235,2.251953125,3.5516551068203026,1.0,0.703125,1.4820051413881747,1.7340461576829937,0.6183866417504166,0.6183866417504166,0.7267769979425862,10.231082038262157,10.231082038262157,0.1843315966257062,0.2679160919952449,0.24939515256723704,0.45932606510800544,0.9138663299599794,6.688187209950016,6.165402114815247,0.9995185498970164,7.992020020974625,7.9844746089306735
no_learning,0.5,8,0.31201171875,0.3125,0.030489244659666338,2.49609375,1.3820785039971273,1.0,0.08984375,1.84149855907781,1.6042656675295075,0.5784020378516985,0.5784020378516985,0.7849496615630434,8.365719185346208,8.365719185346208,0.3705345090947431,0.45010827513195895,0.41463644437501745,0.3763862837609744,0.8998306471040332,6.529938926632012,5.834796575634252,0.9038950807858925,6.556629890945677,5.880000775058254
encourage,0.5,8,0.33447265625,0.37109375,0.06342959500374307,2.67578125,2.26909419199566,1.0,0.236328125,2.0663650075414783,1.6226744165450557,0.5281183981940043,0.5281183981940043,0.7233779028963835,4.320968217188163,4.320968217188163,0.48195483429815134,0.6276059896503485,0.5829780723203966,0.8098653702774158,0.8139024357636274,5.451219904947299,4.491463588646272,0.8651957427150642,6.277442991247205,5.630441288895716
punish,0.5,8,0.2822265625,0.2822265625,0.0029296875,2.2578125,3.5421482132801487,1.0,0.701171875,1.4782608695652173,1.7351837118334053,0.6181166451185671,0.6181166451185671,0.7266211488894798,10.113600671338528,10.113600671338528,0.18114693419445707,0.2631840757047408,0.24149341141460073,0.46220475595400956,0.9097913721070533,6.631738547308748,6.113762408557798,0.999484764355183,7.9914610812973335,7.9836444217880995
no_learning,0.5,9,0.312255859375,0.3076171875,0.024867613265946487,2.498046875,1.4882338308554655,1.0,0.048828125,1.8892171344165436,1.6526381681685625,0.5800209612826704,0.5800209612826704,0.7943916346928096,10.000450689894436,10.000450689894436,0.38671293780570737,0.4230729972935095,0.3868428056721773,0.4199332716374553,0.8531323598131274,5.945599633478172,5.064254404460268,0.8681245091582706,6.111660052118568,5.353052089914168
encourage,0.5,9,0.36181640625,0.376953125,0.04459962113565917,2.89453125,2.3511569158126044,1.0,0.208984375,2.2557077625570776,1.5862801478936608,0.49975723779893216,0.49975723779893216,0.6901557288462559,3.649044261453498,3.649044261453498,0.4898073705312106,0.6144400538831942,0.5833435974282742,0.8418612279128743,0.8183012993918168,5.493880420648388,4.574948997255709,0.8715146418807344,6.43700040426307,5.929601146272377
punish,0.5,9,0.285400390625,0.28515625,0.0048275683430872044,2.283203125,3.542690413370922,1.0,0.697265625,1.4853875476493013,1.7350594643970938,0.6182851394190428,0.6182851394190428,0.7228157756417892,10.231906878709795,10.231906878709795,0.1766848604820159,0.2651292927041708,0.24258259365676624,0.4627571188154145,0.9065723870158844,6.5876724307793975,6.089353298961241,0.9964345594364478,7.942356861196556,7.908821936037088
no_learning,1.0,0,0.165771484375,0.16796875,0.017885696198625355,1.326171875,1.2315270126793745,1.0,0.291015625,1.4028925619834711,0.6393646804431421,0.7157311970167178,0.7157311970167178,0.9150440391527839,19.12078228038319,19.12078228038319,0.3251168168122836,0.4135550050170633,0.3665080048901854,0.3333846769519655,0.8994030282055496,6.507844337177997,5.872643650754575,0.9042892528198263,6.5811317637756295,5.979040874415422
encourage,1.0,0,0.177490234375,0.1748046875,0.024167455682261068,1.419921875,1.1698664427602343,1.0,0.208984375,1.7950617283950616,0.622062486108504,0.6774212347484074,0.6774212347484074,0.9045422522370486,10.778304012671743,10.778304012671743,0.5250688592572957,0.6089570248349527,0.5581393100142585,0.7315892866945499,0.8395442486288139,5.7394564209179135,4.782817396066539,0.8586877801374371,6.172233656843947,5.420184953737444
punish,1.0,0,0.160400390625,0.16015625,0.005813418408100907,1.283203125,2.5202056691846075,1.0,0.732421875,1.2882352941176471,0.815748349531557,0.728321676223052,0.728321676223052,0.8703503216283326,20.138996269285,20.138996269285,0.15772476754713186,0.2269625624657549,0.22652008905401588,0.43020677154280496,0.9047094618061622,6.568047517692449,6.004846489286397,0.9738936233238926,7.6197591597571535,7.471077133790037
no_learning,1.0,1,0.171142578125,0.1708984375,0.013739283460343268,1.369140625,1.5059986965381509,1.0,0.376953125,1.469601677148847,0.7672762791575252,0.7029369369209721,0.7029369369209721,0.897452238261204,16.607037259139076,16.607037259139076,0.3743912805411669,0.46709139875076244,0.44507377642651946,0.3513158254044144,0.874400619741885,6.186375268899777,5.464308848649427,0.8829198890793893,6.321488022673208,5.611985606243479
encourage,1.0,1,0.1796875,0.177734375,0.021417687694786434,1.4375,1.7743836958222987,1.0,0.501953125,1.8354114713216958,0.8004974567935738,0.666162061230141,0.666162061230141,0.847288686908299,9.521955225219745,9.521955225219745,0.5521897258944868,0.673046387553608,0.6943811850297525,0.8082223528496872,0.8384366353082462,5.738131339325533,4.672689897578291,0.9213786757688012,6.80489769972065,6.188273288033835
punish,1.0,1,0.16650390625,0.16796875,0.004339938680329877,1.33203125,2.6009143102039016,1.0,0.7265625,1.3015267175572518,0.8204057991787069,0.722912954774878,0.722912954774878,0.866671796483091,18.22726623890077,18.22726623890077,0.15954089816192962,0.22639474714817057,0.22219818656238627,0.4238920113996415,0.9106110373789261,6.645622589429371,6.098005890586645,0.9795282504987128,7.695564646878093,7.545059354850071
no_learning,1.0,2,0.16455078125,0.1650390625,0.01355805017276838,1.31640625,1.000724530008602,1.0,0.224609375,1.4944567627494456,0.6165848323001297,0.7147463843845798,0.7147463843845798,0.9255457694382411,20.9296209196726,20.9296209196726,0.3408564337128448,0.41770485908983346,0.39104704487366265,0.3678558992000701,0.8608087849158435,6.036047780616844,5.159506036889731,0.8783309748424382,6.241163721894184,5.468286449338152
encourage,1.0,2,0.187744140625,0.185546875,0.017617076526639117,1.501953125,1.1775886103825624,1.0,0.23046875,1.857487922705314,0.7595761694022651,0.6557287953804545,0.6557287953804545,0.8725299553938177,8.349019889078253,8.349019889078253,0.5503170481523743,0.6785563652102773,0.6306582315281721,0.8390898020400668,0.8370130209006938,5.704046355169458,4.581276007779938,0.8873380028722277,6.427436213136511,5.6667734425018805
punish,1.0,2,0.166748046875,0.166015625,0.005935178604073837,1.333984375,2.627189812757323,1.0,0.73046875,1.2814258911819887,0.8101961856997738,0.7225296614318518,0.7225296614318518,0.8650061722982686,19.678410667596058,19.678410667596058,0.16675716859829898,0.2225322041466646,0.22219295316678644,0.43020520715401567,0.9294681155729536,6.911099204002083,6.323459330204446,0.988680502680308,7.821619485508904,7.679646357512031
no_learning,1.0,3,0.170654296875,0.1650390625,0.011917964108846605,1.365234375,1.2859678169839086,1.0,0.29296875,1.4967880085653105,0.6387026299595898,0.7114040837916455,0.7114040837916455,0.9136681354930675,18.990293889274604,18.990293889274604,0.37943604600889624,0.45259063928771226,0.4023959128547768,0.39865431182173505,0.8683421168510053,6.107996151663319,5.236479543750497,0.872637347970775,6.16395689899332,5.351842437925228
encourage,1.0,3,0.181640625,0.177734375,0.007307924583542854,1.453125,1.873371688794031,1.0,0.517578125,2.0327868852459017,0.8797431709915371,0.6538626087532052,0.6538626087532052,0.8365780957221389,7.481519390712883,7.481519390712883,0.6323398611940723,0.7674996246251398,0.7714568364242983,0.8740016717472703,0.8353633405164763,5.687607775159888,4.472828467450777,0.933023292296235,7.005549547828407,6.492188081635101
punish,1.0,3,0.1669921875,0.1669921875,0.007242381335054358,1.3359375,2.609410085841961,1.0,0.73046875,1.2808988764044944,0.8078858048672952,0.7247555129645666,0.7247555129645666,0.8618134577883998,19.74901160976092,19.74901160976092,0.1488719493833042,0.22434925710068876,0.21849512380780778,0.43959044299282946,0.9157403215970275,6.71837371335293,6.126704140745235,0.9865710398034111,7.791665930251015,7.649601367205907
no_learning,1.0,4,0.155517578125,0.158203125,0.011756835085775885,1.244140625,1.072091288195464,1.0,0.279296875,1.3611111111111112,0.6324190299349202,0.7353958813978823,0.7353958813978823,0.9275611101539896,24.016897100615196,24.016897100615196,0.27895409022847684,0.34815580077554076,0.3231022846085372,0.3790602964953185,0.8872815258196018,6.345833385737031,5.515753908023148,0.8988672351677156,6.495703090997843,5.742376573395396
encourage,1.0,4,0.1806640625,0.177734375,0.022735247513325813,1.4453125,1.0883516331332213,1.0,0.24609375,1.7452830188679245,0.808882912820533,0.6612533495549451,0.6612533495549451,0.8753264277298183,8.61946716722461,8.61946716722461,0.5471939370920047,0.6766436786179197,0.6338780014830628,0.7968410545233509,0.8393671133829343,5.748501071258232,4.654031012308712,0.8597025444205093,6.078511085986248,5.1792371221108535
punish,1.0,4,0.16650390625,0.1640625,0.008883498729814577,1.33203125,2.539359958537473,1.0,0.69921875,1.2867924528301886,0.8094948567470168,0.7248801326677239,0.7248801326677239,0.8677003929146385,18.529790584917254,18.529790584917254,0.1638136010247842,0.2322948579365935,0.23136101757796795,0.42716659186803624,0.9099636591693674,6.6408856414840045,6.062440888855541,0.9684281397380823,7.545168049663688,7.3031293716517
no_learning,1.0,5,0.15673828125,0.1591796875,0.01397371877075604,1.25390625,1.0560393535332562,1.0,0.275390625,1.351578947368421,0.522223624847024,0.7256456771951381,0.7256456771951381,0.9286086476178301,22.084381335504286,22.084381335504286,0.28991415981083923,0.36443791847547335,0.3051423227805676,0.381980726323998,0.892448228676409,6.42498073524659,5.621989471144506,0.8986470916340029,6.507278015181993,5.790228473982725
encourage,1.0,5,0.190185546875,0.1875,0.021681831872411194,1.521484375,1.7797491878438545,1.0,0.38671875,1.4189435336976322,0.5282682028231909,0.6646523579285486,0.6646523579285486,0.873818300807079,10.680261662362021,10.680261662362021,0.37302091407459836,0.5464048068027476,0.4131479870647262,0.7619059898957097,0.8638180650710914,6.051982734678463,5.0518313419687075,0.9147709716754264,6.731457584323509,6.034144249165671
punish,1.0,5,0.16845703125,0.166015625,0.007025143832977617,1.34765625,2.6026268233913092,1.0,0.724609375,1.311787072243346,0.8115194910626322,0.726230408317925,0.726230408317925,0.865360966748063,20.563561330760976,20.563561330760976,0.1642766017959095,0.22686197002575892,0.23470865529831555,0.42607167035461435,0.9276612488216365,6.886397948880206,6.326572216188318,0.9869857974761862,7.799672133075774,7.714048240757057
no_learning,1.0,6,0.15966796875,0.1572265625,0.0168226886493674,1.27734375,0.994729457860748,1.0,0.240234375,1.4931506849315068,0.6730500081091809,0.71884113354506,0.71884113354506,0.9281857542746272,18.169277777072676,18.169277777072676,0.37790749057641526,0.47437511432855095,0.4313043897104062,0.33780691729936707,0.8847676476117494,6.315331735880198,5.513702297924225,0.8911873114860467,6.390515721075693,5.689882720661829
encourage,1.0,6,0.166748046875,0.1611328125,0.020012086554026535,1.333984375,1.1318270902641707,1.0,0.265625,1.7160804020100502,0.6956497390541476,0.6815475566649742,0.6815475566649742,0.9050733142128943,10.6046090154199,10.6046090154199,0.5069008833030217,0.6447281026006471,0.5833057596282046,0.7564446313731359,0.8554819850353884,5.952560348947294,4.982742366747887,0.8844441817918212,6.398234184848797,5.588392040571996
punish,1.0,6,0.16357421875,0.1630859375,0.01158575245869597,1.30859375,2.5484531872217975,1.0,0.7265625,1.2909441233140655,0.8026549506031513,0.727835665557441,0.727835665557441,0.8681979633839974,21.22349083145147,21.22349083145147,0.16923052133518507,0.22231641962925824,0.21773506944366683,0.43153708970200055,0.915801711345022,6.717414740650553,6.124772513575334,0.9889927628373709,7.823918864886996,7.682100728336522
no_learning,1.0,7,0.166015625,0.16796875,0.011637085242004868,1.328125,0.9404900235382617,1.0,0.18359375,1.4166666666666667,0.6930968975303072,0.720375279028589,0.720375279028589,0.9319136198138184,25.671532711133672,25.671532711133672,0.30359629733612203,0.3745520055100293,0.3128729864838525,0.33514894802760564,0.861457076142512,6.029029357739601,5.253955671064075,0.8569043897672746,5.994611202412614,5.132662948189619
encourage,1.0,7,0.191650390625,0.2001953125,0.023180506307027605,1.533203125,1.3915450235224998,1.0,0.29296875,1.632016632016632,0.6073762063385263,0.6566157475789409,0.6566157475789409,0.8771630171033419,8.990376741021368,8.990376741021368,0.4687397078006336,0.657834769646735,0.5114617383256184,0.8440011146478975,0.8331476489452253,5.665782251754994,4.565319482553457,0.8979029167366979,6.510961620155505,5.637622636203858
punish,1.0,7,0.164794921875,0.16796875,0.0070378590358396356,1.318359375,2.643944814732261,1.0,0.740234375,1.2664165103189493,0.8089410634604611,0.7268788033073972,0.7268788033073972,0.8647779577886929,20.60161837617131,20.60161837617131,0.1523346422955012,0.23110554516023807,0.22715491065483306,0.43779056387981863,0.9233515306382039,6.827186997844478,6.255388679337904,0.9889524900656632,7.827056417125034,7.738391607600416
no_learning,1.0,8,0.165771484375,0.169921875,0.010216052711380702,1.326171875,1.187935197289391,1.0,0.287109375,1.4955947136563876,0.6653878210409109,0.7110308618710639,0.7110308618710639,0.9132493024770666,18.39977401919071,18.39977401919071,0.344273995713734,0.4444128475611338,0.3980298121745309,0.3763862837609744,0.8998306471040332,6.529938926632012,5.834796575634252,0.9038950807858925,6.556629890945677,5.880000775058254
encourage,1.0,8,0.17529296875,0.166015625,0.026071658348071278,1.40234375,1.553170388861421,1.0,0.4296875,1.6973995271867612,0.8366185275340601,0.6617463326328346,0.6617463326328346,0.8660820151512614,8.332458239109204,8.332458239109204,0.5424534430163106,0.7142535673012632,0.6213900364666389,0.8171585859239867,0.8294003412714481,5.641683318962848,4.5853091037320945,0.8663125964339278,6.242421940508197,5.544009641463434
punish,1.0,8,0.163330078125,0.162109375,0.005518874294656892,1.306640625,2.542934997615867,1.0,0.73046875,1.2816091954022988,0.7974053614747647,0.7250238242788638,0.7250238242788638,0.8676056858117391,19.1561625582468,19.1561625582468,0.16431806910819352,0.21992097463935872,0.21610869163362556,0.4183875779316876,0.9164536968163206,6.7314957230441745,6.14648252669755,0.9809302256764953,7.714417864079154,7.562947494839959
no_learning,1.0,9,0.171630859375,0.171875,0.027211550893778136,1.373046875,1.1889366694877967,1.0,0.259765625,1.5053533190578159,0.6941987036403661,0.7112839481850757,0.7112839481850757,0.9113662289492761,22.883255324934368,22.883255324934368,0.33164805172867085,0.3873255069564713,0.3514482935328602,0.4199332716374553,0.8531323598131274,5.945599633478172,5.064254404460268,0.8681245091582706,6.111660052118568,5.353052089914168
encourage,1.0,9,0.193359375,0.1943359375,0.016253239235442616,1.546875,1.3425685212960268,1.0,0.310546875,1.894736842105263,0.6611353247027676,0.6512549306440281,0.6512549306440281,0.8619314596763599,8.254728563713147,8.254728563713147,0.5270631554145925,0.6570166286150371,0.623145432451993,0.8033911512931141,0.8237375207775013,5.563815288890908,4.589267769670446,0.8618123671714912,6.112405856481285,5.3922582354503925
punish,1.0,9,0.166259765625,0.1669921875,0.009689030680168178,1.330078125,2.597029852811955,1.0,0.7265625,1.2849056603773585,0.8042176446773641,0.7220401626673969,0.7220401626673969,0.8655408148466948,19.144004038914236,19.144004038914236,0.1513652528030835,0.22126306329839807,0.22277497140056807,0.4311273185311517,0.9161542791841489,6.726127915000653,6.140557981932176,0.9860379606678974,7.783024399168724,7.625148104039451
no_learning,1.5,0,0.060302734375,0.060546875,0.014564783924096342,0.482421875,0.8001974815765696,1.0,0.654296875,1.1435185185185186,0.20232106593829713,0.8461081187054921,0.8461081187054921,0.9804422152233079,52.25176389980967,52.25176389980967,0.2640044803452493,0.3541905101026357,0.30169190766692416,0.3333846769519655,0.8994030282055496,6.507844337177997,5.872643650754575,0.9042892528198263,6.5811317637756295,5.979040874415422
encourage,1.5,0,0.075927734375,0.0693359375,0.02747314355494783,0.607421875,0.8005025239007585,1.0,0.533203125,1.5245098039215685,0.29791053896511954,0.8053227127647749,0.8053227127647749,0.9774602090797853,31.238975015680325,31.238975015680325,0.46737256640226205,0.5991152755267982,0.5256809721744691,0.6503144138964966,0.8369146375339637,5.790217329145129,4.918594157290174,0.8439401708471164,5.889900891538028,5.088229581601201
punish,1.5,0,0.06689453125,0.06640625,0.013092859060343675,0.53515625,1.0873627674727222,1.0,0.712890625,1.1275720164609053,0.22362636232705577,0.8433682979370161,0.8433682979370161,0.9676235454613884,57.40125903675123,57.40125903675123,0.15434667909771072,0.20227154599401836,0.18512527310868107,0.3022022923784081,0.8908723265507578,6.391630662982842,5.653028899749048,0.9012308534332839,6.534465541478006,5.888684588459624
no_learning,1.5,1,0.080078125,0.0830078125,0.018138843379889365,0.640625,1.0949769903404363,1.0,0.654296875,1.2762645914396886,0.27631907344552864,0.8202965237893503,0.8202965237893503,0.9638775176530592,40.91413597391099,40.91413597391099,0.2947786385450942,0.3913480055884595,0.3449967082800842,0.3513158254044144,0.874400619741885,6.186375268899777,5.464308848649427,0.8829198890793893,6.321488022673208,5.611985606243479
encourage,1.5,1,0.098876953125,0.109375,0.032942704312571805,0.791015625,1.4447092807917652,1.0,0.66796875,1.4835164835164836,0.3645964384695226,0.7725826805520701,0.7725826805520701,0.9268556335938152,30.756353660919636,30.756353660919636,0.41502002372781344,0.579820538987817,0.497237680124573,0.7591723421164654,0.7849028451563358,5.142088469279466,4.059275513410313,0.8707657891213829,6.1718579416388515,5.3446797908345545
punish,1.5,1,0.075927734375,0.0810546875,0.013369903877044011,0.607421875,1.2625091250250369,1.0,0.720703125,1.1735849056603773,0.30009234231385257,0.8273943797758943,0.8273943797758943,0.9588468234536875,43.09509929569833,43.09509929569833,0.14644019078703424,0.1995860895970022,0.21185802201887127,0.3232172995156254,0.8782665228572293,6.230163353368267,5.581141967334117,0.9081804333902479,6.6715077134947895,6.063658385644409
no_learning,1.5,2,0.061279296875,0.060546875,0.01356464295223545,0.490234375,0.6643123381123968,1.0,0.59765625,1.2364532019704433,0.1798809150635344,0.8562115701895765,0.8562115701895765,0.9894575585307019,77.12109753918448,77.12109753918448,0.23467641608352072,0.2819636163644926,0.256929295694241,0.3678558992000701,0.8608087849158435,6.036047780616844,5.159506036889731,0.8783309748424382,6.241163721894184,5.468286449338152
encourage,1.5,2,0.085205078125,0.0849609375,0.030585861108521302,0.681640625,0.9133423144416388,1.0,0.55078125,1.5580357142857142,0.2593039548210066,0.8057572506661749,0.8057572506661749,0.9658372269039348,55.174787173075565,55.174787173075565,0.4055884189644764,0.5521925324778427,0.46601658073550883,0.6319779533961789,0.8596517934891064,6.019975622880497,5.098411179638454,0.881775286936079,6.351308257906656,5.64449163213349
punish,1.5,2,0.06396484375,0.0634765625,0.012685919000748613,0.51171875,0.9821946960243868,1.0,0.705078125,1.1008403361344539,0.2364828120736579,0.8566776796097124,0.8566776796097124,0.9701150870063321,81.92679251870334,81.92679251870334,0.13503885245915548,0.1803437867179084,0.19371365642947175,0.31113325775991385,0.8852837861745572,6.333571632610029,5.522407966649191,0.8974131777675951,6.496240682235472,5.764038597001045
no_learning,1.5,3,0.0615234375,0.06640625,0.012582127662817506,0.4921875,0.7473504631989935,1.0,0.6328125,1.172093023255814,0.19317843324531211,0.8458290040890339,0.8458290040890339,0.9833826883221881,52.8657249492135,52.8657249492135,0.2449219591077111,0.29682573833347503,0.26025635726841434,0.39865431182173505,0.8683421168510053,6.107996151663319,5.236479543750497,0.872637347970775,6.16395689899332,5.351842437925228
encourage,1.5,3,0.091064453125,0.0927734375,0.02499194015280363,0.728515625,1.2032375530753932,1.0,0.599609375,1.5349794238683128,0.28528255796790425,0.7807163732691543,0.7807163732691543,0.9553977628880268,25.834986017879487,25.834986017879487,0.507816425450531,0.6788113171914079,0.5613532223189668,0.7069776122116569,0.8171662611827506,5.510086579743028,4.54306309964514,0.8503147052538542,5.915212947967147,5.08693175147973
punish,1.5,3,0.06689453125,0.068359375,0.01603912861880551,0.53515625,1.0674216777290677,1.0,0.7109375,1.091633466135458,0.24476008409182343,0.8408616421061532,0.8408616421061532,0.9670093487685235,54.66637679202147,54.66637679202147,0.1458187649850612,0.17659509925018058,0.17165279608299377,0.3683363538032459,0.8600003713786781,5.99544729755659,5.210435830961363,0.8788539256087733,6.295789178424645,5.6309216690057236
no_learning,1.5,4,0.064208984375,0.060546875,0.0160298354210737,0.513671875,0.7446479569796619,1.0,0.6171875,1.1741071428571428,0.22493672433494138,0.849302960591783,0.849302960591783,0.9831078848537964,64.39374336544654,64.39374336544654,0.2097166503162032,0.2926475904151042,0.26243185610989217,0.3790602964953185,0.8872815258196018,6.345833385737031,5.515753908023148,0.8988672351677156,6.495703090997843,5.742376573395396
encourage,1.5,4,0.08203125,0.083984375,0.03140221716955767,0.65625,0.9116220091134264,1.0,0.59765625,1.4482758620689655,0.3278624509624641,0.799011213003237,0.799011213003237,0.9585432884868091,35.70911105091775,35.70911105091775,0.3854481649147787,0.5354962202567924,0.47179481769793236,0.6502504573288954,0.7940183440139932,5.3001037435526515,4.377470242890456,0.8222844897943096,5.541337923300418,4.688745545151054
punish,1.5,4,0.06396484375,0.068359375,0.012069538178035424,0.51171875,1.0192767881681783,1.0,0.716796875,1.1196581196581197,0.22632439807036905,0.8497985639570337,0.8497985639570337,0.9681811875962212,60.336715346505784,60.336715346505784,0.13481986790164302,0.18781542614159402,0.1825968468635836,0.3917617415666811,0.8486516862660902,5.905434722439262,5.021930529857736,0.8877165380391161,6.385149608242057,5.6510264136418815
no_learning,1.5,5,0.050537109375,0.0517578125,0.012096669083825678,0.404296875,0.5950816430249167,1.0,0.650390625,1.1694915254237288,0.13006149670578004,0.8680957717260223,0.8680957717260223,0.9922753271532496,74.88052292671452,74.88052292671452,0.17410549041878787,0.22957993191181592,0.1830556998279005,0.381980726323998,0.892448228676409,6.42498073524659,5.621989471144506,0.8986470916340029,6.507278015181993,5.790228473982725
encourage,1.5,5,0.05322265625,0.0478515625,0.020338540624666532,0.42578125,0.5679934657620962,1.0,0.61328125,1.1720430107526882,0.1333657408348271,0.859195874295247,0.859195874295247,0.9943068476637886,63.61198319389565,63.61198319389565,0.210233855206089,0.3197621845613488,0.24474785235843977,0.4954373951022756,0.8940777974059055,6.443900421255195,5.670948631699545,0.899521925342297,6.508974195766419,5.783852244620043
punish,1.5,5,0.058837890625,0.0615234375,0.014984348396540188,0.470703125,0.8449765932351229,1.0,0.693359375,1.1105990783410138,0.1888821875936415,0.8572795601751448,0.8572795601751448,0.9766831005346993,72.94794268371538,72.94794268371538,0.12749852377317072,0.17416852705294184,0.15808418508094133,0.36816559142261523,0.8517468726069721,5.904932099228962,4.968662157499779,0.8636441281891356,6.0704419655579605,5.1624221889002
no_learning,1.5,6,0.063232421875,0.064453125,0.014317135655659912,0.505859375,0.7473683280181261,1.0,0.62109375,1.2274881516587677,0.2437112933559342,0.8374168362221242,0.8374168362221242,0.9831434239309897,43.21575858607898,43.21575858607898,0.2951567119496753,0.3758488547448722,0.3443491517438566,0.33780691729936707,0.8847676476117494,6.315331735880198,5.513702297924225,0.8911873114860467,6.390515721075693,5.689882720661829
encourage,1.5,6,0.078125,0.0791015625,0.03057124187987994,0.625,0.82915619758885,1.0,0.564453125,1.4479638009049773,0.27382407819971555,0.81253297353914,0.81253297353914,0.9685429634658405,47.95719830637522,47.95719830637522,0.3885649390284526,0.4948903447600759,0.4462363043497117,0.588817188242551,0.842264405669389,5.822085214044979,4.867198694746907,0.861725480407195,6.011513087456452,5.09603994793961
punish,1.5,6,0.064453125,0.0712890625,0.0186060145344313,0.515625,1.0475743932413584,1.0,0.7109375,1.1330472103004292,0.2412048720958362,0.8483369120274982,0.8483369120274982,0.9688016268187547,61.57678011065073,61.57678011065073,0.17740129830687917,0.18119075934660267,0.1819029754297535,0.326092244837716,0.853373602557552,5.945981057971347,5.195742681144745,0.8692178545938567,6.173950810303498,5.489041892899003
no_learning,1.5,7,0.0693359375,0.06640625,0.012732817197661424,0.5546875,0.6938186199171582,1.0,0.546875,1.1882845188284519,0.2422423959130275,0.842985624396033,0.842985624396033,0.987336696431787,72.6011892669912,72.6011892669912,0.2367530408785067,0.3265492171476056,0.24629055992671547,0.33514894802760564,0.861457076142512,6.029029357739601,5.253955671064075,0.8569043897672746,5.994611202412614,5.132662948189619
encourage,1.5,7,0.0791015625,0.0712890625,0.015254393898255184,0.6328125,0.6419099156764522,1.0,0.455078125,1.311740890688259,0.19863172181645053,0.8109246993763042,0.8109246993763042,0.9885606414960508,34.128341584012674,34.128341584012674,0.3461481952204357,0.46107221652547825,0.36174004314769714,0.6154987024677991,0.8665234588989121,6.104680133763755,5.139388042238456,0.8764340802603052,6.260821411216577,5.435828344179477
punish,1.5,7,0.06787109375,0.0673828125,0.0034870255998744387,0.54296875,1.125915155117577,1.0,0.720703125,1.1729957805907174,0.28691911728357605,0.8487855790092613,0.8487855790092613,0.9628031198520013,76.30082435379822,76.30082435379822,0.159355746686411,0.2117525339642214,0.20397734719249977,0.344444180760456,0.8512950021196252,5.9335805772905115,5.239510716947472,0.890814517772305,6.426785920883775,5.733053667623096
no_learning,1.5,8,0.0673828125,0.0634765625,0.01906173954681947,0.5390625,0.8211305444895775,1.0,0.62890625,1.2660550458715596,0.21733294056217392,0.8360734537685826,0.8360734537685826,0.9776803608955226,51.718844867171775,51.718844867171775,0.26194218765353494,0.37213483137459313,0.29933646189603813,0.3763862837609744,0.8998306471040332,6.529938926632012,5.834796575634252,0.9038950807858925,6.556629890945677,5.880000775058254
encourage,1.5,8,0.091552734375,0.1103515625,0.03458792889559687,0.732421875,1.1778736443360487,1.0,0.595703125,1.6025641025641026,0.3772818248524652,0.7851826577851768,0.7851826577851768,0.9481348334188094,34.08397907104446,34.08397907104446,0.45202633341331033,0.6082700044116667,0.5284048827904828,0.7173019403846888,0.8263815754837964,5.677278230793835,4.67490192354899,0.867637598433544,6.141238721410723,5.370333481575634
punish,1.5,8,0.06689453125,0.0693359375,0.010183912897760845,0.53515625,0.969623786881251,1.0,0.69140625,1.170940170940171,0.23103064200489112,0.8378560078220368,0.8378560078220368,0.9679940137037787,50.430841917797636,50.430841917797636,0.15258624825191952,0.20951895304714338,0.18797716740751289,0.3355899907146556,0.8808716847534159,6.310033498240342,5.579035425042802,0.881245144568435,6.338280913078108,5.621391175313347
no_learning,1.5,9,0.0673828125,0.0615234375,0.016341016143243663,0.5390625,0.7515852387412555,1.0,0.595703125,1.2660550458715596,0.2265620699966453,0.8396441439541834,0.8396441439541834,0.9809568053265318,55.962320077691736,55.962320077691736,0.24366319910434095,0.30558349608888924,0.24870684410177726,0.4199332716374553,0.8531323598131274,5.945599633478172,5.064254404460268,0.8681245091582706,6.111660052118568,5.353052089914168
encourage,1.5,9,0.079345703125,0.0791015625,0.025651036502947346,0.634765625,0.8508970127567492,1.0,0.55859375,1.4130434782608696,0.2215560234890808,0.8063097821188709,0.8063097821188709,0.9743098076149539,36.64460819374387,36.64460819374387,0.37969779026772843,0.4980162002756223,0.41684627814588887,0.6250642251919631,0.8505417557476878,5.891034920084194,4.977803475117553,0.8628369588449176,6.064756872926891,5.247508946859259
punish,1.5,9,0.073974609375,0.0751953125,0.010805808582192739,0.591796875,1.141960303049206,1.0,0.693359375,1.1433962264150943,0.24939928898974262,0.8388960853068105,0.8388960853068105,0.9653639411052398,53.32106462746745,53.32106462746745,0.1326779646846355,0.1957382393830594,0.20734237459896282,0.3821372762653403,0.8543220642693035,5.950199554371607,5.126004575374301,0.891184650931239,6.42636509342583,5.783492765614556
no_learning,2.0,0,0.021484375,0.01953125,0.009568319307746789,0.171875,0.4938587696649721,1.0,0.8671875,1.0476190476190477,0.05252927134101318,0.9324332687683339,0.9324332687683339,0.9951983484697295,180.28076479595813,180.28076479595813,0.17800959539904987,0.26004223931085846,0.2173864933133078,0.3333846769519655,0.8994030282055496,6.507844337177997,5.872643650754575,0.9042892528198263,6.5811317637756295,5.979040874415422
encourage,2.0,0,0.025146484375,0.01953125,0.01319037369066416,0.201171875,0.5524789604220095,1.0,0.849609375,1.1444444444444444,0.07411476330416199,0.9183108568447308,0.9183108568447308,0.9941150833872572,144.5228045832055,144.5228045832055,0.2795076311428877,0.39271367899959564,0.3129565747501204,0.44096004898727714,0.8773205714014811,6.251272136519735,5.487478177464354,0.8911108797239197,6.403696842412536,5.6846293532983525
punish,2.0,0,0.018310546875,0.017578125,0.009312612852910475,0.146484375,0.4419719480700776,1.0,0.880859375,1.0416666666666667,0.043846728291578686,0.9421744011056499,0.9421744011056499,0.9963947640462251,207.90877248067738,207.90877248067738,0.12902314785026703,0.18355723529111193,0.16699177337980342,0.2973225611478225,0.8970013929468388,6.477076799031677,5.866509367086006,0.8994884763492055,6.517862181948033,5.908858681959353
no_learning,2.0,1,0.02685546875,0.02734375,0.01158575245869597,0.21484375,0.5490887114901721,1.0,0.8359375,1.1224489795918366,0.07940583429679628,0.9094322748077344,0.9094322748077344,0.9930740238933254,98.01983007245792,98.01983007245792,0.17022812247725866,0.2069368917381634,0.2167339321276209,0.3513158254044144,0.874400619741885,6.186375268899777,5.464308848649427,0.8829198890793893,6.321488022673208,5.611985606243479
encourage,2.0,1,0.03955078125,0.0400390625,0.021456613811249834,0.31640625,0.8109867970324409,1.0,0.826171875,1.208955223880597,0.09876632799495914,0.8869343472752309,0.8869343472752309,0.9822485970749114,93.39802524958282,93.39802524958282,0.25610005179066786,0.3639168547279589,0.311920815087126,0.4995694658020944,0.8644177345421827,6.052804055523518,5.087355007078255,0.9018301842879735,6.531980523336034,5.801761738554847
punish,2.0,1,0.025390625,0.02734375,0.011219848919019587,0.203125,0.5810735619308454,1.0,0.859375,1.0612244897959184,0.0840180219855149,0.9097831391404181,0.9097831391404181,0.9907310522203064,96.69119501386301,96.69119501386301,0.12970034070004455,0.15496466339541168,0.1870572939896949,0.3245455010934116,0.8784524567116432,6.236515028915974,5.48158034068628,0.885655276531039,6.357496793414812,5.609301020044967
no_learning,2.0,2,0.0166015625,0.0146484375,0.01019561182510796,0.1328125,0.36166053122195957,1.0,0.875,1.0625,0.04365035428289477,0.9450705500143545,0.9450705500143545,0.9991559488566721,223.65762225970536,223.65762225970536,0.13133711373583817,0.15195431557700828,0.14376755939676641,0.3678558992000701,0.8608087849158435,6.036047780616844,5.159506036889731,0.8783309748424382,6.241163721894184,5.468286449338152
encourage,2.0,2,0.020263671875,0.0126953125,0.015158360914331433,0.162109375,0.38412065231787446,1.0,0.84375,1.1216216216216217,0.05034795746679048,0.9408886689509398,0.9408886689509398,0.9995515022555269,234.25947750936024,234.25947750936024,0.19098098261758753,0.22149465269664817,0.2090926749508374,0.41051089595525225,0.8641724598563771,6.060938333672288,5.186640304775423,0.8778013253385286,6.2312467464598456,5.459526276274951
punish,2.0,2,0.01611328125,0.0166015625,0.008038123844313638,0.12890625,0.3736752315994967,1.0,0.884765625,1.064516129032258,0.04414416003552339,0.9417982980605586,0.9417982980605586,0.9976048623060844,190.50655489306178,190.50655489306178,0.11946233173215746,0.13074153250534545,0.12226454901649661,0.34200635590694883,0.8733831147660287,6.200241450229176,5.2688705893062115,0.8930203649366977,6.427778291865847,5.605804004426259
no_learning,2.0,3,0.01806640625,0.0166015625,0.009850703614175789,0.14453125,0.39356316872064834,1.0,0.869140625,1.0571428571428572,0.04736407852548861,0.9424937493248484,0.9424937493248484,0.9981687311552728,200.1375108179939,200.1375108179939,0.14342049074918,0.18211057726722496,0.16905735323290721,0.39865431182173505,0.8683421168510053,6.107996151663319,5.236479543750497,0.872637347970775,6.16395689899332,5.351842437925228
encourage,2.0,3,0.022216796875,0.017578125,0.014711371967951982,0.177734375,0.4211827001947722,1.0,0.8359375,1.1973684210526316,0.06945080315149176,0.9293856123933402,0.9293856123933402,0.998091047744169,181.59126343920659,181.59126343920659,0.22385058539794256,0.30853966018690393,0.2542259807597925,0.4521082101818894,0.853872632079194,5.9377150061051065,5.070411304123604,0.8688893236774544,6.122446546052307,5.362131276197321
punish,2.0,3,0.016845703125,0.017578125,0.007747378736632046,0.134765625,0.39946539439400675,1.0,0.884765625,1.0454545454545454,0.04353192770322411,0.941420994999749,0.941420994999749,0.9976030090724657,192.85590975761352,192.85590975761352,0.10332776976566087,0.12938993860197734,0.1451773313957105,0.36540148606229117,0.8723803666314205,6.183315697999628,5.390361502363638,0.8721514222970708,6.142675047416503,5.3314767127496285
no_learning,2.0,4,0.0205078125,0.021484375,0.011920464468489943,0.1640625,0.42439927673565847,1.0,0.85546875,1.0769230769230769,0.07009875171143069,0.9365421949458241,0.9365421949458241,0.9963282569491413,213.483623618539,213.483623618539,0.1183423369000858,0.20144866342320855,0.1606490342681661,0.3790602964953185,0.8872815258196018,6.345833385737031,5.515753908023148,0.8988672351677156,6.495703090997843,5.742376573395396
encourage,2.0,4,0.026123046875,0.017578125,0.021549473020124374,0.208984375,0.47318458978062605,1.0,0.818359375,1.1888888888888889,0.0902644669988206,0.9235230026789822,0.9235230026789822,0.9953775771876752,207.01624771599688,207.01624771599688,0.16311188324524545,0.2659289896409689,0.2047670840689682,0.4733690288997392,0.8494872529794142,5.892784569259517,4.991417219595722,0.8705656708403425,6.123874466144997,5.303013702133271
punish,2.0,4,0.018798828125,0.0224609375,0.00971360657425672,0.150390625,0.42715428701127345,1.0,0.873046875,1.0547945205479452,0.057481692828213145,0.9394823106682361,0.9394823106682361,0.9965988738446819,197.34817430631858,197.34817430631858,0.1182895194517726,0.16826352984366144,0.13177478489690758,0.3721294298858675,0.8850589304518336,6.356312140305995,5.542954291278063,0.8990506991124978,6.523894142761547,5.818990941725837
no_learning,2.0,5,0.013671875,0.013671875,0.00647778279366289,0.109375,0.33034960174790584,1.0,0.896484375,1.0566037735849056,0.021993314693829154,0.9540262381665074,0.9540262381665074,0.9993063797523398,251.54544884135498,251.54544884135498,0.08854449596504174,0.10853563479790994,0.09889306805464793,0.381980726323998,0.892448228676409,6.42498073524659,5.621989471144506,0.8986470916340029,6.507278015181993,5.790228473982725
encourage,2.0,5,0.011962890625,0.0107421875,0.0048275683430872044,0.095703125,0.3134689567807861,1.0,0.91015625,1.0425531914893618,0.021153375624010762,0.9586554301163178,0.9586554301163178,0.9992535385543203,268.08631351844963,268.08631351844963,0.07963008146561987,0.10813843132660489,0.10264775043838589,0.3936227791577078,0.9002775273843686,6.530149115997382,5.775504452505339,0.9076752202908481,6.630047979855968,5.985550221512657
punish,2.0,5,0.013427734375,0.0126953125,0.007654499710249454,0.107421875,0.322016949509625,1.0,0.896484375,1.0576923076923077,0.023831651577338,0.9524273409977413,0.9524273409977413,0.9992873814092532,246.9041694131864,246.9041694131864,0.09221050953836102,0.10502869369994694,0.0965327523514867,0.3691427145333054,0.8667603570749578,6.0950625651508865,5.309302311473521,0.8704072913357286,6.135056269550947,5.386705991693308
no_learning,2.0,6,0.02392578125,0.0234375,0.017407757294898327,0.19140625,0.48259185391067005,0.875,0.84765625,1.1264367816091954,0.08298751684072167,0.9194789240055321,0.9079759131491796,0.9937051856197234,90.49787064189573,103.42613787645224,0.1833224569880525,0.26044848713822233,0.21931650579381098,0.33780691729936707,0.8847676476117494,6.315331735880198,5.513702297924225,0.8911873114860467,6.390515721075693,5.689882720661829
encourage,2.0,6,0.0283203125,0.017578125,0.026690723376399314,0.2265625,0.5443580472389014,0.875,0.83203125,1.3181818181818181,0.0976478035976783,0.9125871957080253,0.900099652237743,0.9887801896889711,100.55405483618537,114.91891981278329,0.22291519310368862,0.3176254311688388,0.2711705006187119,0.46361413437104537,0.8483569611691956,5.892630500363831,4.981308533081495,0.8635356806858405,6.047353952128534,5.231306363097337
punish,2.0,6,0.0205078125,0.021484375,0.01188039556698871,0.1640625,0.48051638483380565,0.875,0.873046875,1.037037037037037,0.06238234112747036,0.9324291502216098,0.9227761716818396,0.9954727879987316,108.3695062927031,123.85086433451782,0.1457777665204412,0.18688808319597205,0.15487698321323234,0.3159756098618568,0.8721995853010471,6.1836632314525914,5.487157414635018,0.882612638681585,6.284804160368701,5.632385389340726
no_learning,2.0,7,0.02197265625,0.0205078125,0.010089833163951087,0.17578125,0.44673224883417306,1.0,0.84765625,1.0588235294117647,0.07271545375417904,0.9344747872744981,0.9344747872744981,0.9971129284990704,196.4597054320423,196.4597054320423,0.1195028969521579,0.1711711097046686,0.12912596590745198,0.33514894802760564,0.861457076142512,6.029029357739601,5.253955671064075,0.8569043897672746,5.994611202412614,5.132662948189619
encourage,2.0,7,0.02392578125,0.0185546875,0.015647871444298894,0.19140625,0.4127891682941033,1.0,0.81640625,1.1666666666666667,0.06577944408459714,0.9297854147777962,0.9297854147777962,0.9987858527731752,201.9060364347289,201.9060364347289,0.15791835458884096,0.22312332396413276,0.1620374012172786,0.429048879449079,0.8598364114200674,6.054269700154151,5.291587783938546,0.8594046187513311,6.022174345979129,5.206805292656365
punish,2.0,7,0.02392578125,0.0234375,0.010596940631938822,0.19140625,0.5252272341196118,1.0,0.845703125,1.053763440860215,0.07372073971059992,0.934507256673193,0.934507256673193,0.995683330210574,198.48688064962755,198.48688064962755,0.10919341967951707,0.14205394206285354,0.11950078271926029,0.3033394979041589,0.8705962224336022,6.157477748787003,5.313663055481232,0.8785824066814938,6.248406077340372,5.427987656393613
no_learning,2.0,8,0.018798828125,0.021484375,0.012388783648794213,0.150390625,0.4225571380442051,0.875,0.875,1.203125,0.05451657093875714,0.9402912056007583,0.931761377829438,0.9962807902583936,148.96513574471345,170.24586942252967,0.17957198799201235,0.2669603591751135,0.21596580632715634,0.3763862837609744,0.8998306471040332,6.529938926632012,5.834796575634252,0.9038950807858925,6.556629890945677,5.880000775058254
encourage,2.0,8,0.028076171875,0.02734375,0.022267712946921033,0.224609375,0.5540509937380398,0.875,0.830078125,1.3218390804597702,0.08035672056238802,0.9125063649925194,0.900007274277165,0.9914623269895746,113.57945947197481,129.80509653939978,0.27356916456849684,0.40131848523384567,0.30842327290893173,0.46614704618038294,0.881153825579488,6.2990928228661165,5.505945259744126,0.8883306918669671,6.369880357453696,5.626154560241484
punish,2.0,8,0.016357421875,0.017578125,0.010145798220302807,0.130859375,0.4103933466500272,0.875,0.89453125,1.098360655737705,0.04594573153970914,0.9499365722073152,0.9427846539512174,0.9972432030641557,178.19623705104996,203.65284234405706,0.15862030646773376,0.17966438566494297,0.17619313391510275,0.3659623845252115,0.8988415065298271,6.504375784765632,5.772122876878415,0.8986204582587551,6.493018183828664,5.806827698211137
no_learning,2.0,9,0.021728515625,0.0205078125,0.011406881236546549,0.173828125,0.41346784392378616,1.0,0.83984375,1.0853658536585367,0.0655294458413966,0.9295223194952736,0.9295223194952736,0.9980336172870784,144.58631820528106,144.58631820528106,0.1366499245760168,0.18349924082081265,0.16103568994469536,0.4199332716374553,0.8531323598131274,5.945599633478172,5.064254404460268,0.8681245091582706,6.111660052118568,5.353052089914168
encourage,2.0,9,0.022705078125,0.017578125,0.017899021360614234,0.181640625,0.4195128822212846,1.0,0.83203125,1.1625,0.06407914047764675,0.9255001467727113,0.9255001467727113,0.9977607791736096,149.57096377214305,149.57096377214305,0.17192419467681744,0.22772700288509345,0.18129264933265998,0.4802064297522499,0.8241955460186262,5.632978642870421,4.8080126301925805,0.8353014847527358,5.7317739371784935,4.984960677299023
punish,2.0,9,0.020263671875,0.01953125,0.009908019476417493,0.162109375,0.4182014174259927,1.0,0.857421875,1.0375,0.06337045812880186,0.9311745863219614,0.9311745863219614,0.9969664207261273,132.28370515772374,132.28370515772374,0.11338571184829035,0.13159759037359223,0.13391608098945643,0.39606242826592253,0.886541239389919,6.339506257550715,5.5343518058398775,0.8895016478250055,6.380116886783476,5.607673894718718
no_learning,2.43,0,0.004638671875,0.001953125,0.005253279978356937,0.037109375,0.23508194164399224,0.875,0.970703125,1.0,0.015480144892522089,0.983242531341326,0.9808486072472296,0.9992861319999932,331.13304871461884,378.4377699595644,0.10270574970002402,0.17291531622384995,0.14515638587732618,0.3333846769519655,0.8994030282055496,6.507844337177997,5.872643650754575,0.9042892528198263,6.5811317637756295,5.979040874415422
encourage,2.43,0,0.005126953125,0.001953125,0.006473180460724049,0.041015625,0.24262026606584078,0.875,0.966796875,1.05,0.024018301740463044,0.9815706419905974,0.9789378765606827,0.9992481724266623,327.3240559451258,374.08463536585805,0.11717519970138665,0.19064299336819163,0.1584363584016791,0.370206034979646,0.8811581271930558,6.295702519135636,5.635035154404067,0.8910747067985445,6.399276334973136,5.750333342990344
punish,2.43,0,0.0048828125,0.001953125,0.005859375,0.0390625,0.23888882580344775,0.875,0.96875,1.0,0.010772597700116572,0.9833938178131436,0.9810215060721641,0.9991944002651532,335.6357179561599,383.5836776641828,0.08401463689199413,0.15082281156746605,0.12848364359334147,0.318259561897563,0.9001467236319369,6.519001645596536,5.927319381587662,0.9020112509349946,6.556967118542974,5.971895143874349
no_learning,2.43,1,0.008056640625,0.0107421875,0.005475503293946729,0.064453125,0.26836108078060494,0.75,0.94140625,1.03125,0.02274079108130346,0.9661539741155153,0.9548719654873538,0.9993124632208582,148.3307238324357,197.7742984432476,0.10879814201339112,0.11208078061965569,0.14856949890716695,0.3513158254044144,0.874400619741885,6.186375268899777,5.464308848649427,0.8829198890793893,6.321488022673208,5.611985606243479
encourage,2.43,1,0.0078125,0.01171875,0.005074367600299445,0.0625,0.2651650429449553,0.75,0.943359375,1.032258064516129,0.02126869743874767,0.9712141464402866,0.9616188619203822,0.9996215452501158,167.24339429213802,222.99119238951735,0.12143970407542787,0.13513225286496386,0.14868967913338646,0.37170498886655023,0.8725962539177019,6.159690749577056,5.40713804214365,0.8851698945663151,6.338230584261362,5.61379120753152
punish,2.43,1,0.009033203125,0.0126953125,0.006324137620599911,0.072265625,0.287520963485029,0.75,0.935546875,1.0277777777777777,0.02417878776389607,0.9612361888531387,0.9483149184708516,0.9988403472911572,129.8099087683891,173.07987835785215,0.10463572302350843,0.11382775785515203,0.15191301024779166,0.34312653360067447,0.8732402144711106,6.171569494769498,5.445304153208005,0.8797535295797432,6.282144487696036,5.563460522183439
no_learning,2.43,2,0.005126953125,0.00390625,0.0033740905666712045,0.041015625,0.19832635605450774,1.0,0.958984375,1.05,0.00998535596355285,0.986000458197696,0.986000458197696,1.0,399.3784809445802,399.3784809445802,0.09972834261041155,0.1060006295646237,0.10408655581927528,0.3678558992000701,0.8608087849158435,6.036047780616844,5.159506036889731,0.8783309748424382,6.241163721894184,5.468286449338152
encourage,2.43,2,0.004638671875,0.00390625,0.0030784961457320536,0.037109375,0.18902981057788049,1.0,0.962890625,1.0555555555555556,0.010841519251856366,0.9853657285295851,0.9853657285295851,1.0,394.4125197926081,394.4125197926081,0.10177314993686776,0.10843787015685868,0.10611833317451268,0.3730597508507201,0.8546812211469064,5.962852854268748,5.129722223931915,0.8705174552164482,6.151715566620753,5.425669888405602
punish,2.43,2,0.005126953125,0.00390625,0.0033740905666712045,0.041015625,0.19832635605450774,1.0,0.958984375,1.05,0.009197207136968357,0.9857638625390828,0.9857638625390828,1.0,391.92619192832416,391.92619192832416,0.0982302776097798,0.0887414958850575,0.10633643848721332,0.3627513868976494,0.8594717691347413,6.037526092012053,5.167890605353806,0.8780875608424752,6.240299222964511,5.472768668890971
no_learning,2.43,3,0.00537109375,0.0078125,0.0047591769261762515,0.04296875,0.21219963836782924,0.75,0.958984375,1.0,0.011563900545032695,0.9849606134331859,0.9799474845775812,0.9999718956656352,207.33526368518318,276.4470182469109,0.10898436614120414,0.1491885487096844,0.1435692574539069,0.39865431182173505,0.8683421168510053,6.107996151663319,5.236479543750497,0.872637347970775,6.16395689899332,5.351842437925228
encourage,2.43,3,0.006103515625,0.0087890625,0.005561907104440682,0.048828125,0.22438847833385825,0.75,0.953125,1.0869565217391304,0.01627807675997193,0.9826592255585644,0.9768789674114192,0.9999490782381066,211.2600443193923,281.6800590925231,0.12390133588464643,0.15832184296393467,0.15838818873702895,0.41602333702816474,0.8577766465078082,5.98111401933696,5.112560873170547,0.8663521092468038,6.089496352846151,5.3035732557271675
punish,2.43,3,0.005126953125,0.0078125,0.004360490991086853,0.041015625,0.19832635605450774,0.75,0.958984375,1.0,0.00987958137203784,0.9844520756112201,0.9792694341482934,1.0,209.80888875662913,279.7451850088388,0.09910302366836966,0.12749645446476035,0.1290864848362576,0.38693907691465845,0.8746598657546762,6.189102605169091,5.317317459645809,0.8760578669994825,6.200768844794277,5.35620428791106
no_learning,2.43,4,0.006103515625,0.0078125,0.006054490609197874,0.048828125,0.2716388948751345,0.75,0.962890625,1.0416666666666667,0.02505535938332946,0.980862452339981,0.9744832697866413,0.998189354940265,268.82389076727605,358.4318543563681,0.09365130293013756,0.11869239718312219,0.10219318660774553,0.3790602964953185,0.8872815258196018,6.345833385737031,5.515753908023148,0.8988672351677156,6.495703090997843,5.742376573395396
encourage,2.43,4,0.00634765625,0.0087890625,0.006309984366855511,0.05078125,0.28187322442622587,0.75,0.962890625,1.04,0.028335501337994565,0.9799993165090195,0.973332422012026,0.9982107496768807,266.2241091564189,354.9654788752252,0.09118038665116718,0.12470118322512018,0.11061783859509645,0.3828027538023947,0.8711196135073054,6.136209019661327,5.357090794236367,0.8843864618527368,6.315268152628983,5.607162591139078
punish,2.43,4,0.006103515625,0.0078125,0.005387713986990701,0.048828125,0.26435097731800494,0.75,0.9609375,1.0,0.020027056088855757,0.9815620482636209,0.9754160643514945,0.9985962909092452,270.79820891073285,361.0642785476438,0.08962836878169096,0.11459140345014977,0.09921339220988641,0.38373644164547877,0.8838430771336538,6.304014644903049,5.452967543325657,0.8955549318018765,6.454676467245963,5.706574463708432
no_learning,2.43,5,0.0009765625,0.001953125,0.0009765625,0.0078125,0.08804240366863003,0.5,0.9921875,1.0,0.002944084431260035,1.0,1.0,1.0,191.43669774771985,382.8733954954397,0.07430001864823263,0.04735563349654047,0.06562453777818258,0.381980726323998,0.892448228676409,6.42498073524659,5.621989471144506,0.8986470916340029,6.507278015181993,5.790228473982725
encourage,2.43,5,0.000732421875,0.001953125,0.0009455525747576702,0.005859375,0.07632196751007782,0.375,0.994140625,1.0,0.003390855353665628,1.0,1.0,1.0,191.25073385517933,510.0019569471449,0.06458089734318101,0.04667150180617775,0.06415231238242573,0.38211506929586475,0.8945057431137744,6.453165133911341,5.655276424152758,0.9015543142181056,6.547045070746904,5.847453554871756
punish,2.43,5,0.0009765625,0.001953125,0.0009765625,0.0078125,0.08804240366863003,0.5,0.9921875,1.0,0.0025691061479556337,1.0,1.0,1.0,193.74885263487104,387.4977052697421,0.07430001864823263,0.04735563349654047,0.06562453777818258,0.38172200379172755,0.8898896783679284,6.390922552152633,5.586305512858693,0.8952555670660252,6.461134501127126,5.7287719340267635
no_learning,2.43,6,0.00927734375,0.013671875,0.009898991666363913,0.07421875,0.30355860578879573,0.625,0.9375,1.1515151515151516,0.027901179047100735,0.9625367379673087,0.9400587807476939,0.9984149783354368,114.86608954694046,183.78574327510472,0.15187955077720044,0.26454506383990056,0.18537690943368806,0.33780691729936707,0.8847676476117494,6.315331735880198,5.513702297924225,0.8911873114860467,6.390515721075693,5.689882720661829
encourage,2.43,6,0.010986328125,0.01171875,0.012879430360458964,0.087890625,0.33379014820259356,0.625,0.927734375,1.1538461538461537,0.03116876469460653,0.9605658309432903,0.9369053295092644,0.9974139612262156,126.28831221980955,202.06129955169527,0.17220217618366,0.2852184837481778,0.20131480532740728,0.3810706303983902,0.8774832486119737,6.215120198882448,5.31938935595514,0.8854589963566206,6.323315518396581,5.600285308822898
punish,2.43,6,0.0078125,0.01171875,0.00834375365753665,0.0625,0.2576941016011038,0.625,0.94140625,1.1428571428571428,0.021805435210070025,0.9699517527208148,0.9519228043533035,0.9995448160169442,121.94726420040622,195.11562272064998,0.12370435657618169,0.1648946301532811,0.14114973743403902,0.31839900169764485,0.8741963748483359,6.190720760040158,5.49074711693334,0.8812355996331074,6.253860080830577,5.590834664886898
no_learning,2.43,7,0.0087890625,0.0078125,0.007042092334890604,0.0703125,0.27764618193620094,0.875,0.935546875,1.0588235294117647,0.025404931667305203,0.975139565551046,0.9715880749154812,0.99950979133748,298.3294045713342,340.94789093866757,0.09687920678463847,0.10397456145342553,0.08925324996019875,0.33514894802760564,0.861457076142512,6.029029357739601,5.253955671064075,0.8569043897672746,5.994611202412614,5.132662948189619
encourage,2.43,7,0.007568359375,0.005859375,0.006054490609197874,0.060546875,0.26191544614194556,0.875,0.9453125,1.0689655172413792,0.024638015502022055,0.9773517135526218,0.9741162440601393,0.9991715277641875,299.15429935415574,341.8906278333208,0.10891059612533319,0.11686639340555169,0.09303710571365897,0.35467023095909267,0.8542631850330261,5.958703884590644,5.234392887386855,0.8525401653259281,5.964764059002992,5.133581149485405
punish,2.43,7,0.00830078125,0.0078125,0.007025143832977617,0.06640625,0.278606281266122,0.875,0.94140625,1.0625,0.023802648642295643,0.975066623183386,0.971504712209584,0.9991032520541013,290.9882637623011,332.55801572834406,0.08826736987946256,0.09929058032417112,0.08841750960392784,0.31853820666294536,0.875214290934174,6.200507915592818,5.420468645789152,0.874602343627692,6.189958885243529,5.314201591484322
no_learning,2.43,8,0.005615234375,0.009765625,0.006796587356970241,0.044921875,0.21635653479034178,0.625,0.95703125,1.0,0.01786642744671233,0.9845598579154242,0.9752957726646787,0.9999489280743261,154.3982727467827,247.03723639485233,0.11304711217758875,0.12047887893743577,0.12806730093087643,0.3763862837609744,0.8998306471040332,6.529938926632012,5.834796575634252,0.9038950807858925,6.556629890945677,5.880000775058254
encourage,2.43,8,0.006103515625,0.0078125,0.008311545180932228,0.048828125,0.21550855947962805,0.625,0.951171875,1.1904761904761905,0.020890383208691986,0.9799577489844443,0.9679323983751109,1.0,172.67234552572796,276.2757528411648,0.1333678431441348,0.1486635282747642,0.15563916472547082,0.38509626377767386,0.9052260105214223,6.596622434484835,5.875482355912809,0.9094604747648025,6.633162923079116,5.916956851270247
punish,2.43,8,0.005126953125,0.0107421875,0.0066188680233036905,0.041015625,0.20794132226630516,0.5,0.9609375,1.0,0.016486799131991782,0.9846704740281966,0.9693409480563933,0.9999172766884754,162.98530518559772,325.97061037119545,0.11978598395931712,0.11807080604074183,0.12883227849706533,0.37500179911724635,0.8979003944670476,6.505689374753845,5.782054022528122,0.901028235909278,6.515772486375128,5.828220926599386
no_learning,2.43,9,0.006591796875,0.009765625,0.005604609513305174,0.052734375,0.23207694993979772,0.625,0.94921875,1.0384615384615385,0.02222084576915886,0.9762092033765764,0.9619347254025221,0.999561244093403,153.87019063037437,246.192305008599,0.10225503485933207,0.09874374436292675,0.10767317936792216,0.4199332716374553,0.8531323598131274,5.945599633478172,5.064254404460268,0.8681245091582706,6.111660052118568,5.353052089914168
encourage,2.43,9,0.00634765625,0.009765625,0.005502650229289377,0.05078125,0.22827344271385908,0.625,0.951171875,1.04,0.023314543426681867,0.9780166438700082,0.964826630192013,0.9995646056709822,165.60025122662216,264.9604019625954,0.09776669614184194,0.11648406098445671,0.11404302342011677,0.4333125793640716,0.8247418171354777,5.648624475468279,4.852774200973596,0.8453579427977894,5.855453053380305,5.1802489519796096
punish,2.43,9,0.00634765625,0.009765625,0.005236233054083793,0.05078125,0.22827344271385908,0.625,0.951171875,1.04,0.02087775919170081,0.9739455270756607,0.9583128433210574,0.9995575594368966,139.6775173634059,223.48402778144947,0.09871544552765854,0.10774774774823212,0.1126379954863987,0.4114255312352728,0.8719982841075437,6.1605519781912665,5.28526881013112,0.8807438145888504,6.265125586759764,5.4917919897239855
